gid,role,role_score,cluster_id,priority_score,evidence,peripheral_reason,in_deg,out_deg,in_kzt,out_kzt,in_tx,out_tx,pagerank,betweenness,pass_through,depth,is_seed,truncated_by_depth,hub_targets,matched_out_2d_share,distinct_counterparties
100000000011452100,consolidator,0.5,0,0.609833,"in_deg=3>=2*out_deg(1); in_kzt=110000>=100000, out_kzt=16685, out/in=0.15",not_peripheral,3,1,110000,16685,7,2,0.000483,3e-06,0.151682,1,False,False,0,0.151682,3
100000000018102100,peripheral,0.0,0,0.046828,"depth=4 cutoff; in_deg=1, in_kzt=7000, out_deg=0; onward transfers unobserved",censored_depth4,1,0,7000,0,1,0,0.000322,0.0,0.0,4,False,True,0,0.0,1
100000000031787100,transit,1.0,1,0.425478,"out/in=1.00 in [0.8,1.2]; in_kzt=90000, out_kzt=90000, matched_2d=0.44",not_peripheral,1,2,90000,90000,2,4,0.000433,0.0,1.0,2,False,False,0,0.444444,2
100000000041368100,peripheral,0.0,2,0.056046,"in_deg=1, out_deg=0, in_kzt=160000<500000, in_tx=1, depth=1<4",single_edge_leaf,1,0,160000,0,1,0,0.000319,0.0,0.0,1,False,False,0,0.0,1
100000000076451100,peripheral,0.0,3,0.069853,"no rule: b=0.000099<0.002, in_deg=3, out_deg=4, in_kzt=87707, out_kzt=58000, out/in=0.66, depth=2, seed=0",below_thresholds,3,4,87707,58000,4,4,0.001401,9.9e-05,0.661293,2,False,False,0,0.111111,5
100000000089154100,peripheral,0.0,0,0.070197,"no rule: b=0.000111<0.002, in_deg=1, out_deg=15, in_kzt=10000, out_kzt=425500, out/in=42.55, depth=1, seed=0",below_thresholds,1,15,10000,425500,1,21,0.000289,0.000111,42.55,1,False,False,5,1.0,15
100000000190228100,peripheral,0.0,4,0.055848,"no rule: b=0.000022<0.002, in_deg=1, out_deg=1, in_kzt=5000, out_kzt=28560, out/in=5.71, depth=2, seed=0",below_thresholds,1,1,5000,28560,1,1,0.000585,2.2e-05,5.712,2,False,False,0,-1.0,2
100000000201868100,transit,1.0,5,0.456555,"out/in=1.00 in [0.8,1.2]; in_kzt=190000, out_kzt=190000, matched_2d=1.00",not_peripheral,1,1,190000,190000,1,1,0.000979,0.0,1.0,2,False,False,0,1.0,1
100000000254336100,peripheral,0.0,0,0.056471,"no rule: b=0.000020<0.002, in_deg=2, out_deg=1, in_kzt=97177, out_kzt=60000, out/in=0.62, depth=3, seed=0",below_thresholds,2,1,97177,60000,2,1,0.000293,2e-05,0.61743,3,False,False,0,0.61743,3
100000000267734100,peripheral,0.0,1,0.06826,"no rule: b=0.000004<0.002, in_deg=2, out_deg=7, in_kzt=180000, out_kzt=282000, out/in=1.57, depth=1, seed=0",below_thresholds,2,7,180000,282000,4,8,0.00054,4e-06,1.566667,1,False,False,0,0.222222,8
100000000274067100,peripheral,0.0,1,0.068274,"no rule: b=0.000001<0.002, in_deg=2, out_deg=3, in_kzt=517704, out_kzt=2969000, out/in=5.73, depth=1, seed=0",below_thresholds,2,3,517704,2969000,9,9,0.000415,1e-06,5.734937,1,False,False,0,0.430176,4
100000000287768100,peripheral,0.0,0,0.050252,"in_deg=1, out_deg=0, in_kzt=35168<500000, in_tx=1, depth=3<4",single_edge_leaf,1,0,35168,0,1,0,0.00029,0.0,0.0,3,False,False,0,0.0,1
100000000288317100,peripheral,0.0,0,0.059158,"no rule: b=0.000059<0.002, in_deg=2, out_deg=3, in_kzt=100000, out_kzt=53500, out/in=0.54, depth=3, seed=0",below_thresholds,2,3,100000,53500,2,3,0.000314,5.9e-05,0.535,3,False,False,0,0.33,5
100000000291906100,transit,0.562796,6,0.485958,"out/in=1.17 in [0.8,1.2]; in_kzt=388000, out_kzt=455854, matched_2d=0.43",not_peripheral,2,2,388000,455854,3,6,0.000766,7.9e-05,1.174881,2,False,False,0,0.433902,3
100000000291908100,peripheral,0.0,6,0.060841,"no rule: b=0.000020<0.002, in_deg=1, out_deg=1, in_kzt=295500, out_kzt=13300, out/in=0.05, depth=3, seed=0",below_thresholds,1,1,295500,13300,5,1,0.00071,2e-05,0.045008,3,False,False,0,0.0,2
100000000297649100,peripheral,0.0,7,0.057344,"no rule: b=0.000000<0.002, in_deg=1, out_deg=1, in_kzt=40000, out_kzt=70600, out/in=1.76, depth=2, seed=0",below_thresholds,1,1,40000,70600,1,2,0.000813,0.0,1.765,2,False,False,0,0.0,1
100000000299820100,peripheral,0.0,8,0.048753,"depth=4 cutoff; in_deg=1, in_kzt=10000, out_deg=0; onward transfers unobserved",censored_depth4,1,0,10000,0,1,0,0.000452,0.0,0.0,4,False,True,0,0.0,1
100000000307908100,peripheral,0.0,9,0.047266,"in_deg=1, out_deg=0, in_kzt=5000<500000, in_tx=1, depth=2<4",single_edge_leaf,1,0,5000,0,1,0,0.000298,0.0,0.0,2,False,False,0,0.0,1
100000000331309100,coordinator,1.0,10,0.815239,"directed betweenness=0.004635>=0.002; in_deg=5, out_deg=99, hub_targets=1",not_peripheral,5,99,984635,23001375,8,126,0.000879,0.004635,23.360306,2,False,False,1,1.0,104
100000000332284100,consolidator,0.53713,10,0.709792,"in_deg=10>=2*out_deg(3); in_kzt=107426>=100000, out_kzt=289500, out/in=2.69",not_peripheral,10,3,107426,289500,12,3,0.00072,0.000111,2.694878,2,False,False,0,0.105364,13
100000000343175100,distributor,1.0,11,0.823415,"out_deg=31>=10, out_kzt=4000039>=500000; out_tx=33, seed=1",not_peripheral,8,31,178712,4000039,14,33,0.000717,0.001113,22.382599,0,True,False,0,0.969224,31
100000000369781100,peripheral,0.0,10,0.04814,"depth=4 cutoff; in_deg=1, in_kzt=5000, out_deg=0; onward transfers unobserved",censored_depth4,1,0,5000,0,1,0,0.000535,0.0,0.0,4,False,True,0,0.0,1
100000000375150100,peripheral,0.0,12,0.05831,"depth=4 cutoff; in_deg=1, in_kzt=300000, out_deg=0; onward transfers unobserved",censored_depth4,1,0,300000,0,1,0,0.000749,0.0,0.0,4,False,True,0,0.0,1
100000000404740100,peripheral,0.0,13,0.05159,"depth=4 cutoff; in_deg=1, in_kzt=25000, out_deg=0; onward transfers unobserved",censored_depth4,1,0,25000,0,1,0,0.00056,0.0,0.0,4,False,True,0,0.0,1
100000000408846100,peripheral,0.0,14,0.0506,"in_deg=1, out_deg=0, in_kzt=40500<500000, in_tx=1, depth=3<4",single_edge_leaf,1,0,40500,0,1,0,0.000297,0.0,0.0,3,False,False,0,0.0,1
100000000413678100,peripheral,0.0,8,0.062366,"no rule: b=0.000059<0.002, in_deg=2, out_deg=3, in_kzt=306500, out_kzt=528198, out/in=1.72, depth=3, seed=0",below_thresholds,2,3,306500,528198,2,18,0.000302,5.9e-05,1.723321,3,False,False,0,0.254483,5
100000000424935100,peripheral,0.0,15,0.048171,"depth=4 cutoff; in_deg=1, in_kzt=15000, out_deg=0; onward transfers unobserved",censored_depth4,1,0,15000,0,1,0,0.000303,0.0,0.0,4,False,True,0,0.0,1
100000000425407100,peripheral,0.0,2,0.050113,"in_deg=1, out_deg=0, in_kzt=20000<500000, in_tx=1, depth=2<4",single_edge_leaf,1,0,20000,0,1,0,0.000306,0.0,0.0,2,False,False,0,0.0,1
100000000437046100,coordinator,0.558698,0,0.807464,"directed betweenness=0.002235>=0.002; in_deg=9, out_deg=42, hub_targets=3",not_peripheral,9,42,1107200,7606224,20,73,0.000796,0.002235,6.869783,2,False,False,3,0.896286,48
100000000440392100,peripheral,0.0,5,0.055026,"in_deg=1, out_deg=0, in_kzt=105705<500000, in_tx=4, depth=1<4",single_edge_leaf,1,0,105705,0,4,0,0.000298,0.0,0.0,1,False,False,0,0.0,1
100000000456947100,peripheral,0.0,16,0.03,"in_deg=0, out_deg=0, in_kzt=0, out_kzt=0; seed=1; no observed edge",isolate,0,0,0,0,0,0,0.0,0.0,-1.0,0,True,False,0,-1.0,0
100000000470237100,peripheral,0.0,15,0.052366,"depth=4 cutoff; in_deg=1, in_kzt=32500, out_deg=0; onward transfers unobserved",censored_depth4,1,0,32500,0,1,0,0.000587,0.0,0.0,4,False,True,0,-1.0,1
100000000481716100,peripheral,0.0,17,0.048125,"in_deg=1, out_deg=0, in_kzt=8000<500000, in_tx=1, depth=3<4",single_edge_leaf,1,0,8000,0,1,0,0.000379,0.0,0.0,3,False,False,0,0.0,1
100000000489417100,transit,0.77906,12,0.455146,"out/in=1.09 in [0.8,1.2]; in_kzt=73504, out_kzt=80000, matched_2d=0.27",not_peripheral,3,1,73504,80000,3,1,0.000554,1.4e-05,1.088376,2,False,False,0,0.272094,4
100000000490383100,peripheral,0.0,5,0.069403,"no rule: b=0.000053<0.002, in_deg=3, out_deg=8, in_kzt=62600, out_kzt=461375, out/in=7.37, depth=2, seed=0",below_thresholds,3,8,62600,461375,3,9,0.00055,5.3e-05,7.370208,2,False,False,0,0.079872,11
100000000500040100,peripheral,0.0,0,0.048788,"depth=4 cutoff; in_deg=1, in_kzt=20000, out_deg=0; onward transfers unobserved",censored_depth4,1,0,20000,0,1,0,0.000307,0.0,0.0,4,False,True,0,0.0,1
100000000507799100,peripheral,0.0,18,0.052207,"no rule: b=0.000117<0.002, in_deg=1, out_deg=1, in_kzt=5132, out_kzt=8000, out/in=1.56, depth=1, seed=0",below_thresholds,1,1,5132,8000,1,1,0.000287,0.000117,1.558846,1,False,False,0,0.0,2
100000000533217100,peripheral,0.0,0,0.055338,"in_deg=1, out_deg=0, in_kzt=53587<500000, in_tx=1, depth=2<4",single_edge_leaf,1,0,53587,0,1,0,0.000656,0.0,0.0,2,False,False,0,0.0,1
100000000534581100,peripheral,0.0,8,0.055431,"no rule: b=0.000020<0.002, in_deg=2, out_deg=1, in_kzt=55960, out_kzt=40000, out/in=0.71, depth=3, seed=0",below_thresholds,2,1,55960,40000,2,1,0.0003,2e-05,0.714796,3,False,False,0,0.0,3
100000000542087100,peripheral,0.0,19,0.046899,"depth=4 cutoff; in_deg=1, in_kzt=8507, out_deg=0; onward transfers unobserved",censored_depth4,1,0,8507,0,1,0,0.000288,0.0,0.0,4,False,True,0,0.0,1
100000000552584100,peripheral,0.0,20,0.071016,"no rule: b=0.000000<0.002, in_deg=1, out_deg=1, in_kzt=2500000, out_kzt=57500, out/in=0.02, depth=3, seed=0",below_thresholds,1,1,2500000,57500,3,1,0.001344,0.0,0.023,3,False,False,0,0.0,2
100000000555721100,peripheral,0.0,0,0.057697,"no rule: b=0.000000<0.002, in_deg=2, out_deg=0, in_kzt=113000, out_kzt=0, out/in=0.00, depth=1, seed=0",below_thresholds,2,0,113000,0,3,0,0.000309,0.0,0.0,1,False,False,0,0.0,2
100000000557536100,peripheral,0.0,19,0.0528,"depth=4 cutoff; in_deg=1, in_kzt=153000, out_deg=0; onward transfers unobserved",censored_depth4,1,0,153000,0,7,0,0.000302,0.0,0.0,4,False,True,0,0.0,1
100000000560751100,peripheral,0.0,12,0.052038,"in_deg=1, out_deg=0, in_kzt=25000<500000, in_tx=1, depth=3<4",single_edge_leaf,1,0,25000,0,1,0,0.000555,0.0,0.0,3,False,False,0,0.0,1
100000000561160100,peripheral,0.0,2,0.054965,"depth=4 cutoff; in_deg=1, in_kzt=240000, out_deg=0; onward transfers unobserved",censored_depth4,1,0,240000,0,1,0,0.000438,0.0,0.0,4,False,True,0,-1.0,1
100000000569479100,peripheral,0.0,0,0.055653,"in_deg=1, out_deg=0, in_kzt=320000<500000, in_tx=1, depth=3<4",single_edge_leaf,1,0,320000,0,1,0,0.000397,0.0,0.0,3,False,False,0,-1.0,1
100000000572276100,peripheral,0.0,21,0.05264,"no rule: b=0.000001<0.002, in_deg=1, out_deg=1, in_kzt=13075, out_kzt=34547, out/in=2.64, depth=3, seed=0",below_thresholds,1,1,13075,34547,1,1,0.000289,1e-06,2.642218,3,False,False,0,0.0,2
100000000580561100,peripheral,0.0,22,0.074495,"no rule: b=0.000001<0.002, in_deg=2, out_deg=3, in_kzt=27980, out_kzt=1488077, out/in=53.18, depth=0, seed=1",below_thresholds,2,3,27980,1488077,3,13,0.000838,1e-06,53.183595,0,True,False,0,0.846319,3
100000000581662100,peripheral,0.0,23,0.048872,"depth=4 cutoff; in_deg=1, in_kzt=21160, out_deg=0; onward transfers unobserved",censored_depth4,1,0,21160,0,1,0,0.000304,0.0,0.0,4,False,True,0,0.0,1
100000000581682100,peripheral,0.0,15,0.04588,"depth=4 cutoff; in_deg=1, in_kzt=5000, out_deg=0; onward transfers unobserved",censored_depth4,1,0,5000,0,1,0,0.000292,0.0,0.0,4,False,True,0,0.0,1
100000000583220100,peripheral,0.0,24,0.058911,"no rule: b=0.000020<0.002, in_deg=1, out_deg=1, in_kzt=5000, out_kzt=761255, out/in=152.25, depth=3, seed=0",below_thresholds,1,1,5000,761255,1,4,0.000299,2e-05,152.251,3,False,False,0,1.0,2
100000000594783100,peripheral,0.0,20,0.071653,"no rule: b=0.000000<0.002, in_deg=1, out_deg=2, in_kzt=2635000, out_kzt=152500, out/in=0.06, depth=3, seed=0",below_thresholds,1,2,2635000,152500,10,2,0.001401,0.0,0.057875,3,False,False,0,0.057875,2
100000000596954100,peripheral,0.0,2,0.059818,"no rule: b=0.000049<0.002, in_deg=1, out_deg=2, in_kzt=120000, out_kzt=48100, out/in=0.40, depth=2, seed=0",below_thresholds,1,2,120000,48100,1,2,0.000518,4.9e-05,0.400833,2,False,False,0,0.400833,3
100000000600707100,peripheral,0.0,25,0.054238,"depth=4 cutoff; in_deg=1, in_kzt=89000, out_deg=0; onward transfers unobserved",censored_depth4,1,0,89000,0,2,0,0.000573,0.0,0.0,4,False,True,0,0.0,1
100000000607731100,peripheral,0.0,26,0.056732,"no rule: b=0.000001<0.002, in_deg=1, out_deg=1, in_kzt=20000, out_kzt=66666, out/in=3.33, depth=1, seed=0",below_thresholds,1,1,20000,66666,1,1,0.000319,1e-06,3.3333,1,False,False,0,0.0,2
100000000607941100,peripheral,0.0,5,0.057603,"no rule: b=0.000059<0.002, in_deg=2, out_deg=1, in_kzt=50000, out_kzt=70000, out/in=1.40, depth=2, seed=0",below_thresholds,2,1,50000,70000,3,4,0.000581,5.9e-05,1.4,2,False,False,0,0.4,2
100000000608031100,peripheral,0.0,27,0.051773,"depth=4 cutoff; in_deg=1, in_kzt=30000, out_deg=0; onward transfers unobserved",censored_depth4,1,0,30000,0,1,0,0.000541,0.0,0.0,4,False,True,0,0.0,1
100000000611474100,peripheral,0.0,28,0.052935,"in_deg=1, out_deg=0, in_kzt=32000<500000, in_tx=1, depth=3<4",single_edge_leaf,1,0,32000,0,1,0,0.000598,0.0,0.0,3,False,False,0,0.0,1
100000000625169100,peripheral,0.0,21,0.048579,"in_deg=1, out_deg=0, in_kzt=10000<500000, in_tx=1, depth=2<4",single_edge_leaf,1,0,10000,0,1,0,0.00029,0.0,0.0,2,False,False,0,0.0,1
100000000627521100,peripheral,0.0,29,0.046359,"depth=4 cutoff; in_deg=1, in_kzt=6500, out_deg=0; onward transfers unobserved",censored_depth4,1,0,6500,0,1,0,0.000287,0.0,0.0,4,False,True,0,0.0,1
100000000629812100,peripheral,0.0,30,0.05267,"no rule: b=0.000000<0.002, in_deg=2, out_deg=0, in_kzt=22000, out_kzt=0, out/in=0.00, depth=2, seed=0",below_thresholds,2,0,22000,0,2,0,0.000299,0.0,0.0,2,False,False,0,0.0,2
100000000634341100,peripheral,0.0,0,0.05148,"depth=4 cutoff; in_deg=1, in_kzt=24000, out_deg=0; onward transfers unobserved",censored_depth4,1,0,24000,0,2,0,0.000557,0.0,0.0,4,False,True,0,0.0,1
100000000640800100,peripheral,0.0,8,0.062351,"no rule: b=0.000148<0.002, in_deg=1, out_deg=4, in_kzt=80000, out_kzt=518135, out/in=6.48, depth=3, seed=0",below_thresholds,1,4,80000,518135,1,6,0.000305,0.000148,6.476688,3,False,False,1,0.2014,5
100000000646541100,peripheral,0.0,0,0.05662,"no rule: b=0.000000<0.002, in_deg=3, out_deg=0, in_kzt=25300, out_kzt=0, out/in=0.00, depth=2, seed=0",below_thresholds,3,0,25300,0,4,0,0.000508,0.0,0.0,2,False,False,0,0.0,3
100000000655469100,peripheral,0.0,31,0.049157,"depth=4 cutoff; in_deg=1, in_kzt=20000, out_deg=0; onward transfers unobserved",censored_depth4,1,0,20000,0,2,0,0.000347,0.0,0.0,4,False,True,0,0.0,1
100000000656682100,transit,0.683099,0,0.420458,"out/in=1.13 in [0.8,1.2]; in_kzt=71000, out_kzt=80000, matched_2d=0.00",not_peripheral,1,2,71000,80000,1,3,0.000291,3.9e-05,1.126761,3,False,False,0,0.0,3
100000000661131100,peripheral,0.0,21,0.048624,"in_deg=1, out_deg=0, in_kzt=15600<500000, in_tx=1, depth=3<4",single_edge_leaf,1,0,15600,0,1,0,0.000289,0.0,0.0,3,False,False,0,0.0,1
100000000661912100,consolidator,0.625,8,0.790418,"in_deg=5>=2*out_deg(2); in_kzt=393036>=100000, out_kzt=430700, out/in=1.10",not_peripheral,5,2,393036,430700,9,8,0.001768,0.001357,1.095828,1,False,False,0,0.69502,6
100000000667713100,peripheral,0.0,5,0.063808,"no rule: b=0.000142<0.002, in_deg=2, out_deg=6, in_kzt=119495, out_kzt=79236, out/in=0.66, depth=1, seed=0",below_thresholds,2,6,119495,79236,10,7,0.000322,0.000142,0.663091,1,False,False,1,0.313402,7
100000000673868100,peripheral,0.0,32,0.073209,"no rule: b=0.000042<0.002, in_deg=1, out_deg=5, in_kzt=2030650, out_kzt=383000, out/in=0.19, depth=3, seed=0",below_thresholds,1,5,2030650,383000,5,19,0.001178,4.2e-05,0.18861,3,False,False,0,0.143796,5
100000000673915100,peripheral,0.0,19,0.048635,"depth=4 cutoff; in_deg=1, in_kzt=20200, out_deg=0; onward transfers unobserved",censored_depth4,1,0,20200,0,1,0,0.000289,0.0,0.0,4,False,True,0,0.0,1
100000000703894100,peripheral,0.0,26,0.059399,"no rule: b=0.000001<0.002, in_deg=1, out_deg=1, in_kzt=120000, out_kzt=35000, out/in=0.29, depth=1, seed=0",below_thresholds,1,1,120000,35000,1,1,0.000479,1e-06,0.291667,1,False,False,0,0.0,2
100000000703902100,peripheral,0.0,21,0.052132,"in_deg=1, out_deg=0, in_kzt=25499<500000, in_tx=1, depth=1<4",single_edge_leaf,1,0,25499,0,1,0,0.000292,0.0,0.0,1,False,False,0,0.0,1
100000000704700100,peripheral,0.0,33,0.04953,"depth=4 cutoff; in_deg=1, in_kzt=10000, out_deg=0; onward transfers unobserved",censored_depth4,1,0,10000,0,1,0,0.000536,0.0,0.0,4,False,True,0,0.0,1
100000000706545100,consolidator,0.5,5,0.810282,"in_deg=3>=2*out_deg(1); in_kzt=1070300>=100000, out_kzt=75800, out/in=0.07",not_peripheral,3,1,1070300,75800,8,3,0.003278,2e-05,0.070821,1,False,False,0,0.0,3
100000000718427100,peripheral,0.0,21,0.047547,"in_deg=1, out_deg=0, in_kzt=6000<500000, in_tx=1, depth=2<4",single_edge_leaf,1,0,6000,0,1,0,0.000289,0.0,0.0,2,False,False,0,0.0,1
100000000723383100,peripheral,0.0,31,0.057698,"no rule: b=0.000243<0.002, in_deg=1, out_deg=2, in_kzt=6800, out_kzt=75000, out/in=11.03, depth=2, seed=0",below_thresholds,1,2,6800,75000,1,2,0.000391,0.000243,11.029412,2,False,False,0,0.0,3
100000000724540100,peripheral,0.0,34,0.055801,"no rule: b=0.000020<0.002, in_deg=1, out_deg=1, in_kzt=50000, out_kzt=100000, out/in=2.00, depth=2, seed=0",below_thresholds,1,1,50000,100000,1,1,0.000311,2e-05,2.0,2,False,False,0,0.0,2
100000000733373100,peripheral,0.0,5,0.048873,"in_deg=1, out_deg=0, in_kzt=10710<500000, in_tx=1, depth=2<4",single_edge_leaf,1,0,10710,0,1,0,0.000307,0.0,0.0,2,False,False,0,0.0,1
100000000733451100,peripheral,0.0,12,0.059325,"no rule: b=0.000025<0.002, in_deg=1, out_deg=1, in_kzt=70000, out_kzt=300000, out/in=4.29, depth=3, seed=0",below_thresholds,1,1,70000,300000,2,1,0.000544,2.5e-05,4.285714,3,False,False,0,0.0,2
100000000733940100,peripheral,0.0,35,0.05701,"depth=4 cutoff; in_deg=1, in_kzt=752000, out_deg=0; onward transfers unobserved",censored_depth4,1,0,752000,0,2,0,0.000413,0.0,0.0,4,False,True,0,0.0,1
100000000737152100,peripheral,0.0,0,0.050265,"depth=4 cutoff; in_deg=1, in_kzt=35000, out_deg=0; onward transfers unobserved",censored_depth4,1,0,35000,0,1,0,0.000346,0.0,0.0,4,False,True,0,0.0,1
100000000749118100,peripheral,0.0,0,0.051152,"no rule: b=0.000020<0.002, in_deg=1, out_deg=1, in_kzt=10330, out_kzt=16500, out/in=1.60, depth=3, seed=0",below_thresholds,1,1,10330,16500,1,1,0.000287,2e-05,1.597289,3,False,False,0,0.0,2
100000000764836100,peripheral,0.0,8,0.05879,"no rule: b=0.000039<0.002, in_deg=1, out_deg=2, in_kzt=251716, out_kzt=50000, out/in=0.20, depth=3, seed=0",below_thresholds,1,2,251716,50000,1,2,0.000338,3.9e-05,0.198637,3,False,False,0,0.099318,3
100000000765628100,peripheral,0.0,5,0.047443,"in_deg=1, out_deg=0, in_kzt=5000<500000, in_tx=1, depth=2<4",single_edge_leaf,1,0,5000,0,1,0,0.000317,0.0,0.0,2,False,False,0,0.0,1
100000000769919100,peripheral,0.0,36,0.059178,"in_deg=1, out_deg=0, in_kzt=250000<500000, in_tx=1, depth=2<4",single_edge_leaf,1,0,250000,0,1,0,0.000739,0.0,0.0,2,False,False,0,0.0,1
100000000782285100,peripheral,0.0,37,0.047065,"in_deg=1, out_deg=0, in_kzt=6151<500000, in_tx=1, depth=3<4",single_edge_leaf,1,0,6151,0,1,0,0.000321,0.0,0.0,3,False,False,0,0.0,1
100000000783406100,peripheral,0.0,38,0.046759,"in_deg=1, out_deg=0, in_kzt=6066<500000, in_tx=1, depth=3<4",single_edge_leaf,1,0,6066,0,1,0,0.000291,0.0,0.0,3,False,False,0,0.0,1
100000000785800100,transit,1.0,39,0.396973,"out/in=1.00 in [0.8,1.2]; in_kzt=19000, out_kzt=19000",not_peripheral,1,1,19000,19000,1,1,0.000359,0.0,1.0,2,False,False,0,-1.0,2
100000000790311100,peripheral,0.0,3,0.051743,"in_deg=1, out_deg=0, in_kzt=46300<500000, in_tx=1, depth=2<4",single_edge_leaf,1,0,46300,0,1,0,0.000302,0.0,0.0,2,False,False,0,0.0,1
100000000791285100,peripheral,0.0,14,0.063916,"no rule: b=0.000040<0.002, in_deg=1, out_deg=3, in_kzt=1120000, out_kzt=650000, out/in=0.58, depth=3, seed=0",below_thresholds,1,3,1120000,650000,2,3,0.000569,4e-05,0.580357,3,False,False,0,-1.0,3
100000000795033100,peripheral,0.0,0,0.052056,"in_deg=1, out_deg=0, in_kzt=18200<500000, in_tx=1, depth=2<4",single_edge_leaf,1,0,18200,0,1,0,0.000535,0.0,0.0,2,False,False,0,0.0,1
100000000795129100,peripheral,0.0,3,0.056525,"in_deg=1, out_deg=0, in_kzt=332000<500000, in_tx=1, depth=2<4",single_edge_leaf,1,0,332000,0,1,0,0.000393,0.0,0.0,2,False,False,0,-1.0,1
100000000795374100,peripheral,0.0,8,0.051021,"in_deg=1, out_deg=0, in_kzt=50000<500000, in_tx=1, depth=3<4",single_edge_leaf,1,0,50000,0,1,0,0.000297,0.0,0.0,3,False,False,0,0.0,1
100000000802149100,peripheral,0.0,0,0.052476,"in_deg=1, out_deg=0, in_kzt=104128<500000, in_tx=1, depth=3<4",single_edge_leaf,1,0,104128,0,1,0,0.000296,0.0,0.0,3,False,False,0,0.0,1
100000000803368100,peripheral,0.0,40,0.054929,"depth=4 cutoff; in_deg=1, in_kzt=139503, out_deg=0; onward transfers unobserved",censored_depth4,1,0,139503,0,1,0,0.000551,0.0,0.0,4,False,True,0,0.0,1
100000000806727100,peripheral,0.0,2,0.054546,"no rule: b=0.000000<0.002, in_deg=1, out_deg=1, in_kzt=45000, out_kzt=5000, out/in=0.11, depth=2, seed=0",below_thresholds,1,1,45000,5000,1,1,0.000347,0.0,0.111111,2,False,False,0,0.0,2
100000000810551100,peripheral,0.0,2,0.05743,"no rule: b=0.000079<0.002, in_deg=1, out_deg=1, in_kzt=100000, out_kzt=7100, out/in=0.07, depth=1, seed=0",below_thresholds,1,1,100000,7100,1,1,0.000307,7.9e-05,0.071,1,False,False,0,0.0,2
100000000817146100,peripheral,0.0,5,0.05694,"in_deg=1, out_deg=0, in_kzt=70020<500000, in_tx=1, depth=1<4",single_edge_leaf,1,0,70020,0,1,0,0.000592,0.0,0.0,1,False,False,0,0.0,1
100000000821507100,peripheral,0.0,32,0.056376,"in_deg=1, out_deg=0, in_kzt=400000<500000, in_tx=1, depth=2<4",single_edge_leaf,1,0,400000,0,1,0,0.000337,0.0,0.0,2,False,False,0,0.0,1
100000000831684100,peripheral,0.0,7,0.066969,"no rule: b=0.000000<0.002, in_deg=1, out_deg=1, in_kzt=15000, out_kzt=50000, out/in=3.33, depth=2, seed=0",below_thresholds,1,1,15000,50000,2,3,0.00192,0.0,3.333333,2,False,False,0,1.0,1
100000000838385100,peripheral,0.0,15,0.073077,"no rule: b=0.000022<0.002, in_deg=1, out_deg=2, in_kzt=436900, out_kzt=177500, out/in=0.41, depth=3, seed=0",below_thresholds,1,2,436900,177500,8,6,0.001939,2.2e-05,0.406271,3,False,False,0,0.397856,2
100000000850297100,transit,1.0,11,0.37308,"out/in=1.00 in [0.8,1.2]; in_kzt=17520, out_kzt=17520, matched_2d=1.00",not_peripheral,1,1,17520,17520,1,1,0.000295,0.0,1.0,2,False,False,1,1.0,1
100000000860514100,peripheral,0.0,13,0.053553,"no rule: b=0.000020<0.002, in_deg=1, out_deg=1, in_kzt=12000, out_kzt=50000, out/in=4.17, depth=3, seed=0",below_thresholds,1,1,12000,50000,1,1,0.000308,2e-05,4.166667,3,False,False,0,0.0,2
100000000861294100,peripheral,0.0,1,0.054217,"in_deg=1, out_deg=0, in_kzt=150000<500000, in_tx=1, depth=2<4",single_edge_leaf,1,0,150000,0,1,0,0.000315,0.0,0.0,2,False,False,0,0.0,1
100000000870121100,peripheral,0.0,12,0.048359,"in_deg=1, out_deg=0, in_kzt=12000<500000, in_tx=1, depth=3<4",single_edge_leaf,1,0,12000,0,1,0,0.000317,0.0,0.0,3,False,False,0,0.0,1
100000000878006100,peripheral,0.0,10,0.050816,"in_deg=1, out_deg=0, in_kzt=47003<500000, in_tx=1, depth=3<4",single_edge_leaf,1,0,47003,0,1,0,0.000288,0.0,0.0,3,False,False,0,0.0,1
100000000896111100,peripheral,0.0,20,0.055364,"in_deg=1, out_deg=0, in_kzt=287100<500000, in_tx=1, depth=3<4",single_edge_leaf,1,0,287100,0,1,0,0.000389,0.0,0.0,3,False,False,0,0.0,1
100000000907277100,peripheral,0.0,21,0.051369,"in_deg=1, out_deg=0, in_kzt=17534<500000, in_tx=1, depth=1<4",single_edge_leaf,1,0,17534,0,1,0,0.000291,0.0,0.0,1,False,False,0,0.0,1
100000000910216100,peripheral,0.0,0,0.055244,"no rule: b=0.000488<0.002, in_deg=1, out_deg=1, in_kzt=71000, out_kzt=52010, out/in=0.73, depth=2, seed=0",below_thresholds,1,1,71000,52010,3,1,0.000325,0.000488,0.732535,2,False,False,1,0.0,2
100000000912487100,peripheral,0.0,2,0.048604,"in_deg=1, out_deg=0, in_kzt=10000<500000, in_tx=1, depth=2<4",single_edge_leaf,1,0,10000,0,1,0,0.000293,0.0,0.0,2,False,False,0,0.0,1
100000000913911100,peripheral,0.0,2,0.062504,"no rule: b=0.000020<0.002, in_deg=2, out_deg=1, in_kzt=467000, out_kzt=600000, out/in=1.28, depth=2, seed=0",below_thresholds,2,1,467000,600000,2,1,0.000461,2e-05,1.284797,2,False,False,0,0.0,3
100000000917179100,peripheral,0.0,40,0.054341,"in_deg=1, out_deg=0, in_kzt=94465<500000, in_tx=2, depth=2<4",single_edge_leaf,1,0,94465,0,2,0,0.000428,0.0,0.0,2,False,False,0,0.0,1
100000000922570100,transit,0.846129,7,0.419491,"out/in=1.06 in [0.8,1.2]; in_kzt=47101, out_kzt=50000, matched_2d=0.00",not_peripheral,1,1,47101,50000,1,1,0.000295,0.0,1.061549,1,False,False,0,0.0,2
100000000926078100,peripheral,0.0,8,0.055798,"depth=4 cutoff; in_deg=1, in_kzt=250000, out_deg=0; onward transfers unobserved",censored_depth4,1,0,250000,0,1,0,0.000519,0.0,0.0,4,False,True,0,0.0,1
100000000926766100,peripheral,0.0,13,0.049271,"no rule: b=0.000000<0.002, in_deg=1, out_deg=1, in_kzt=18750, out_kzt=6000, out/in=0.32, depth=3, seed=0",below_thresholds,1,1,18750,6000,1,1,0.000319,0.0,0.32,3,False,False,0,-1.0,1
100000000933075100,peripheral,0.0,7,0.05844,"no rule: b=0.000022<0.002, in_deg=1, out_deg=2, in_kzt=40000, out_kzt=55000, out/in=1.38, depth=3, seed=0",below_thresholds,1,2,40000,55000,1,2,0.000812,2.2e-05,1.375,3,False,False,0,1.0,2
100000000941942100,peripheral,0.0,2,0.055576,"in_deg=1, out_deg=0, in_kzt=130000<500000, in_tx=1, depth=1<4",single_edge_leaf,1,0,130000,0,1,0,0.000313,0.0,0.0,1,False,False,0,0.0,1
100000000942301100,peripheral,0.0,0,0.051348,"in_deg=1, out_deg=0, in_kzt=57580<500000, in_tx=2, depth=3<4",single_edge_leaf,1,0,57580,0,2,0,0.000302,0.0,0.0,3,False,False,0,0.0,1
100000000943371100,peripheral,0.0,12,0.049612,"in_deg=1, out_deg=0, in_kzt=15500<500000, in_tx=1, depth=2<4",single_edge_leaf,1,0,15500,0,1,0,0.000307,0.0,0.0,2,False,False,0,0.0,1
100000000945428100,peripheral,0.0,0,0.054747,"in_deg=1, out_deg=0, in_kzt=89629<500000, in_tx=1, depth=1<4",single_edge_leaf,1,0,89629,0,1,0,0.000304,0.0,0.0,1,False,False,0,0.0,1
100000000954884100,peripheral,0.0,38,0.050398,"in_deg=1, out_deg=0, in_kzt=34000<500000, in_tx=1, depth=3<4",single_edge_leaf,1,0,34000,0,1,0,0.000313,0.0,0.0,3,False,False,0,-1.0,1
100000000955444100,peripheral,0.0,22,0.048436,"in_deg=1, out_deg=0, in_kzt=6910<500000, in_tx=1, depth=2<4",single_edge_leaf,1,0,6910,0,1,0,0.000354,0.0,0.0,2,False,False,0,0.0,1
100000000955529100,peripheral,0.0,2,0.05393,"no rule: b=0.000003<0.002, in_deg=1, out_deg=1, in_kzt=27000, out_kzt=63500, out/in=2.35, depth=3, seed=0",below_thresholds,1,1,27000,63500,1,1,0.000297,3e-06,2.351852,3,False,False,0,0.0,2
100000000957746100,peripheral,0.0,27,0.046524,"depth=4 cutoff; in_deg=1, in_kzt=5300, out_deg=0; onward transfers unobserved",censored_depth4,1,0,5300,0,1,0,0.000349,0.0,0.0,4,False,True,0,0.0,1
100000000961900100,peripheral,0.0,0,0.055285,"no rule: b=0.000000<0.002, in_deg=2, out_deg=0, in_kzt=36000, out_kzt=0, out/in=0.00, depth=1, seed=0",below_thresholds,2,0,36000,0,3,0,0.000296,0.0,0.0,1,False,False,0,0.0,2
100000000967918100,peripheral,0.0,0,0.051858,"in_deg=1, out_deg=0, in_kzt=21200<500000, in_tx=3, depth=2<4",single_edge_leaf,1,0,21200,0,3,0,0.000481,0.0,0.0,2,False,False,0,0.0,1
100000000968253100,peripheral,0.0,21,0.051052,"in_deg=1, out_deg=0, in_kzt=15000<500000, in_tx=1, depth=1<4",single_edge_leaf,1,0,15000,0,1,0,0.00029,0.0,0.0,1,False,False,0,0.0,1
100000000971908100,peripheral,0.0,1,0.053067,"in_deg=1, out_deg=0, in_kzt=89000<500000, in_tx=1, depth=2<4",single_edge_leaf,1,0,89000,0,1,0,0.000304,0.0,0.0,2,False,False,0,0.0,1
100000000976943100,transit,0.5,11,0.414123,"out/in=1.20 in [0.8,1.2]; in_kzt=70000, out_kzt=84000, matched_2d=0.16",not_peripheral,1,1,70000,84000,1,3,0.000375,2.2e-05,1.2,3,False,False,0,0.157143,2
100000000978041100,peripheral,0.0,21,0.053278,"in_deg=1, out_deg=0, in_kzt=44445<500000, in_tx=1, depth=1<4",single_edge_leaf,1,0,44445,0,1,0,0.000296,0.0,0.0,1,False,False,0,0.0,1
100000000979567100,peripheral,0.0,21,0.05084,"in_deg=1, out_deg=0, in_kzt=10000<500000, in_tx=1, depth=2<4",single_edge_leaf,1,0,10000,0,1,0,0.000533,0.0,0.0,2,False,False,0,0.0,1
100000000979923100,peripheral,0.0,11,0.054905,"in_deg=1, out_deg=0, in_kzt=97900<500000, in_tx=1, depth=1<4",single_edge_leaf,1,0,97900,0,1,0,0.000302,0.0,0.0,1,False,False,0,0.0,1
100000000981693100,peripheral,0.0,0,0.050491,"depth=4 cutoff; in_deg=1, in_kzt=16500, out_deg=0; onward transfers unobserved",censored_depth4,1,0,16500,0,1,0,0.000531,0.0,0.0,4,False,True,0,0.0,1
100000000993112100,peripheral,0.0,41,0.055283,"in_deg=1, out_deg=0, in_kzt=141000<500000, in_tx=1, depth=2<4",single_edge_leaf,1,0,141000,0,1,0,0.000443,0.0,0.0,2,False,False,0,0.0,1
100000000998559100,peripheral,0.0,2,0.054996,"in_deg=1, out_deg=0, in_kzt=100000<500000, in_tx=1, depth=1<4",single_edge_leaf,1,0,100000,0,1,0,0.000307,0.0,0.0,1,False,False,0,0.0,1
100000001009583100,peripheral,0.0,10,0.055163,"in_deg=1, out_deg=0, in_kzt=393740<500000, in_tx=1, depth=3<4",single_edge_leaf,1,0,393740,0,1,0,0.0003,0.0,0.0,3,False,False,0,-1.0,1
100000001046057100,peripheral,0.0,42,0.052255,"in_deg=1, out_deg=0, in_kzt=83420<500000, in_tx=1, depth=3<4",single_edge_leaf,1,0,83420,0,1,0,0.00032,0.0,0.0,3,False,False,0,0.0,1
100000001046626100,peripheral,0.0,10,0.053163,"in_deg=1, out_deg=0, in_kzt=150000<500000, in_tx=1, depth=3<4",single_edge_leaf,1,0,150000,0,1,0,0.000292,0.0,0.0,3,False,False,0,0.0,1
100000001049200100,peripheral,0.0,43,0.06099,"no rule: b=0.001180<0.002, in_deg=2, out_deg=4, in_kzt=76624, out_kzt=36000, out/in=0.47, depth=1, seed=0",below_thresholds,2,4,76624,36000,2,5,0.0003,0.00118,0.469827,1,False,False,2,0.0,5
100000001052789100,peripheral,0.0,43,0.051738,"in_deg=1, out_deg=0, in_kzt=70975<500000, in_tx=1, depth=3<4",single_edge_leaf,1,0,70975,0,1,0,0.000299,0.0,0.0,3,False,False,0,0.0,1
100000001052945100,peripheral,0.0,44,0.063486,"no rule: b=0.000059<0.002, in_deg=1, out_deg=3, in_kzt=56520, out_kzt=1595700, out/in=28.23, depth=3, seed=0",below_thresholds,1,3,56520,1595700,1,6,0.000303,5.9e-05,28.232484,3,False,False,0,0.0,4
100000001053894100,peripheral,0.0,29,0.059312,"depth=4 cutoff; in_deg=1, in_kzt=2000000, out_deg=0; onward transfers unobserved",censored_depth4,1,0,2000000,0,7,0,0.000451,0.0,0.0,4,False,True,0,0.0,1
100000001056414100,peripheral,0.0,23,0.054249,"in_deg=1, out_deg=0, in_kzt=250000<500000, in_tx=1, depth=3<4",single_edge_leaf,1,0,250000,0,1,0,0.000299,0.0,0.0,3,False,False,0,0.0,1
100000001063678100,peripheral,0.0,28,0.056655,"no rule: b=0.000040<0.002, in_deg=1, out_deg=2, in_kzt=35000, out_kzt=90000, out/in=2.57, depth=3, seed=0",below_thresholds,1,2,35000,90000,1,2,0.000329,4e-05,2.571429,3,False,False,0,0.571429,3
100000001065234100,peripheral,0.0,45,0.056826,"depth=4 cutoff; in_deg=1, in_kzt=360000, out_deg=0; onward transfers unobserved",censored_depth4,1,0,360000,0,1,0,0.000551,0.0,0.0,4,False,True,0,0.0,1
100000001065481100,peripheral,0.0,12,0.049524,"depth=4 cutoff; in_deg=1, in_kzt=16000, out_deg=0; onward transfers unobserved",censored_depth4,1,0,16000,0,2,0,0.000434,0.0,0.0,4,False,True,0,0.0,1
100000001066017100,peripheral,0.0,0,0.06059,"no rule: b=0.000078<0.002, in_deg=2, out_deg=4, in_kzt=136123, out_kzt=82500, out/in=0.61, depth=3, seed=0",below_thresholds,2,4,136123,82500,3,4,0.000303,7.8e-05,0.60607,3,False,False,0,0.113868,6
100000001072022100,consolidator,0.5,2,0.666296,"in_deg=3>=3, in_kzt=1684000>=100000; out_deg=0, out_kzt=0, depth=1<4; no observed onward transfers",not_peripheral,3,0,1684000,0,6,0,0.000504,0.0,0.0,1,False,False,0,0.0,3
100000001073568100,peripheral,0.0,40,0.062245,"no rule: b=0.000020<0.002, in_deg=1, out_deg=2, in_kzt=707465, out_kzt=219503, out/in=0.31, depth=3, seed=0",below_thresholds,1,2,707465,219503,4,3,0.000488,2e-05,0.310267,3,False,False,0,0.264296,3
100000001074553100,peripheral,0.0,4,0.054807,"no rule: b=0.000000<0.002, in_deg=2, out_deg=0, in_kzt=28971, out_kzt=0, out/in=0.00, depth=1, seed=0",below_thresholds,2,0,28971,0,2,0,0.000291,0.0,0.0,1,False,False,0,0.0,2
100000001083990100,peripheral,0.0,7,0.05378,"in_deg=1, out_deg=0, in_kzt=49900<500000, in_tx=2, depth=2<4",single_edge_leaf,1,0,49900,0,2,0,0.000504,0.0,0.0,2,False,False,0,0.0,1
100000001089055100,peripheral,0.0,27,0.048146,"depth=4 cutoff; in_deg=1, in_kzt=13000, out_deg=0; onward transfers unobserved",censored_depth4,1,0,13000,0,1,0,0.000331,0.0,0.0,4,False,True,0,0.0,1
100000001102676100,transit,1.0,2,0.408369,"out/in=1.00 in [0.8,1.2]; in_kzt=50000, out_kzt=50000, matched_2d=1.00",not_peripheral,1,1,50000,50000,1,1,0.000314,2.4e-05,1.0,2,False,False,1,1.0,2
100000001103905100,peripheral,0.0,21,0.051422,"in_deg=1, out_deg=0, in_kzt=18000<500000, in_tx=1, depth=1<4",single_edge_leaf,1,0,18000,0,1,0,0.000291,0.0,0.0,1,False,False,0,0.0,1
100000001110358100,peripheral,0.0,0,0.052538,"no rule: b=0.000000<0.002, in_deg=2, out_deg=0, in_kzt=32000, out_kzt=0, out/in=0.00, depth=3, seed=0",below_thresholds,2,0,32000,0,2,0,0.000294,0.0,0.0,3,False,False,0,0.0,2
100000001111763100,peripheral,0.0,21,0.051323,"in_deg=1, out_deg=0, in_kzt=17144<500000, in_tx=1, depth=1<4",single_edge_leaf,1,0,17144,0,1,0,0.00029,0.0,0.0,1,False,False,0,0.0,1
100000001114385100,peripheral,0.0,2,0.050749,"in_deg=1, out_deg=0, in_kzt=29500<500000, in_tx=1, depth=2<4",single_edge_leaf,1,0,29500,0,1,0,0.000292,0.0,0.0,2,False,False,0,0.0,1
100000001126374100,consolidator,0.5,0,0.637896,"in_deg=4>=2*out_deg(2); in_kzt=182500>=100000, out_kzt=29200, out/in=0.16",not_peripheral,4,2,182500,29200,7,4,0.000315,4e-05,0.16,1,False,False,0,0.086364,6
100000001130176100,peripheral,0.0,0,0.052091,"in_deg=1, out_deg=0, in_kzt=25000<500000, in_tx=2, depth=3<4",single_edge_leaf,1,0,25000,0,2,0,0.00056,0.0,0.0,3,False,False,0,0.0,1
100000001130553100,peripheral,0.0,10,0.0508,"depth=4 cutoff; in_deg=1, in_kzt=18000, out_deg=0; onward transfers unobserved",censored_depth4,1,0,18000,0,2,0,0.000546,0.0,0.0,4,False,True,0,0.0,1
100000001131403100,peripheral,0.0,44,0.059666,"depth=4 cutoff; in_deg=1, in_kzt=1570000, out_deg=0; onward transfers unobserved",censored_depth4,1,0,1570000,0,3,0,0.00054,0.0,0.0,4,False,True,0,0.0,1
100000001138283100,peripheral,0.0,8,0.054497,"no rule: b=0.000019<0.002, in_deg=1, out_deg=2, in_kzt=81805, out_kzt=50000, out/in=0.61, depth=3, seed=0",below_thresholds,1,2,81805,50000,1,2,0.000304,1.9e-05,0.61121,3,False,False,1,0.488968,2
100000001138376100,peripheral,0.0,3,0.049441,"in_deg=1, out_deg=0, in_kzt=15300<500000, in_tx=1, depth=2<4",single_edge_leaf,1,0,15300,0,1,0,0.000292,0.0,0.0,2,False,False,0,-1.0,1
100000001140785100,peripheral,0.0,42,0.056549,"no rule: b=0.000000<0.002, in_deg=2, out_deg=0, in_kzt=215000, out_kzt=0, out/in=0.00, depth=3, seed=0",below_thresholds,2,0,215000,0,2,0,0.000317,0.0,0.0,3,False,False,0,0.0,2
100000001141268100,peripheral,0.0,46,0.060341,"no rule: b=0.000023<0.002, in_deg=2, out_deg=1, in_kzt=480000, out_kzt=10000, out/in=0.02, depth=3, seed=0",below_thresholds,2,1,480000,10000,2,1,0.000366,2.3e-05,0.020833,3,False,False,0,0.020833,3
100000001145749100,peripheral,0.0,2,0.049518,"in_deg=1, out_deg=0, in_kzt=10000<500000, in_tx=1, depth=3<4",single_edge_leaf,1,0,10000,0,1,0,0.000481,0.0,0.0,3,False,False,0,0.0,1
100000001149815100,peripheral,0.0,21,0.048095,"in_deg=1, out_deg=0, in_kzt=12000<500000, in_tx=1, depth=3<4",single_edge_leaf,1,0,12000,0,1,0,0.000289,0.0,0.0,3,False,False,0,0.0,1
100000001155773100,peripheral,0.0,21,0.049272,"in_deg=1, out_deg=0, in_kzt=21500<500000, in_tx=1, depth=3<4",single_edge_leaf,1,0,21500,0,1,0,0.00029,0.0,0.0,3,False,False,0,0.0,1
100000001160401100,peripheral,0.0,0,0.050991,"in_deg=1, out_deg=0, in_kzt=47190<500000, in_tx=2, depth=3<4",single_edge_leaf,1,0,47190,0,2,0,0.000306,0.0,0.0,3,False,False,0,0.0,1
100000001162560100,distributor,0.6,4,0.698669,"out_deg=12>=10, out_kzt=2904398>=500000; out_tx=14, seed=0",not_peripheral,1,12,331300,2904398,2,14,0.000323,3e-06,8.766671,1,False,False,0,0.519167,13
100000001164648100,peripheral,0.0,47,0.053312,"no rule: b=0.000000<0.002, in_deg=2, out_deg=0, in_kzt=13660, out_kzt=0, out/in=0.00, depth=1, seed=0",below_thresholds,2,0,13660,0,2,0,0.000291,0.0,0.0,1,False,False,0,0.0,2
100000001166289100,peripheral,0.0,21,0.075895,"no rule: b=0.000000<0.002, in_deg=2, out_deg=1, in_kzt=721039, out_kzt=25000, out/in=0.03, depth=2, seed=0",below_thresholds,2,1,721039,25000,10,1,0.002045,0.0,0.034672,2,False,False,0,0.034672,2
100000001169666100,peripheral,0.0,17,0.056634,"no rule: b=0.000022<0.002, in_deg=1, out_deg=1, in_kzt=220000, out_kzt=24000, out/in=0.11, depth=3, seed=0",below_thresholds,1,1,220000,24000,2,1,0.000321,2.2e-05,0.109091,3,False,False,0,0.0,2
100000001184915100,peripheral,0.0,3,0.055133,"in_deg=1, out_deg=0, in_kzt=201000<500000, in_tx=2, depth=2<4",single_edge_leaf,1,0,201000,0,2,0,0.000351,0.0,0.0,2,False,False,0,-1.0,1
100000001194266100,peripheral,0.0,2,0.053519,"in_deg=1, out_deg=0, in_kzt=50000<500000, in_tx=1, depth=1<4",single_edge_leaf,1,0,50000,0,1,0,0.000297,0.0,0.0,1,False,False,0,0.0,1
100000001202637100,peripheral,0.0,17,0.049675,"depth=4 cutoff; in_deg=1, in_kzt=10000, out_deg=0; onward transfers unobserved",censored_depth4,1,0,10000,0,1,0,0.000551,0.0,0.0,4,False,True,0,0.0,1
100000001202787100,peripheral,0.0,0,0.05105,"depth=4 cutoff; in_deg=2, in_kzt=14850, out_deg=0; onward transfers unobserved",censored_depth4,2,0,14850,0,2,0,0.000353,0.0,0.0,4,False,True,0,0.0,2
100000001220124100,peripheral,0.0,8,0.052356,"depth=4 cutoff; in_deg=1, in_kzt=40000, out_deg=0; onward transfers unobserved",censored_depth4,1,0,40000,0,1,0,0.000542,0.0,0.0,4,False,True,0,0.0,1
100000001222245100,peripheral,0.0,10,0.057138,"depth=4 cutoff; in_deg=1, in_kzt=420000, out_deg=0; onward transfers unobserved",censored_depth4,1,0,420000,0,5,0,0.000552,0.0,0.0,4,False,True,0,0.0,1
100000001222263100,peripheral,0.0,10,0.058978,"no rule: b=0.000020<0.002, in_deg=1, out_deg=1, in_kzt=745570, out_kzt=420000, out/in=0.56, depth=3, seed=0",below_thresholds,1,1,745570,420000,1,5,0.000311,2e-05,0.563327,3,False,False,0,-1.0,2
100000001223977100,peripheral,0.0,48,0.051507,"no rule: b=0.000025<0.002, in_deg=1, out_deg=1, in_kzt=5000, out_kzt=18000, out/in=3.60, depth=3, seed=0",below_thresholds,1,1,5000,18000,1,1,0.000307,2.5e-05,3.6,3,False,False,0,0.0,2
100000001227106100,peripheral,0.0,10,0.053355,"in_deg=1, out_deg=0, in_kzt=164765<500000, in_tx=1, depth=3<4",single_edge_leaf,1,0,164765,0,1,0,0.000292,0.0,0.0,3,False,False,0,0.0,1
100000001229743100,peripheral,0.0,0,0.049964,"no rule: b=0.000020<0.002, in_deg=1, out_deg=1, in_kzt=7000, out_kzt=9000, out/in=1.29, depth=3, seed=0",below_thresholds,1,1,7000,9000,1,1,0.00029,2e-05,1.285714,3,False,False,0,0.0,2
100000001232297100,peripheral,0.0,12,0.054044,"no rule: b=0.000000<0.002, in_deg=1, out_deg=2, in_kzt=5000, out_kzt=45000, out/in=9.00, depth=2, seed=0",below_thresholds,1,2,5000,45000,1,2,0.000293,0.0,9.0,2,False,False,0,0.0,2
100000001236706100,peripheral,0.0,12,0.064108,"no rule: b=0.000040<0.002, in_deg=3, out_deg=2, in_kzt=142700, out_kzt=36000, out/in=0.25, depth=3, seed=0",below_thresholds,3,2,142700,36000,3,2,0.00077,4e-05,0.252278,3,False,False,0,0.0,5
100000001241318100,peripheral,0.0,0,0.054169,"in_deg=1, out_deg=0, in_kzt=53000<500000, in_tx=1, depth=2<4",single_edge_leaf,1,0,53000,0,1,0,0.000533,0.0,0.0,2,False,False,0,0.0,1
100000001246806100,peripheral,0.0,4,0.054646,"depth=4 cutoff; in_deg=1, in_kzt=130000, out_deg=0; onward transfers unobserved",censored_depth4,1,0,130000,0,1,0,0.000535,0.0,0.0,4,False,True,0,0.0,1
100000001248999100,peripheral,0.0,27,0.049447,"in_deg=1, out_deg=0, in_kzt=23425<500000, in_tx=1, depth=3<4",single_edge_leaf,1,0,23425,0,1,0,0.000291,0.0,0.0,3,False,False,0,0.0,1
100000001249054100,peripheral,0.0,17,0.048377,"depth=4 cutoff; in_deg=1, in_kzt=17375, out_deg=0; onward transfers unobserved",censored_depth4,1,0,17375,0,1,0,0.000293,0.0,0.0,4,False,True,0,0.0,1
100000001250022100,peripheral,0.0,1,0.051847,"in_deg=1, out_deg=0, in_kzt=50000<500000, in_tx=1, depth=2<4",single_edge_leaf,1,0,50000,0,1,0,0.000296,0.0,0.0,2,False,False,0,-1.0,1
100000001251686100,peripheral,0.0,2,0.049823,"in_deg=1, out_deg=0, in_kzt=18000<500000, in_tx=1, depth=2<4",single_edge_leaf,1,0,18000,0,1,0,0.000298,0.0,0.0,2,False,False,0,0.0,1
100000001252290100,peripheral,0.0,10,0.055471,"no rule: b=0.000020<0.002, in_deg=1, out_deg=1, in_kzt=141005, out_kzt=5000, out/in=0.04, depth=3, seed=0",below_thresholds,1,1,141005,5000,1,1,0.000291,2e-05,0.03546,3,False,False,0,0.0,2
100000001253557100,consolidator,0.833333,42,0.634979,"in_deg=5>=3, in_kzt=210200>=100000; out_deg=0, out_kzt=0, depth=1<4; no observed onward transfers",not_peripheral,5,0,210200,0,5,0,0.000353,0.0,0.0,1,False,False,0,0.0,5
100000001256409100,peripheral,0.0,34,0.049215,"depth=4 cutoff; in_deg=1, in_kzt=8000, out_deg=0; onward transfers unobserved",censored_depth4,1,0,8000,0,1,0,0.00055,0.0,0.0,4,False,True,0,0.0,1
100000001262647100,peripheral,0.0,3,0.050431,"in_deg=1, out_deg=0, in_kzt=23650<500000, in_tx=1, depth=2<4",single_edge_leaf,1,0,23650,0,1,0,0.000305,0.0,0.0,2,False,False,0,-1.0,1
100000001270349100,peripheral,0.0,49,0.054344,"in_deg=1, out_deg=0, in_kzt=200000<500000, in_tx=1, depth=3<4",single_edge_leaf,1,0,200000,0,1,0,0.000357,0.0,0.0,3,False,False,0,0.0,1
100000001270470100,peripheral,0.0,0,0.050638,"depth=4 cutoff; in_deg=1, in_kzt=28300, out_deg=0; onward transfers unobserved",censored_depth4,1,0,28300,0,2,0,0.000432,0.0,0.0,4,False,True,0,0.0,1
100000001273783100,peripheral,0.0,11,0.05033,"in_deg=1, out_deg=0, in_kzt=23200<500000, in_tx=1, depth=2<4",single_edge_leaf,1,0,23200,0,1,0,0.000298,0.0,0.0,2,False,False,0,0.0,1
100000001275557100,peripheral,0.0,28,0.049177,"depth=4 cutoff; in_deg=1, in_kzt=20000, out_deg=0; onward transfers unobserved",censored_depth4,1,0,20000,0,1,0,0.000349,0.0,0.0,4,False,True,0,0.0,1
100000001275752100,peripheral,0.0,4,0.053211,"in_deg=1, out_deg=0, in_kzt=151500<500000, in_tx=1, depth=3<4",single_edge_leaf,1,0,151500,0,1,0,0.000295,0.0,0.0,3,False,False,0,-1.0,1
100000001276409100,peripheral,0.0,17,0.052033,"depth=4 cutoff; in_deg=1, in_kzt=94760, out_deg=0; onward transfers unobserved",censored_depth4,1,0,94760,0,1,0,0.000322,0.0,0.0,4,False,True,0,0.0,1
100000001279272100,peripheral,0.0,0,0.058505,"no rule: b=0.000304<0.002, in_deg=1, out_deg=2, in_kzt=250000, out_kzt=136758, out/in=0.55, depth=3, seed=0",below_thresholds,1,2,250000,136758,1,2,0.000309,0.000304,0.547032,3,False,False,1,0.52,3
100000001279875100,peripheral,0.0,23,0.051894,"in_deg=1, out_deg=0, in_kzt=49235<500000, in_tx=1, depth=2<4",single_edge_leaf,1,0,49235,0,1,0,0.000305,0.0,0.0,2,False,False,0,-1.0,1
100000001280798100,peripheral,0.0,17,0.049526,"in_deg=1, out_deg=0, in_kzt=23785<500000, in_tx=1, depth=3<4",single_edge_leaf,1,0,23785,0,1,0,0.000296,0.0,0.0,3,False,False,0,0.0,1
100000001282143100,consolidator,0.833333,23,0.656437,"in_deg=5>=3, in_kzt=1700000>=100000; out_deg=0, out_kzt=0, depth=3<4; no observed onward transfers",not_peripheral,5,0,1700000,0,6,0,0.000404,0.0,0.0,3,False,False,0,0.0,5
100000001285440100,peripheral,0.0,46,0.05684,"no rule: b=0.000000<0.002, in_deg=2, out_deg=0, in_kzt=243000, out_kzt=0, out/in=0.00, depth=3, seed=0",below_thresholds,2,0,243000,0,2,0,0.000322,0.0,0.0,3,False,False,0,-1.0,2
100000001286703100,peripheral,0.0,29,0.048662,"depth=4 cutoff; in_deg=1, in_kzt=20500, out_deg=0; onward transfers unobserved",censored_depth4,1,0,20500,0,1,0,0.000289,0.0,0.0,4,False,True,0,0.0,1
100000001287955100,peripheral,0.0,23,0.062072,"no rule: b=0.000692<0.002, in_deg=1, out_deg=4, in_kzt=17520, out_kzt=310000, out/in=17.69, depth=2, seed=0",below_thresholds,1,4,17520,310000,1,5,0.000295,0.000692,17.694064,2,False,False,2,1.0,5
100000001290243100,peripheral,0.0,5,0.048868,"in_deg=1, out_deg=0, in_kzt=10000<500000, in_tx=1, depth=2<4",single_edge_leaf,1,0,10000,0,1,0,0.000321,0.0,0.0,2,False,False,0,0.0,1
100000001297206100,peripheral,0.0,0,0.046553,"depth=4 cutoff; in_deg=1, in_kzt=6758, out_deg=0; onward transfers unobserved",censored_depth4,1,0,6758,0,1,0,0.0003,0.0,0.0,4,False,True,0,0.0,1
100000001298099100,peripheral,0.0,17,0.049061,"in_deg=1, out_deg=0, in_kzt=19000<500000, in_tx=1, depth=3<4",single_edge_leaf,1,0,19000,0,1,0,0.000294,0.0,0.0,3,False,False,0,0.0,1
100000001299323100,peripheral,0.0,4,0.052115,"depth=4 cutoff; in_deg=1, in_kzt=109000, out_deg=0; onward transfers unobserved",censored_depth4,1,0,109000,0,1,0,0.000301,0.0,0.0,4,False,True,0,0.0,1
100000001299443100,peripheral,0.0,47,0.046808,"depth=4 cutoff; in_deg=1, in_kzt=8000, out_deg=0; onward transfers unobserved",censored_depth4,1,0,8000,0,1,0,0.000291,0.0,0.0,4,False,True,0,0.0,1
100000001299828100,peripheral,0.0,0,0.054256,"depth=4 cutoff; in_deg=1, in_kzt=100000, out_deg=0; onward transfers unobserved",censored_depth4,1,0,100000,0,1,0,0.00055,0.0,0.0,4,False,True,0,0.0,1
100000001303311100,consolidator,0.833333,46,0.660796,"in_deg=5>=3, in_kzt=1324000>=100000; out_deg=0, out_kzt=0, depth=3<4; no observed onward transfers",not_peripheral,5,0,1324000,0,5,0,0.000504,0.0,0.0,3,False,False,0,-1.0,5
100000001307612100,peripheral,0.0,21,0.052978,"in_deg=1, out_deg=0, in_kzt=38483<500000, in_tx=1, depth=1<4",single_edge_leaf,1,0,38483,0,1,0,0.000295,0.0,0.0,1,False,False,0,0.0,1
100000001308856100,peripheral,0.0,21,0.050615,"in_deg=1, out_deg=0, in_kzt=27000<500000, in_tx=1, depth=2<4",single_edge_leaf,1,0,27000,0,1,0,0.000296,0.0,0.0,2,False,False,0,0.0,1
100000001311175100,peripheral,0.0,23,0.056302,"depth=4 cutoff; in_deg=1, in_kzt=300000, out_deg=0; onward transfers unobserved",censored_depth4,1,0,300000,0,1,0,0.000534,0.0,0.0,4,False,True,0,0.0,1
100000001317336100,peripheral,0.0,35,0.062728,"no rule: b=0.000041<0.002, in_deg=1, out_deg=2, in_kzt=131196, out_kzt=1752000, out/in=13.35, depth=3, seed=0",below_thresholds,1,2,131196,1752000,1,3,0.000345,4.1e-05,13.354066,3,False,False,0,0.0,3
100000001325618100,peripheral,0.0,47,0.047115,"depth=4 cutoff; in_deg=1, in_kzt=9300, out_deg=0; onward transfers unobserved",censored_depth4,1,0,9300,0,1,0,0.000292,0.0,0.0,4,False,True,0,0.0,1
100000001329153100,peripheral,0.0,0,0.053206,"in_deg=1, out_deg=0, in_kzt=150687<500000, in_tx=1, depth=3<4",single_edge_leaf,1,0,150687,0,1,0,0.000295,0.0,0.0,3,False,False,0,0.0,1
100000001330595100,peripheral,0.0,33,0.063151,"no rule: b=0.000001<0.002, in_deg=3, out_deg=1, in_kzt=87000, out_kzt=154000, out/in=1.77, depth=2, seed=0",below_thresholds,3,1,87000,154000,6,1,0.000678,1e-06,1.770115,2,False,False,0,0.0,4
100000001330685100,consolidator,0.5,10,0.681078,"in_deg=3>=2*out_deg(1); in_kzt=2435923>=100000, out_kzt=100500, out/in=0.04",not_peripheral,3,1,2435923,100500,7,1,0.00044,2e-05,0.041257,1,False,False,0,0.0,4
100000001339466100,peripheral,0.0,2,0.050911,"in_deg=1, out_deg=0, in_kzt=30000<500000, in_tx=1, depth=2<4",single_edge_leaf,1,0,30000,0,1,0,0.000305,0.0,0.0,2,False,False,0,0.0,1
100000001346560100,peripheral,0.0,2,0.057114,"no rule: b=0.000026<0.002, in_deg=2, out_deg=1, in_kzt=10000, out_kzt=22200, out/in=2.22, depth=2, seed=0",below_thresholds,2,1,10000,22200,2,1,0.000589,2.6e-05,2.22,2,False,False,0,0.5,3
100000001362940100,peripheral,0.0,2,0.05454,"in_deg=1, out_deg=0, in_kzt=81000<500000, in_tx=1, depth=1<4",single_edge_leaf,1,0,81000,0,1,0,0.000303,0.0,0.0,1,False,False,0,0.0,1
100000001363952100,peripheral,0.0,8,0.06052,"no rule: b=0.000020<0.002, in_deg=2, out_deg=1, in_kzt=196655, out_kzt=91000, out/in=0.46, depth=1, seed=0",below_thresholds,2,1,196655,91000,2,2,0.000308,2e-05,0.462739,1,False,False,0,0.05085,3
100000001373265100,peripheral,0.0,8,0.05572,"no rule: b=0.000020<0.002, in_deg=1, out_deg=1, in_kzt=142482, out_kzt=5000, out/in=0.04, depth=3, seed=0",below_thresholds,1,1,142482,5000,1,1,0.000316,2e-05,0.035092,3,False,False,0,0.0,2
100000001378288100,peripheral,0.0,8,0.056001,"depth=4 cutoff; in_deg=1, in_kzt=268000, out_deg=0; onward transfers unobserved",censored_depth4,1,0,268000,0,3,0,0.000526,0.0,0.0,4,False,True,0,0.0,1
100000001379511100,peripheral,0.0,42,0.051319,"in_deg=1, out_deg=0, in_kzt=55000<500000, in_tx=1, depth=3<4",single_edge_leaf,1,0,55000,0,1,0,0.000309,0.0,0.0,3,False,False,0,0.0,1
100000001380054100,peripheral,0.0,26,0.065554,"no rule: b=0.000003<0.002, in_deg=2, out_deg=3, in_kzt=127050, out_kzt=360000, out/in=2.83, depth=1, seed=0",below_thresholds,2,3,127050,360000,2,4,0.000719,3e-06,2.83353,1,False,False,0,0.05549,3
100000001380107100,peripheral,0.0,30,0.046745,"in_deg=1, out_deg=0, in_kzt=6000<500000, in_tx=1, depth=3<4",single_edge_leaf,1,0,6000,0,1,0,0.000292,0.0,0.0,3,False,False,0,0.0,1
100000001380986100,peripheral,0.0,4,0.052497,"in_deg=1, out_deg=0, in_kzt=70170<500000, in_tx=1, depth=2<4",single_edge_leaf,1,0,70170,0,1,0,0.000293,0.0,0.0,2,False,False,0,0.0,1
100000001382002100,transit,0.931818,0,0.416506,"out/in=1.03 in [0.8,1.2]; in_kzt=55000, out_kzt=56500, matched_2d=0.00",not_peripheral,1,1,55000,56500,2,3,0.000666,0.0,1.027273,2,False,False,0,0.0,1
100000001384826100,peripheral,0.0,10,0.057433,"no rule: b=0.000020<0.002, in_deg=1, out_deg=1, in_kzt=364260, out_kzt=10000, out/in=0.03, depth=3, seed=0",below_thresholds,1,1,364260,10000,1,1,0.000299,2e-05,0.027453,3,False,False,0,0.0,2
100000001386612100,peripheral,0.0,50,0.053582,"in_deg=1, out_deg=0, in_kzt=62264<500000, in_tx=1, depth=2<4",single_edge_leaf,1,0,62264,0,1,0,0.000436,0.0,0.0,2,False,False,0,0.0,1
100000001389255100,peripheral,0.0,21,0.0512,"in_deg=1, out_deg=0, in_kzt=16136<500000, in_tx=1, depth=1<4",single_edge_leaf,1,0,16136,0,1,0,0.00029,0.0,0.0,1,False,False,0,0.0,1
100000001411870100,terminal,0.9,1,0.539135,"in_kzt=900000>=500000; in_deg=2, out_deg=0, depth=1<4; observed endpoint",not_peripheral,2,0,900000,0,4,0,0.00048,0.0,0.0,1,False,False,0,0.0,2
100000001415126100,peripheral,0.0,50,0.033832,"in_deg=1, out_deg=0, in_kzt=27000<500000, in_tx=1, depth=0<4",single_edge_leaf,1,0,27000,0,1,0,0.000411,0.0,0.0,0,True,False,0,0.0,0
100000001418900100,peripheral,0.0,21,0.051448,"in_deg=1, out_deg=0, in_kzt=40140<500000, in_tx=2, depth=2<4",single_edge_leaf,1,0,40140,0,2,0,0.000301,0.0,0.0,2,False,False,0,0.0,1
100000001420847100,peripheral,0.0,43,0.050092,"in_deg=1, out_deg=0, in_kzt=20000<500000, in_tx=2, depth=2<4",single_edge_leaf,1,0,20000,0,2,0,0.000304,0.0,0.0,2,False,False,0,0.0,1
100000001427082100,peripheral,0.0,31,0.061709,"no rule: b=0.000080<0.002, in_deg=1, out_deg=5, in_kzt=5000, out_kzt=124900, out/in=24.98, depth=3, seed=0",below_thresholds,1,5,5000,124900,1,6,0.000441,8e-05,24.98,3,False,False,0,0.0,6
100000001429930100,peripheral,0.0,12,0.033282,"in_deg=1, out_deg=0, in_kzt=26000<500000, in_tx=1, depth=0<4",single_edge_leaf,1,0,26000,0,1,0,0.000352,0.0,0.0,0,True,False,0,0.0,0
100000001439416100,peripheral,0.0,37,0.056264,"no rule: b=0.000020<0.002, in_deg=1, out_deg=2, in_kzt=10000, out_kzt=165000, out/in=16.50, depth=3, seed=0",below_thresholds,1,2,10000,165000,1,3,0.000343,2e-05,16.5,3,False,False,0,0.0,2
100000001445848100,peripheral,0.0,38,0.05959,"no rule: b=0.000000<0.002, in_deg=1, out_deg=1, in_kzt=546000, out_kzt=351850, out/in=0.64, depth=3, seed=0",below_thresholds,1,1,546000,351850,13,14,0.000705,0.0,0.644414,3,False,False,0,0.403846,1
100000001463701100,terminal,0.621,11,0.54033,"in_kzt=621000>=500000; in_deg=2, out_deg=0, depth=1<4; observed endpoint",not_peripheral,2,0,621000,0,2,0,0.000575,0.0,0.0,1,False,False,0,0.0,2
100000001471706100,peripheral,0.0,50,0.056838,"depth=4 cutoff; in_deg=1, in_kzt=377000, out_deg=0; onward transfers unobserved",censored_depth4,1,0,377000,0,8,0,0.000542,0.0,0.0,4,False,True,0,0.0,1
100000001477796100,peripheral,0.0,2,0.056426,"in_deg=1, out_deg=0, in_kzt=182000<500000, in_tx=1, depth=1<4",single_edge_leaf,1,0,182000,0,1,0,0.000332,0.0,0.0,1,False,False,0,0.0,1
100000001484381100,peripheral,0.0,17,0.054986,"no rule: b=0.000000<0.002, in_deg=2, out_deg=0, in_kzt=95585, out_kzt=0, out/in=0.00, depth=3, seed=0",below_thresholds,2,0,95585,0,4,0,0.000323,0.0,0.0,3,False,False,0,0.0,2
100000001490461100,peripheral,0.0,17,0.052695,"no rule: b=0.000022<0.002, in_deg=1, out_deg=1, in_kzt=20000, out_kzt=5000, out/in=0.25, depth=2, seed=0",below_thresholds,1,1,20000,5000,1,1,0.000322,2.2e-05,0.25,2,False,False,0,0.0,2
100000001498732100,peripheral,0.0,51,0.046057,"depth=4 cutoff; in_deg=1, in_kzt=5500, out_deg=0; onward transfers unobserved",censored_depth4,1,0,5500,0,1,0,0.000291,0.0,0.0,4,False,True,0,0.0,1
100000001524952100,peripheral,0.0,0,0.055065,"in_deg=1, out_deg=0, in_kzt=103807<500000, in_tx=1, depth=1<4",single_edge_leaf,1,0,103807,0,1,0,0.000306,0.0,0.0,1,False,False,0,0.0,1
100000001526235100,peripheral,0.0,13,0.070633,"no rule: b=0.000261<0.002, in_deg=3, out_deg=8, in_kzt=82000, out_kzt=432750, out/in=5.28, depth=2, seed=0",below_thresholds,3,8,82000,432750,4,9,0.000882,0.000261,5.277439,2,False,False,0,0.519737,8
100000001527186100,terminal,0.678,2,0.509133,"in_kzt=678000>=500000; in_deg=1, out_deg=0, depth=1<4; observed endpoint",not_peripheral,1,0,678000,0,2,0,0.000423,0.0,0.0,1,False,False,0,0.0,1
100000001530709100,peripheral,0.0,0,0.051106,"in_deg=1, out_deg=0, in_kzt=53961<500000, in_tx=1, depth=3<4",single_edge_leaf,1,0,53961,0,1,0,0.00029,0.0,0.0,3,False,False,0,0.0,1
100000001530740100,peripheral,0.0,5,0.051641,"in_deg=1, out_deg=0, in_kzt=15000<500000, in_tx=1, depth=2<4",single_edge_leaf,1,0,15000,0,1,0,0.000532,0.0,0.0,2,False,False,0,0.0,1
100000001530983100,distributor,0.55,5,0.700626,"out_deg=11>=10, out_kzt=1829538>=500000; out_tx=17, seed=0",not_peripheral,4,11,564158,1829538,4,17,0.000358,0.000338,3.242953,1,False,False,0,0.507464,15
100000001533161100,peripheral,0.0,52,0.052172,"depth=4 cutoff; in_deg=1, in_kzt=100000, out_deg=0; onward transfers unobserved",censored_depth4,1,0,100000,0,1,0,0.000326,0.0,0.0,4,False,True,0,0.0,1
100000001534244100,peripheral,0.0,4,0.059582,"no rule: b=0.000022<0.002, in_deg=2, out_deg=1, in_kzt=366000, out_kzt=45000, out/in=0.12, depth=3, seed=0",below_thresholds,2,1,366000,45000,2,1,0.000343,2.2e-05,0.122951,3,False,False,0,0.0,3
100000001537524100,peripheral,0.0,23,0.05274,"depth=4 cutoff; in_deg=1, in_kzt=150000, out_deg=0; onward transfers unobserved",censored_depth4,1,0,150000,0,1,0,0.0003,0.0,0.0,4,False,True,0,-1.0,1
100000001538095100,peripheral,0.0,23,0.057214,"no rule: b=0.000000<0.002, in_deg=2, out_deg=0, in_kzt=280000, out_kzt=0, out/in=0.00, depth=3, seed=0",below_thresholds,2,0,280000,0,2,0,0.000332,0.0,0.0,3,False,False,0,0.0,2
100000001541418100,peripheral,0.0,4,0.055681,"no rule: b=0.000000<0.002, in_deg=2, out_deg=0, in_kzt=96900, out_kzt=0, out/in=0.00, depth=2, seed=0",below_thresholds,2,0,96900,0,2,0,0.000305,0.0,0.0,2,False,False,0,0.0,2
100000001549194100,peripheral,0.0,40,0.050904,"in_deg=1, out_deg=0, in_kzt=46500<500000, in_tx=1, depth=3<4",single_edge_leaf,1,0,46500,0,1,0,0.0003,0.0,0.0,3,False,False,0,0.0,1
100000001550388100,peripheral,0.0,0,0.053513,"in_deg=1, out_deg=0, in_kzt=50000<500000, in_tx=1, depth=1<4",single_edge_leaf,1,0,50000,0,1,0,0.000296,0.0,0.0,1,False,False,0,0.0,1
100000001550419100,peripheral,0.0,40,0.049437,"in_deg=1, out_deg=0, in_kzt=23000<500000, in_tx=1, depth=3<4",single_edge_leaf,1,0,23000,0,1,0,0.000293,0.0,0.0,3,False,False,0,0.0,1
100000001554432100,peripheral,0.0,2,0.053677,"in_deg=1, out_deg=0, in_kzt=53920<500000, in_tx=1, depth=1<4",single_edge_leaf,1,0,53920,0,1,0,0.000298,0.0,0.0,1,False,False,0,0.0,1
100000001557930100,peripheral,0.0,1,0.051086,"in_deg=1, out_deg=0, in_kzt=34610<500000, in_tx=1, depth=2<4",single_edge_leaf,1,0,34610,0,1,0,0.000293,0.0,0.0,2,False,False,0,-1.0,1
100000001567366100,terminal,0.82407,5,0.508698,"in_kzt=824070>=500000; in_deg=1, out_deg=0, depth=1<4; observed endpoint",not_peripheral,1,0,824070,0,4,0,0.000376,0.0,0.0,1,False,False,0,0.0,1
100000001578517100,peripheral,0.0,5,0.050786,"in_deg=1, out_deg=0, in_kzt=30000<500000, in_tx=1, depth=2<4",single_edge_leaf,1,0,30000,0,1,0,0.000292,0.0,0.0,2,False,False,0,0.0,1
100000001584286100,terminal,0.738699,23,0.509727,"in_kzt=738699>=500000; in_deg=2, out_deg=0, depth=2<4; observed endpoint",not_peripheral,2,0,738699,0,3,0,0.00033,0.0,0.0,2,False,False,0,0.0,2
100000001590795100,peripheral,0.0,47,0.04588,"depth=4 cutoff; in_deg=1, in_kzt=5060, out_deg=0; onward transfers unobserved",censored_depth4,1,0,5060,0,1,0,0.00029,0.0,0.0,4,False,True,0,0.0,1
100000001597424100,peripheral,0.0,40,0.050975,"in_deg=1, out_deg=0, in_kzt=48100<500000, in_tx=1, depth=3<4",single_edge_leaf,1,0,48100,0,1,0,0.000301,0.0,0.0,3,False,False,0,0.0,1
100000001597505100,peripheral,0.0,41,0.053195,"no rule: b=0.000010<0.002, in_deg=1, out_deg=1, in_kzt=26460, out_kzt=12920, out/in=0.49, depth=2, seed=0",below_thresholds,1,1,26460,12920,1,1,0.000316,1e-05,0.488284,2,False,False,0,-1.0,2
100000001598625100,peripheral,0.0,8,0.050382,"depth=4 cutoff; in_deg=1, in_kzt=25000, out_deg=0; onward transfers unobserved",censored_depth4,1,0,25000,0,1,0,0.000431,0.0,0.0,4,False,True,0,0.0,1
100000001600934100,peripheral,0.0,8,0.070813,"no rule: b=0.000000<0.002, in_deg=1, out_deg=1, in_kzt=180300, out_kzt=11000, out/in=0.06, depth=3, seed=0",below_thresholds,1,1,180300,11000,2,1,0.002422,0.0,0.061009,3,False,False,0,0.0,1
100000001601320100,transit,0.844828,1,0.455117,"out/in=1.06 in [0.8,1.2]; in_kzt=43500, out_kzt=46200, matched_2d=0.00",not_peripheral,2,1,43500,46200,2,1,0.000815,1e-06,1.062069,2,False,False,0,0.0,3
100000001609499100,peripheral,0.0,0,0.06257,"no rule: b=0.000187<0.002, in_deg=3, out_deg=2, in_kzt=263113, out_kzt=21000, out/in=0.08, depth=1, seed=0",below_thresholds,3,2,263113,21000,3,2,0.000322,0.000187,0.079814,1,False,False,1,0.038006,4
100000001611488100,terminal,0.7793,10,0.547197,"in_kzt=779300>=500000; in_deg=2, out_deg=0, depth=3<4; observed endpoint",not_peripheral,2,0,779300,0,3,0,0.000881,0.0,0.0,3,False,False,0,0.0,2
100000001616816100,peripheral,0.0,1,0.082485,"no rule: b=0.000106<0.002, in_deg=5, out_deg=3, in_kzt=176195, out_kzt=181326, out/in=1.03, depth=0, seed=1",below_thresholds,5,3,176195,181326,12,10,0.002446,0.000106,1.029121,0,True,False,0,0.690911,3
100000001632325100,peripheral,0.0,21,0.052123,"in_deg=1, out_deg=0, in_kzt=85600<500000, in_tx=3, depth=3<4",single_edge_leaf,1,0,85600,0,3,0,0.0003,0.0,0.0,3,False,False,0,0.0,1
100000001633685100,peripheral,0.0,0,0.055902,"no rule: b=0.000000<0.002, in_deg=3, out_deg=0, in_kzt=45000, out_kzt=0, out/in=0.00, depth=2, seed=0",below_thresholds,3,0,45000,0,3,0,0.000308,0.0,0.0,2,False,False,0,0.0,3
100000001637376100,peripheral,0.0,10,0.056476,"no rule: b=0.000020<0.002, in_deg=1, out_deg=1, in_kzt=116700, out_kzt=234250, out/in=2.01, depth=3, seed=0",below_thresholds,1,1,116700,234250,1,2,0.000291,2e-05,2.007284,3,False,False,0,0.994002,2
100000001639766100,peripheral,0.0,1,0.052523,"in_deg=1, out_deg=0, in_kzt=20000<500000, in_tx=1, depth=3<4",single_edge_leaf,1,0,20000,0,1,0,0.000655,0.0,0.0,3,False,False,0,0.0,1
100000001641789100,peripheral,0.0,1,0.053272,"in_deg=1, out_deg=0, in_kzt=17826<500000, in_tx=1, depth=1<4",single_edge_leaf,1,0,17826,0,1,0,0.000491,0.0,0.0,1,False,False,0,0.0,1
100000001641951100,peripheral,0.0,2,0.050689,"in_deg=1, out_deg=0, in_kzt=25000<500000, in_tx=4, depth=2<4",single_edge_leaf,1,0,25000,0,4,0,0.00032,0.0,0.0,2,False,False,0,0.0,1
100000001648936100,peripheral,0.0,1,0.053156,"in_deg=1, out_deg=0, in_kzt=92740<500000, in_tx=1, depth=2<4",single_edge_leaf,1,0,92740,0,1,0,0.000305,0.0,0.0,2,False,False,0,0.0,1
100000001650895100,peripheral,0.0,17,0.055819,"no rule: b=0.000022<0.002, in_deg=1, out_deg=1, in_kzt=153500, out_kzt=10000, out/in=0.07, depth=3, seed=0",below_thresholds,1,1,153500,10000,1,1,0.000311,2.2e-05,0.065147,3,False,False,0,0.0,2
100000001660397100,transit,0.979424,0,0.442307,"out/in=1.01 in [0.8,1.2]; in_kzt=48600, out_kzt=49000, matched_2d=0.76",not_peripheral,2,3,48600,49000,2,4,0.000296,0.000512,1.00823,1,False,False,3,0.761317,4
100000001669260100,peripheral,0.0,34,0.057589,"depth=4 cutoff; in_deg=1, in_kzt=500000, out_deg=0; onward transfers unobserved",censored_depth4,1,0,500000,0,1,0,0.000563,0.0,0.0,4,False,True,0,0.0,1
100000001674850100,peripheral,0.0,42,0.056731,"no rule: b=0.000000<0.002, in_deg=2, out_deg=0, in_kzt=237000, out_kzt=0, out/in=0.00, depth=3, seed=0",below_thresholds,2,0,237000,0,2,0,0.000315,0.0,0.0,3,False,False,0,0.0,2
100000001677389100,peripheral,0.0,27,0.050366,"no rule: b=0.000020<0.002, in_deg=1, out_deg=1, in_kzt=11000, out_kzt=5400, out/in=0.49, depth=3, seed=0",below_thresholds,1,1,11000,5400,1,1,0.00029,2e-05,0.490909,3,False,False,0,0.0,2
100000001677929100,peripheral,0.0,1,0.076728,"no rule: b=0.000001<0.002, in_deg=3, out_deg=2, in_kzt=126777, out_kzt=286098, out/in=2.26, depth=2, seed=0",below_thresholds,3,2,126777,286098,3,4,0.003343,1e-06,2.256703,2,False,False,0,0.605607,3
100000001680944100,peripheral,0.0,46,0.055602,"in_deg=1, out_deg=0, in_kzt=393000<500000, in_tx=1, depth=3<4",single_edge_leaf,1,0,393000,0,1,0,0.000347,0.0,0.0,3,False,False,0,-1.0,1
100000001684867100,peripheral,0.0,5,0.052473,"in_deg=1, out_deg=0, in_kzt=30550<500000, in_tx=1, depth=1<4",single_edge_leaf,1,0,30550,0,1,0,0.00029,0.0,0.0,1,False,False,0,0.0,1
100000001686328100,peripheral,0.0,4,0.053256,"in_deg=1, out_deg=0, in_kzt=140000<500000, in_tx=1, depth=3<4",single_edge_leaf,1,0,140000,0,1,0,0.000316,0.0,0.0,3,False,False,0,-1.0,1
100000001688676100,peripheral,0.0,43,0.053102,"in_deg=1, out_deg=0, in_kzt=133700<500000, in_tx=1, depth=3<4",single_edge_leaf,1,0,133700,0,1,0,0.00031,0.0,0.0,3,False,False,0,0.0,1
100000001689968100,consolidator,0.5,10,0.594376,"in_deg=3>=3, in_kzt=344334>=100000; out_deg=0, out_kzt=0, depth=3<4; no observed onward transfers",not_peripheral,3,0,344334,0,3,0,0.000341,0.0,0.0,3,False,False,0,0.0,3
100000001690439100,peripheral,0.0,0,0.050204,"in_deg=1, out_deg=0, in_kzt=14200<500000, in_tx=1, depth=3<4",single_edge_leaf,1,0,14200,0,1,0,0.000479,0.0,0.0,3,False,False,0,0.0,1
100000001690558100,terminal,0.74,43,0.488637,"in_kzt=740000>=500000; in_deg=1, out_deg=0, depth=3<4; observed endpoint",not_peripheral,1,0,740000,0,1,0,0.000414,0.0,0.0,3,False,False,0,0.0,1
100000001696818100,peripheral,0.0,2,0.053686,"in_deg=1, out_deg=0, in_kzt=53550<500000, in_tx=1, depth=1<4",single_edge_leaf,1,0,53550,0,1,0,0.0003,0.0,0.0,1,False,False,0,0.0,1
100000001697501100,distributor,1.0,21,0.749474,"out_deg=38>=10, out_kzt=1482606>=500000; out_tx=55, seed=0",not_peripheral,3,38,123700,1482606,3,55,0.000594,0.000209,11.985497,1,False,False,2,1.0,38
100000001703168100,peripheral,0.0,2,0.055432,"no rule: b=0.000020<0.002, in_deg=1, out_deg=1, in_kzt=45000, out_kzt=90000, out/in=2.00, depth=2, seed=0",below_thresholds,1,1,45000,90000,1,1,0.000294,2e-05,2.0,2,False,False,0,1.0,2
100000001714173100,terminal,0.638905,46,0.498752,"in_kzt=638905>=500000; in_deg=1, out_deg=0, depth=3<4; observed endpoint",not_peripheral,1,0,638905,0,6,0,0.000573,0.0,0.0,3,False,False,0,0.0,1
100000001714413100,peripheral,0.0,10,0.054215,"in_deg=1, out_deg=0, in_kzt=250172<500000, in_tx=1, depth=3<4",single_edge_leaf,1,0,250172,0,1,0,0.000295,0.0,0.0,3,False,False,0,0.0,1
100000001714883100,peripheral,0.0,47,0.046508,"depth=4 cutoff; in_deg=1, in_kzt=6900, out_deg=0; onward transfers unobserved",censored_depth4,1,0,6900,0,1,0,0.000291,0.0,0.0,4,False,True,0,0.0,1
100000001716579100,peripheral,0.0,21,0.0509,"in_deg=1, out_deg=0, in_kzt=13916<500000, in_tx=1, depth=1<4",single_edge_leaf,1,0,13916,0,1,0,0.00029,0.0,0.0,1,False,False,0,0.0,1
100000001724740100,peripheral,0.0,4,0.055383,"depth=4 cutoff; in_deg=1, in_kzt=185000, out_deg=0; onward transfers unobserved",censored_depth4,1,0,185000,0,4,0,0.000539,0.0,0.0,4,False,True,0,0.0,1
100000001726614100,peripheral,0.0,0,0.053077,"in_deg=1, out_deg=0, in_kzt=138717<500000, in_tx=1, depth=3<4",single_edge_leaf,1,0,138717,0,1,0,0.000299,0.0,0.0,3,False,False,0,0.0,1
100000001732159100,peripheral,0.0,42,0.078289,"no rule: b=0.000021<0.002, in_deg=2, out_deg=4, in_kzt=2378100, out_kzt=1505966, out/in=0.63, depth=0, seed=1",below_thresholds,2,4,2378100,1505966,30,23,0.001099,2.1e-05,0.633264,0,True,False,0,0.399544,4
100000001733216100,peripheral,0.0,0,0.051931,"depth=4 cutoff; in_deg=1, in_kzt=60000, out_deg=0; onward transfers unobserved",censored_depth4,1,0,60000,0,2,0,0.000409,0.0,0.0,4,False,True,0,0.0,1
100000001733687100,peripheral,0.0,4,0.054698,"in_deg=1, out_deg=0, in_kzt=300000<500000, in_tx=1, depth=3<4",single_edge_leaf,1,0,300000,0,1,0,0.000308,0.0,0.0,3,False,False,0,-1.0,1
100000001737722100,peripheral,0.0,2,0.052448,"in_deg=1, out_deg=0, in_kzt=60460<500000, in_tx=1, depth=2<4",single_edge_leaf,1,0,60460,0,1,0,0.00032,0.0,0.0,2,False,False,0,0.0,1
100000001740277100,peripheral,0.0,1,0.048243,"no rule: b=0.000000<0.002, in_deg=1, out_deg=1, in_kzt=8700, out_kzt=5000, out/in=0.57, depth=3, seed=0",below_thresholds,1,1,8700,5000,1,1,0.000374,0.0,0.574713,3,False,False,0,0.574713,1
100000001745217100,peripheral,0.0,0,0.050967,"in_deg=1, out_deg=0, in_kzt=50000<500000, in_tx=1, depth=3<4",single_edge_leaf,1,0,50000,0,1,0,0.000291,0.0,0.0,3,False,False,0,0.0,1
100000001746925100,peripheral,0.0,2,0.056512,"no rule: b=0.000121<0.002, in_deg=1, out_deg=1, in_kzt=65250, out_kzt=5000, out/in=0.08, depth=1, seed=0",below_thresholds,1,1,65250,5000,1,1,0.0003,0.000121,0.076628,1,False,False,0,0.0,2
100000001782980100,peripheral,0.0,26,0.059931,"no rule: b=0.000001<0.002, in_deg=1, out_deg=1, in_kzt=50000, out_kzt=596200, out/in=11.92, depth=2, seed=0",below_thresholds,1,1,50000,596200,1,3,0.000372,1e-06,11.924,2,False,False,0,0.0,2
100000001784279100,peripheral,0.0,0,0.050281,"in_deg=1, out_deg=0, in_kzt=35674<500000, in_tx=1, depth=3<4",single_edge_leaf,1,0,35674,0,1,0,0.00029,0.0,0.0,3,False,False,0,0.0,1
100000001785161100,peripheral,0.0,32,0.052766,"no rule: b=0.000000<0.002, in_deg=2, out_deg=0, in_kzt=30000, out_kzt=0, out/in=0.00, depth=3, seed=0",below_thresholds,2,0,30000,0,2,0,0.000333,0.0,0.0,3,False,False,0,0.0,2
100000001788284100,peripheral,0.0,13,0.061202,"no rule: b=0.000060<0.002, in_deg=1, out_deg=5, in_kzt=8000, out_kzt=296700, out/in=37.09, depth=3, seed=0",below_thresholds,1,5,8000,296700,1,8,0.000301,6e-05,37.0875,3,False,False,0,1.0,5
100000001805543100,peripheral,0.0,5,0.053815,"in_deg=1, out_deg=0, in_kzt=59000<500000, in_tx=1, depth=1<4",single_edge_leaf,1,0,59000,0,1,0,0.000293,0.0,0.0,1,False,False,0,0.0,1
100000001808684100,peripheral,0.0,1,0.059151,"no rule: b=0.000000<0.002, in_deg=1, out_deg=1, in_kzt=48400, out_kzt=37700, out/in=0.78, depth=3, seed=0",below_thresholds,1,1,48400,37700,3,2,0.001177,0.0,0.778926,3,False,False,0,0.619835,1
100000001816678100,peripheral,0.0,2,0.051015,"depth=4 cutoff; in_deg=1, in_kzt=60000, out_deg=0; onward transfers unobserved",censored_depth4,1,0,60000,0,1,0,0.000311,0.0,0.0,4,False,True,0,0.0,1
100000001818442100,peripheral,0.0,17,0.050735,"in_deg=1, out_deg=0, in_kzt=42215<500000, in_tx=1, depth=3<4",single_edge_leaf,1,0,42215,0,1,0,0.000303,0.0,0.0,3,False,False,0,0.0,1
100000001819396100,peripheral,0.0,14,0.053711,"in_deg=1, out_deg=0, in_kzt=166080<500000, in_tx=1, depth=3<4",single_edge_leaf,1,0,166080,0,1,0,0.000329,0.0,0.0,3,False,False,0,0.0,1
100000001822623100,peripheral,0.0,28,0.054893,"in_deg=1, out_deg=0, in_kzt=201300<500000, in_tx=1, depth=2<4",single_edge_leaf,1,0,201300,0,1,0,0.000325,0.0,0.0,2,False,False,0,0.0,1
100000001822650100,peripheral,0.0,4,0.052225,"depth=4 cutoff; in_deg=1, in_kzt=112000, out_deg=0; onward transfers unobserved",censored_depth4,1,0,112000,0,1,0,0.000307,0.0,0.0,4,False,True,0,-1.0,1
100000001825934100,peripheral,0.0,25,0.056461,"no rule: b=0.000001<0.002, in_deg=1, out_deg=1, in_kzt=40000, out_kzt=97000, out/in=2.42, depth=3, seed=0",below_thresholds,1,1,40000,97000,1,1,0.000478,1e-06,2.425,3,False,False,0,0.0,2
100000001831496100,peripheral,0.0,11,0.057436,"no rule: b=0.000002<0.002, in_deg=1, out_deg=1, in_kzt=25000, out_kzt=373000, out/in=14.92, depth=3, seed=0",below_thresholds,1,1,25000,373000,1,1,0.000294,2e-06,14.92,3,False,False,0,0.0,2
100000001835625100,peripheral,0.0,10,0.051761,"in_deg=1, out_deg=0, in_kzt=75130<500000, in_tx=1, depth=3<4",single_edge_leaf,1,0,75130,0,1,0,0.000289,0.0,0.0,3,False,False,0,0.0,1
100000001837130100,peripheral,0.0,0,0.053545,"in_deg=1, out_deg=0, in_kzt=172900<500000, in_tx=1, depth=3<4",single_edge_leaf,1,0,172900,0,1,0,0.000302,0.0,0.0,3,False,False,0,0.0,1
100000001845505100,peripheral,0.0,8,0.051466,"depth=4 cutoff; in_deg=1, in_kzt=20000, out_deg=0; onward transfers unobserved",censored_depth4,1,0,20000,0,1,0,0.000595,0.0,0.0,4,False,True,0,0.0,1
100000001848426100,peripheral,0.0,1,0.05322,"in_deg=1, out_deg=0, in_kzt=95530<500000, in_tx=1, depth=2<4",single_edge_leaf,1,0,95530,0,1,0,0.000305,0.0,0.0,2,False,False,0,0.0,1
100000001851289100,peripheral,0.0,5,0.0551,"in_deg=1, out_deg=0, in_kzt=109510<500000, in_tx=3, depth=1<4",single_edge_leaf,1,0,109510,0,3,0,0.000299,0.0,0.0,1,False,False,0,0.0,1
100000001852140100,peripheral,0.0,53,0.05476,"in_deg=1, out_deg=0, in_kzt=30000<500000, in_tx=1, depth=3<4",single_edge_leaf,1,0,30000,0,1,0,0.000808,0.0,0.0,3,False,False,0,0.0,1
100000001853812100,peripheral,0.0,8,0.05173,"in_deg=1, out_deg=0, in_kzt=70000<500000, in_tx=1, depth=3<4",single_edge_leaf,1,0,70000,0,1,0,0.000301,0.0,0.0,3,False,False,0,0.0,1
100000001857829100,distributor,0.8,8,0.728862,"out_deg=16>=10, out_kzt=2390993>=500000; out_tx=16, seed=0",not_peripheral,6,16,888535,2390993,9,16,0.000623,0.001993,2.690938,2,False,False,2,1.0,20
100000001860090100,peripheral,0.0,1,0.047195,"in_deg=1, out_deg=0, in_kzt=5000<500000, in_tx=1, depth=3<4",single_edge_leaf,1,0,5000,0,1,0,0.00038,0.0,0.0,3,False,False,0,-1.0,1
100000001870116100,peripheral,0.0,21,0.052008,"in_deg=1, out_deg=0, in_kzt=24000<500000, in_tx=1, depth=1<4",single_edge_leaf,1,0,24000,0,1,0,0.000292,0.0,0.0,1,False,False,0,0.0,1
100000001872484100,peripheral,0.0,39,0.080618,"no rule: b=0.000001<0.002, in_deg=1, out_deg=3, in_kzt=871400, out_kzt=514580, out/in=0.59, depth=1, seed=0",below_thresholds,1,3,871400,514580,13,9,0.002311,1e-06,0.590521,1,False,False,0,0.091095,3
100000001875167100,terminal,1.0,10,0.48626,"in_kzt=1000000>=500000; in_deg=1, out_deg=0, depth=3<4; observed endpoint",not_peripheral,1,0,1000000,0,2,0,0.000319,0.0,0.0,3,False,False,0,0.0,1
100000001875239100,consolidator,0.5,4,0.608392,"in_deg=3>=3, in_kzt=712000>=100000; out_deg=0, out_kzt=0, depth=3<4; no observed onward transfers",not_peripheral,3,0,712000,0,3,0,0.000335,0.0,0.0,3,False,False,0,0.0,3
100000001884825100,consolidator,0.5,4,0.60171,"in_deg=3>=3, in_kzt=495000>=100000; out_deg=0, out_kzt=0, depth=3<4; no observed onward transfers",not_peripheral,3,0,495000,0,3,0,0.000342,0.0,0.0,3,False,False,0,0.0,3
100000001887715100,consolidator,0.5,46,0.671408,"in_deg=3>=2*out_deg(1); in_kzt=1331500>=100000, out_kzt=750000, out/in=0.56",not_peripheral,3,1,1331500,750000,4,1,0.000734,2.3e-05,0.563275,3,False,False,0,-1.0,4
100000001893287100,peripheral,0.0,1,0.056266,"no rule: b=0.000000<0.002, in_deg=1, out_deg=1, in_kzt=18000, out_kzt=152700, out/in=8.48, depth=3, seed=0",below_thresholds,1,1,18000,152700,3,14,0.000621,0.0,8.483333,3,False,False,0,1.0,1
100000001899164100,peripheral,0.0,7,0.071868,"no rule: b=0.000129<0.002, in_deg=4, out_deg=3, in_kzt=291675, out_kzt=76500, out/in=0.26, depth=1, seed=0",below_thresholds,4,3,291675,76500,5,3,0.001181,0.000129,0.262278,1,False,False,0,0.0,5
100000001904863100,terminal,0.5,40,0.494623,"in_kzt=500000>=500000; in_deg=1, out_deg=0, depth=2<4; observed endpoint",not_peripheral,1,0,500000,0,1,0,0.000484,0.0,0.0,2,False,False,0,-1.0,1
100000001924185100,peripheral,0.0,11,0.058295,"no rule: b=0.000000<0.002, in_deg=2, out_deg=0, in_kzt=151000, out_kzt=0, out/in=0.00, depth=1, seed=0",below_thresholds,2,0,151000,0,2,0,0.000312,0.0,0.0,1,False,False,0,0.0,2
100000001927599100,peripheral,0.0,17,0.056392,"no rule: b=0.000000<0.002, in_deg=2, out_deg=0, in_kzt=188000, out_kzt=0, out/in=0.00, depth=3, seed=0",below_thresholds,2,0,188000,0,2,0,0.000329,0.0,0.0,3,False,False,0,0.0,2
100000001929088100,peripheral,0.0,1,0.060288,"no rule: b=0.000000<0.002, in_deg=2, out_deg=0, in_kzt=396010, out_kzt=0, out/in=0.00, depth=1, seed=0",below_thresholds,2,0,396010,0,2,0,0.000319,0.0,0.0,1,False,False,0,0.0,2
100000001934935100,peripheral,0.0,0,0.052717,"in_deg=1, out_deg=0, in_kzt=118935<500000, in_tx=1, depth=3<4",single_edge_leaf,1,0,118935,0,1,0,0.000294,0.0,0.0,3,False,False,0,0.0,1
100000001937767100,peripheral,0.0,40,0.071884,"no rule: b=0.000058<0.002, in_deg=1, out_deg=4, in_kzt=53000, out_kzt=1933000, out/in=36.47, depth=1, seed=0",below_thresholds,1,4,53000,1933000,1,6,0.000895,5.8e-05,36.471698,1,False,False,0,1.0,4
100000001952325100,peripheral,0.0,21,0.054463,"in_deg=1, out_deg=0, in_kzt=77888<500000, in_tx=2, depth=1<4",single_edge_leaf,1,0,77888,0,2,0,0.000303,0.0,0.0,1,False,False,0,0.0,1
100000001953577100,peripheral,0.0,21,0.051132,"in_deg=1, out_deg=0, in_kzt=15600<500000, in_tx=1, depth=1<4",single_edge_leaf,1,0,15600,0,1,0,0.00029,0.0,0.0,1,False,False,0,0.0,1
100000001954534100,peripheral,0.0,0,0.053668,"no rule: b=0.000020<0.002, in_deg=1, out_deg=1, in_kzt=13000, out_kzt=40000, out/in=3.08, depth=3, seed=0",below_thresholds,1,1,13000,40000,1,1,0.000368,2e-05,3.076923,3,False,False,0,0.0,2
100000001954903100,peripheral,0.0,11,0.050659,"in_deg=1, out_deg=0, in_kzt=27118<500000, in_tx=1, depth=2<4",single_edge_leaf,1,0,27118,0,1,0,0.0003,0.0,0.0,2,False,False,0,0.0,1
100000001957974100,peripheral,0.0,40,0.055344,"depth=4 cutoff; in_deg=1, in_kzt=500000, out_deg=0; onward transfers unobserved",censored_depth4,1,0,500000,0,1,0,0.000322,0.0,0.0,4,False,True,0,0.0,1
100000001960517100,peripheral,0.0,1,0.056881,"in_deg=1, out_deg=0, in_kzt=200000<500000, in_tx=1, depth=1<4",single_edge_leaf,1,0,200000,0,1,0,0.000361,0.0,0.0,1,False,False,0,0.0,1
100000001961048100,peripheral,0.0,32,0.054126,"in_deg=1, out_deg=0, in_kzt=150000<500000, in_tx=1, depth=2<4",single_edge_leaf,1,0,150000,0,1,0,0.000306,0.0,0.0,2,False,False,0,0.0,1
100000001965374100,peripheral,0.0,20,0.074797,"no rule: b=0.000002<0.002, in_deg=2, out_deg=3, in_kzt=1759720, out_kzt=3082100, out/in=1.75, depth=2, seed=0",below_thresholds,2,3,1759720,3082100,8,5,0.001287,2e-06,1.751472,2,False,False,0,0.075035,4
100000001969496100,peripheral,0.0,40,0.049413,"in_deg=1, out_deg=0, in_kzt=22740<500000, in_tx=1, depth=3<4",single_edge_leaf,1,0,22740,0,1,0,0.000293,0.0,0.0,3,False,False,0,0.0,1
100000001985793100,peripheral,0.0,49,0.056821,"in_deg=1, out_deg=0, in_kzt=420000<500000, in_tx=1, depth=2<4",single_edge_leaf,1,0,420000,0,1,0,0.000374,0.0,0.0,2,False,False,0,0.0,1
100000001987030100,peripheral,0.0,3,0.056701,"no rule: b=0.000058<0.002, in_deg=2, out_deg=1, in_kzt=30864, out_kzt=19000, out/in=0.62, depth=1, seed=0",below_thresholds,2,1,30864,19000,2,1,0.000295,5.8e-05,0.615604,1,False,False,0,0.0,3
100000001991973100,peripheral,0.0,47,0.048779,"depth=4 cutoff; in_deg=1, in_kzt=20800, out_deg=0; onward transfers unobserved",censored_depth4,1,0,20800,0,1,0,0.000298,0.0,0.0,4,False,True,0,0.0,1
100000002015633100,peripheral,0.0,10,0.052234,"in_deg=1, out_deg=0, in_kzt=94970<500000, in_tx=1, depth=3<4",single_edge_leaf,1,0,94970,0,1,0,0.00029,0.0,0.0,3,False,False,0,0.0,1
100000002028158100,peripheral,0.0,3,0.051139,"in_deg=1, out_deg=0, in_kzt=34800<500000, in_tx=1, depth=2<4",single_edge_leaf,1,0,34800,0,1,0,0.000298,0.0,0.0,2,False,False,0,0.0,1
100000002032323100,peripheral,0.0,42,0.060543,"no rule: b=0.000020<0.002, in_deg=1, out_deg=1, in_kzt=300000, out_kzt=1050000, out/in=3.50, depth=3, seed=0",below_thresholds,1,1,300000,1050000,1,2,0.000406,2e-05,3.5,3,False,False,0,1.0,2
100000002087788100,peripheral,0.0,10,0.05664,"in_deg=1, out_deg=0, in_kzt=100500<500000, in_tx=1, depth=2<4",single_edge_leaf,1,0,100500,0,1,0,0.000661,0.0,0.0,2,False,False,0,0.0,1
100000002095257100,peripheral,0.0,7,0.048428,"in_deg=1, out_deg=0, in_kzt=8500<500000, in_tx=1, depth=3<4",single_edge_leaf,1,0,8500,0,1,0,0.000398,0.0,0.0,3,False,False,0,0.0,1
100000002103448100,peripheral,0.0,21,0.049735,"in_deg=1, out_deg=0, in_kzt=27000<500000, in_tx=1, depth=3<4",single_edge_leaf,1,0,27000,0,1,0,0.000291,0.0,0.0,3,False,False,0,0.0,1
100000002109656100,terminal,0.5,23,0.473819,"in_kzt=500000>=500000; in_deg=1, out_deg=0, depth=3<4; observed endpoint",not_peripheral,1,0,500000,0,1,0,0.000311,0.0,0.0,3,False,False,0,0.0,1
100000002116705100,peripheral,0.0,21,0.048867,"in_deg=1, out_deg=0, in_kzt=17600<500000, in_tx=1, depth=3<4",single_edge_leaf,1,0,17600,0,1,0,0.00029,0.0,0.0,3,False,False,0,0.0,1
100000002119762100,peripheral,0.0,10,0.053569,"depth=4 cutoff; in_deg=1, in_kzt=77000, out_deg=0; onward transfers unobserved",censored_depth4,1,0,77000,0,6,0,0.000532,0.0,0.0,4,False,True,0,0.0,1
100000002121357100,peripheral,0.0,42,0.05872,"no rule: b=0.000022<0.002, in_deg=2, out_deg=1, in_kzt=255300, out_kzt=113000, out/in=0.44, depth=3, seed=0",below_thresholds,2,1,255300,113000,2,1,0.000328,2.2e-05,0.442617,3,False,False,0,0.0,3
100000002126791100,peripheral,0.0,4,0.059624,"depth=4 cutoff; in_deg=1, in_kzt=1313000, out_deg=0; onward transfers unobserved",censored_depth4,1,0,1313000,0,3,0,0.000574,0.0,0.0,4,False,True,0,0.0,1
100000002130400100,peripheral,0.0,25,0.047513,"depth=4 cutoff; in_deg=1, in_kzt=10000, out_deg=0; onward transfers unobserved",censored_depth4,1,0,10000,0,1,0,0.000319,0.0,0.0,4,False,True,0,-1.0,1
100000002132479100,peripheral,0.0,40,0.053736,"no rule: b=0.000000<0.002, in_deg=1, out_deg=1, in_kzt=30000, out_kzt=20000, out/in=0.67, depth=2, seed=0",below_thresholds,1,1,30000,20000,2,1,0.000609,0.0,0.666667,2,False,False,0,0.0,1
100000002152857100,peripheral,0.0,49,0.067469,"no rule: b=0.000319<0.002, in_deg=1, out_deg=5, in_kzt=105000, out_kzt=1230000, out/in=11.71, depth=1, seed=0",below_thresholds,1,5,105000,1230000,1,6,0.000301,0.000319,11.714286,1,False,False,1,1.0,6
100000002156381100,peripheral,0.0,54,0.06204,"no rule: b=0.000043<0.002, in_deg=2, out_deg=1, in_kzt=61000, out_kzt=21800, out/in=0.36, depth=2, seed=0",below_thresholds,2,1,61000,21800,7,3,0.001087,4.3e-05,0.357377,2,False,False,0,0.142857,2
100000002158488100,peripheral,0.0,21,0.05258,"in_deg=1, out_deg=0, in_kzt=31723<500000, in_tx=1, depth=1<4",single_edge_leaf,1,0,31723,0,1,0,0.000294,0.0,0.0,1,False,False,0,0.0,1
100000002170580100,peripheral,0.0,11,0.05462,"in_deg=1, out_deg=0, in_kzt=150000<500000, in_tx=1, depth=2<4",single_edge_leaf,1,0,150000,0,1,0,0.000359,0.0,0.0,2,False,False,0,0.0,1
100000002173070100,peripheral,0.0,5,0.050786,"in_deg=1, out_deg=0, in_kzt=30000<500000, in_tx=1, depth=2<4",single_edge_leaf,1,0,30000,0,1,0,0.000292,0.0,0.0,2,False,False,0,0.0,1
100000002173161100,consolidator,0.5,5,0.656764,"in_deg=3>=3, in_kzt=1427500>=100000; out_deg=0, out_kzt=0, depth=1<4; no observed onward transfers",not_peripheral,3,0,1427500,0,5,0,0.000437,0.0,0.0,1,False,False,0,0.0,3
100000002175422100,peripheral,0.0,35,0.07146,"no rule: b=0.000161<0.002, in_deg=3, out_deg=6, in_kzt=68500, out_kzt=1621188, out/in=23.67, depth=2, seed=0",below_thresholds,3,6,68500,1621188,5,14,0.000849,0.000161,23.666978,2,False,False,0,0.708029,6
100000002182176100,peripheral,0.0,0,0.053174,"in_deg=1, out_deg=0, in_kzt=42465<500000, in_tx=1, depth=1<4",single_edge_leaf,1,0,42465,0,1,0,0.000295,0.0,0.0,1,False,False,0,0.0,1
100000002184107100,peripheral,0.0,38,0.046759,"in_deg=1, out_deg=0, in_kzt=6066<500000, in_tx=1, depth=3<4",single_edge_leaf,1,0,6066,0,1,0,0.000291,0.0,0.0,3,False,False,0,0.0,1
100000002185328100,peripheral,0.0,31,0.058329,"no rule: b=0.000063<0.002, in_deg=1, out_deg=4, in_kzt=15000, out_kzt=55000, out/in=3.67, depth=3, seed=0",below_thresholds,1,4,15000,55000,1,4,0.000353,6.3e-05,3.666667,3,False,False,0,0.0,5
100000002188586100,peripheral,0.0,17,0.050028,"depth=4 cutoff; in_deg=1, in_kzt=38310, out_deg=0; onward transfers unobserved",censored_depth4,1,0,38310,0,1,0,0.000301,0.0,0.0,4,False,True,0,0.0,1
100000002188829100,peripheral,0.0,2,0.058324,"in_deg=1, out_deg=0, in_kzt=400000<500000, in_tx=1, depth=1<4",single_edge_leaf,1,0,400000,0,1,0,0.000367,0.0,0.0,1,False,False,0,0.0,1
100000002193259100,peripheral,0.0,7,0.061876,"no rule: b=0.000066<0.002, in_deg=2, out_deg=3, in_kzt=48000, out_kzt=58000, out/in=1.21, depth=2, seed=0",below_thresholds,2,3,48000,58000,2,3,0.000895,6.6e-05,1.208333,2,False,False,0,0.833333,3
100000002194320100,peripheral,0.0,45,0.055707,"depth=4 cutoff; in_deg=1, in_kzt=275000, out_deg=0; onward transfers unobserved",censored_depth4,1,0,275000,0,1,0,0.000489,0.0,0.0,4,False,True,0,0.0,1
100000002194329100,peripheral,0.0,0,0.049569,"in_deg=1, out_deg=0, in_kzt=25170<500000, in_tx=1, depth=3<4",single_edge_leaf,1,0,25170,0,1,0,0.000288,0.0,0.0,3,False,False,0,0.0,1
100000002199091100,peripheral,0.0,21,0.052489,"in_deg=1, out_deg=0, in_kzt=65000<500000, in_tx=1, depth=2<4",single_edge_leaf,1,0,65000,0,1,0,0.000309,0.0,0.0,2,False,False,0,0.0,1
100000002205022100,peripheral,0.0,30,0.064357,"no rule: b=0.000055<0.002, in_deg=1, out_deg=3, in_kzt=7100, out_kzt=518000, out/in=72.96, depth=2, seed=0",below_thresholds,1,3,7100,518000,1,3,0.000548,5.5e-05,72.957746,2,False,False,0,0.84507,4
100000002208836100,peripheral,0.0,10,0.052012,"depth=4 cutoff; in_deg=1, in_kzt=90000, out_deg=0; onward transfers unobserved",censored_depth4,1,0,90000,0,1,0,0.000331,0.0,0.0,4,False,True,0,-1.0,1
100000002211413100,peripheral,0.0,21,0.052897,"in_deg=1, out_deg=0, in_kzt=37000<500000, in_tx=1, depth=1<4",single_edge_leaf,1,0,37000,0,1,0,0.000295,0.0,0.0,1,False,False,0,0.0,1
100000002212494100,peripheral,0.0,35,0.053911,"in_deg=1, out_deg=0, in_kzt=160000<500000, in_tx=1, depth=3<4",single_edge_leaf,1,0,160000,0,1,0,0.000358,0.0,0.0,3,False,False,0,0.0,1
100000002214207100,peripheral,0.0,25,0.055536,"depth=4 cutoff; in_deg=1, in_kzt=97000, out_deg=0; onward transfers unobserved",censored_depth4,1,0,97000,0,1,0,0.000694,0.0,0.0,4,False,True,0,0.0,1
100000002214301100,peripheral,0.0,0,0.054207,"no rule: b=0.000098<0.002, in_deg=1, out_deg=1, in_kzt=21438, out_kzt=8000, out/in=0.37, depth=1, seed=0",below_thresholds,1,1,21438,8000,1,1,0.000291,9.8e-05,0.373169,1,False,False,0,0.0,2
100000002214383100,peripheral,0.0,21,0.055612,"depth=4 cutoff; in_deg=1, in_kzt=213000, out_deg=0; onward transfers unobserved",censored_depth4,1,0,213000,0,1,0,0.000533,0.0,0.0,4,False,True,0,0.0,1
100000002214570100,peripheral,0.0,21,0.052208,"in_deg=1, out_deg=0, in_kzt=26471<500000, in_tx=1, depth=1<4",single_edge_leaf,1,0,26471,0,1,0,0.000292,0.0,0.0,1,False,False,0,0.0,1
100000002214664100,peripheral,0.0,21,0.054231,"no rule: b=0.000001<0.002, in_deg=1, out_deg=1, in_kzt=7950, out_kzt=76950, out/in=9.68, depth=3, seed=0",below_thresholds,1,1,7950,76950,1,2,0.000288,1e-06,9.679245,3,False,False,0,-1.0,2
100000002216999100,peripheral,0.0,21,0.049468,"in_deg=1, out_deg=0, in_kzt=23677<500000, in_tx=1, depth=3<4",single_edge_leaf,1,0,23677,0,1,0,0.000291,0.0,0.0,3,False,False,0,0.0,1
100000002217161100,peripheral,0.0,38,0.07242,"no rule: b=0.000158<0.002, in_deg=2, out_deg=7, in_kzt=404750, out_kzt=995132, out/in=2.46, depth=2, seed=0",below_thresholds,2,7,404750,995132,15,19,0.000895,0.000158,2.458634,2,False,False,0,0.540003,8
100000002217806100,peripheral,0.0,18,0.052282,"depth=4 cutoff; in_deg=1, in_kzt=55000, out_deg=0; onward transfers unobserved",censored_depth4,1,0,55000,0,2,0,0.000466,0.0,0.0,4,False,True,0,0.0,1
100000002224132100,peripheral,0.0,20,0.085013,"no rule: b=0.000006<0.002, in_deg=5, out_deg=4, in_kzt=3951020, out_kzt=12115000, out/in=3.07, depth=2, seed=0",below_thresholds,5,4,3951020,12115000,10,25,0.006085,6e-06,3.066297,2,False,False,0,0.400726,6
100000002227960100,peripheral,0.0,31,0.047343,"depth=4 cutoff; in_deg=1, in_kzt=10000, out_deg=0; onward transfers unobserved",censored_depth4,1,0,10000,0,1,0,0.000301,0.0,0.0,4,False,True,0,0.0,1
100000002227989100,peripheral,0.0,31,0.049615,"depth=4 cutoff; in_deg=1, in_kzt=20000, out_deg=0; onward transfers unobserved",censored_depth4,1,0,20000,0,1,0,0.000396,0.0,0.0,4,False,True,0,0.0,1
100000002229615100,peripheral,0.0,31,0.053091,"depth=4 cutoff; in_deg=1, in_kzt=25000, out_deg=0; onward transfers unobserved",censored_depth4,1,0,25000,0,1,0,0.000722,0.0,0.0,4,False,True,0,0.0,1
100000002231144100,peripheral,0.0,31,0.048786,"depth=4 cutoff; in_deg=1, in_kzt=15000, out_deg=0; onward transfers unobserved",censored_depth4,1,0,15000,0,1,0,0.000369,0.0,0.0,4,False,True,0,0.0,1
100000002232266100,peripheral,0.0,8,0.050801,"in_deg=1, out_deg=0, in_kzt=45000<500000, in_tx=1, depth=3<4",single_edge_leaf,1,0,45000,0,1,0,0.000296,0.0,0.0,3,False,False,0,0.0,1
100000002236528100,peripheral,0.0,1,0.051682,"in_deg=1, out_deg=0, in_kzt=66000<500000, in_tx=1, depth=3<4",single_edge_leaf,1,0,66000,0,1,0,0.000309,0.0,0.0,3,False,False,0,0.0,1
100000002241986100,peripheral,0.0,29,0.067553,"no rule: b=0.000117<0.002, in_deg=1, out_deg=6, in_kzt=280000, out_kzt=3077000, out/in=10.99, depth=3, seed=0",below_thresholds,1,6,280000,3077000,1,12,0.000296,0.000117,10.989286,3,False,False,0,-1.0,7
100000002242066100,peripheral,0.0,38,0.053111,"depth=4 cutoff; in_deg=1, in_kzt=60000, out_deg=0; onward transfers unobserved",censored_depth4,1,0,60000,0,1,0,0.000536,0.0,0.0,4,False,True,0,0.0,1
100000002242455100,peripheral,0.0,10,0.054306,"depth=4 cutoff; in_deg=1, in_kzt=110000, out_deg=0; onward transfers unobserved",censored_depth4,1,0,110000,0,1,0,0.000535,0.0,0.0,4,False,True,0,0.0,1
100000002243354100,peripheral,0.0,21,0.051724,"in_deg=1, out_deg=0, in_kzt=20879<500000, in_tx=1, depth=1<4",single_edge_leaf,1,0,20879,0,1,0,0.000291,0.0,0.0,1,False,False,0,0.0,1
100000002255058100,peripheral,0.0,2,0.056801,"in_deg=1, out_deg=0, in_kzt=491500<500000, in_tx=2, depth=3<4",single_edge_leaf,1,0,491500,0,2,0,0.000428,0.0,0.0,3,False,False,0,0.0,1
100000002257794100,peripheral,0.0,33,0.058548,"in_deg=1, out_deg=0, in_kzt=154000<500000, in_tx=1, depth=3<4",single_edge_leaf,1,0,154000,0,1,0,0.000864,0.0,0.0,3,False,False,0,0.0,1
100000002258492100,peripheral,0.0,50,0.049384,"depth=4 cutoff; in_deg=1, in_kzt=9000, out_deg=0; onward transfers unobserved",censored_depth4,1,0,9000,0,1,0,0.000542,0.0,0.0,4,False,True,0,0.0,1
100000002267998100,peripheral,0.0,28,0.074311,"no rule: b=0.000060<0.002, in_deg=2, out_deg=3, in_kzt=420000, out_kzt=1115000, out/in=2.65, depth=2, seed=0",below_thresholds,2,3,420000,1115000,4,12,0.001596,6e-05,2.654762,2,False,False,0,0.595238,3
100000002284426100,peripheral,0.0,10,0.052126,"in_deg=1, out_deg=0, in_kzt=90000<500000, in_tx=2, depth=3<4",single_edge_leaf,1,0,90000,0,2,0,0.00029,0.0,0.0,3,False,False,0,0.0,1
100000002289937100,peripheral,0.0,21,0.051636,"in_deg=1, out_deg=0, in_kzt=20000<500000, in_tx=1, depth=1<4",single_edge_leaf,1,0,20000,0,1,0,0.000291,0.0,0.0,1,False,False,0,0.0,1
100000002293421100,transit,0.634146,0,0.466797,"out/in=1.15 in [0.8,1.2]; in_kzt=41000, out_kzt=47000, matched_2d=0.28",not_peripheral,2,2,41000,47000,6,5,0.000979,2e-05,1.146341,2,False,False,0,0.277778,3
100000002299948100,peripheral,0.0,41,0.047832,"in_deg=1, out_deg=0, in_kzt=6750<500000, in_tx=1, depth=2<4",single_edge_leaf,1,0,6750,0,1,0,0.000294,0.0,0.0,2,False,False,0,0.0,1
100000002301828100,peripheral,0.0,27,0.05087,"in_deg=1, out_deg=0, in_kzt=46977<500000, in_tx=1, depth=3<4",single_edge_leaf,1,0,46977,0,1,0,0.000294,0.0,0.0,3,False,False,0,0.0,1
100000002304943100,peripheral,0.0,31,0.048217,"depth=4 cutoff; in_deg=1, in_kzt=15000, out_deg=0; onward transfers unobserved",censored_depth4,1,0,15000,0,1,0,0.000308,0.0,0.0,4,False,True,0,0.0,1
100000002305007100,peripheral,0.0,21,0.051233,"in_deg=1, out_deg=0, in_kzt=56000<500000, in_tx=1, depth=3<4",single_edge_leaf,1,0,56000,0,1,0,0.000296,0.0,0.0,3,False,False,0,0.0,1
100000002305477100,peripheral,0.0,31,0.048856,"depth=4 cutoff; in_deg=1, in_kzt=20000, out_deg=0; onward transfers unobserved",censored_depth4,1,0,20000,0,1,0,0.000315,0.0,0.0,4,False,True,0,0.0,1
100000002306369100,peripheral,0.0,2,0.065172,"no rule: b=0.000071<0.002, in_deg=1, out_deg=6, in_kzt=73166, out_kzt=260900, out/in=3.57, depth=1, seed=0",below_thresholds,1,6,73166,260900,1,9,0.000301,7.1e-05,3.565864,1,False,False,4,0.0,7
100000002308091100,peripheral,0.0,23,0.056132,"in_deg=1, out_deg=0, in_kzt=186720<500000, in_tx=1, depth=3<4",single_edge_leaf,1,0,186720,0,1,0,0.000564,0.0,0.0,3,False,False,0,0.0,1
100000002320495100,peripheral,0.0,27,0.050153,"depth=4 cutoff; in_deg=1, in_kzt=13526, out_deg=0; onward transfers unobserved",censored_depth4,1,0,13526,0,1,0,0.000538,0.0,0.0,4,False,True,0,0.0,1
100000002324543100,peripheral,0.0,4,0.05245,"in_deg=1, out_deg=0, in_kzt=30202<500000, in_tx=1, depth=1<4",single_edge_leaf,1,0,30202,0,1,0,0.00029,0.0,0.0,1,False,False,0,0.0,1
100000002335358100,peripheral,0.0,5,0.056871,"in_deg=1, out_deg=0, in_kzt=140000<500000, in_tx=2, depth=2<4",single_edge_leaf,1,0,140000,0,2,0,0.000615,0.0,0.0,2,False,False,0,0.0,1
100000002340562100,peripheral,0.0,1,0.053433,"in_deg=1, out_deg=0, in_kzt=36650<500000, in_tx=2, depth=2<4",single_edge_leaf,1,0,36650,0,2,0,0.000533,0.0,0.0,2,False,False,0,0.0,1
100000002343825100,peripheral,0.0,42,0.061852,"no rule: b=0.000044<0.002, in_deg=3, out_deg=2, in_kzt=350000, out_kzt=89800, out/in=0.26, depth=3, seed=0",below_thresholds,3,2,350000,89800,4,2,0.000335,4.4e-05,0.256571,3,False,False,0,0.142857,5
100000002346166100,peripheral,0.0,21,0.046703,"in_deg=1, out_deg=0, in_kzt=6000<500000, in_tx=1, depth=3<4",single_edge_leaf,1,0,6000,0,1,0,0.000288,0.0,0.0,3,False,False,0,0.0,1
100000002356167100,peripheral,0.0,10,0.058752,"no rule: b=0.000039<0.002, in_deg=1, out_deg=2, in_kzt=300000, out_kzt=29500, out/in=0.10, depth=3, seed=0",below_thresholds,1,2,300000,29500,1,3,0.000297,3.9e-05,0.098333,3,False,False,0,0.018333,3
100000002369443100,peripheral,0.0,21,0.050998,"in_deg=1, out_deg=0, in_kzt=50000<500000, in_tx=1, depth=3<4",single_edge_leaf,1,0,50000,0,1,0,0.000295,0.0,0.0,3,False,False,0,0.0,1
100000002369454100,peripheral,0.0,8,0.050382,"depth=4 cutoff; in_deg=1, in_kzt=25000, out_deg=0; onward transfers unobserved",censored_depth4,1,0,25000,0,1,0,0.000431,0.0,0.0,4,False,True,0,0.0,1
100000002369510100,peripheral,0.0,21,0.050387,"in_deg=1, out_deg=0, in_kzt=37150<500000, in_tx=1, depth=3<4",single_edge_leaf,1,0,37150,0,1,0,0.000293,0.0,0.0,3,False,False,0,-1.0,1
100000002369874100,consolidator,0.666667,4,0.618685,"in_deg=4>=3, in_kzt=600000>=100000; out_deg=0, out_kzt=0, depth=3<4; no observed onward transfers",not_peripheral,4,0,600000,0,4,0,0.000339,0.0,0.0,3,False,False,0,0.0,4
100000002371751100,peripheral,0.0,36,0.061344,"no rule: b=0.000000<0.002, in_deg=1, out_deg=1, in_kzt=200000, out_kzt=250000, out/in=1.25, depth=1, seed=0",below_thresholds,1,1,200000,250000,5,1,0.000531,0.0,1.25,1,False,False,0,0.85,2
100000002371892100,peripheral,0.0,55,0.050359,"depth=4 cutoff; in_deg=1, in_kzt=43830, out_deg=0; onward transfers unobserved",censored_depth4,1,0,43830,0,1,0,0.000308,0.0,0.0,4,False,True,0,0.0,1
100000002373144100,peripheral,0.0,0,0.053251,"no rule: b=0.000020<0.002, in_deg=1, out_deg=1, in_kzt=46468, out_kzt=10764, out/in=0.23, depth=3, seed=0",below_thresholds,1,1,46468,10764,1,1,0.000291,2e-05,0.231643,3,False,False,0,0.0,2
100000002373386100,peripheral,0.0,21,0.049496,"in_deg=1, out_deg=0, in_kzt=24000<500000, in_tx=1, depth=3<4",single_edge_leaf,1,0,24000,0,1,0,0.000291,0.0,0.0,3,False,False,0,0.0,1
100000002380341100,peripheral,0.0,0,0.051427,"in_deg=1, out_deg=0, in_kzt=57566<500000, in_tx=1, depth=3<4",single_edge_leaf,1,0,57566,0,1,0,0.000311,0.0,0.0,3,False,False,0,0.0,1
100000002391278100,peripheral,0.0,49,0.052039,"no rule: b=0.000000<0.002, in_deg=1, out_deg=1, in_kzt=30000, out_kzt=52700, out/in=1.76, depth=3, seed=0",below_thresholds,1,1,30000,52700,5,2,0.000395,0.0,1.756667,3,False,False,0,0.666667,1
100000002394199100,peripheral,0.0,1,0.071673,"no rule: b=0.000000<0.002, in_deg=1, out_deg=1, in_kzt=277398, out_kzt=76777, out/in=0.28, depth=3, seed=0",below_thresholds,1,1,277398,76777,3,1,0.00305,0.0,0.276776,3,False,False,0,0.276776,1
100000002398779100,consolidator,1.0,0,0.823115,"in_deg=13>=2*out_deg(1); in_kzt=1095690>=100000, out_kzt=66000, out/in=0.06",not_peripheral,13,1,1095690,66000,28,3,0.001607,1.3e-05,0.060236,2,False,False,0,0.060236,14
100000002404112100,peripheral,0.0,14,0.051205,"depth=4 cutoff; in_deg=1, in_kzt=60000, out_deg=0; onward transfers unobserved",censored_depth4,1,0,60000,0,1,0,0.000332,0.0,0.0,4,False,True,0,-1.0,1
100000002432143100,peripheral,0.0,2,0.053194,"in_deg=1, out_deg=0, in_kzt=81310<500000, in_tx=1, depth=2<4",single_edge_leaf,1,0,81310,0,1,0,0.000337,0.0,0.0,2,False,False,0,0.0,1
100000002433697100,transit,0.615385,10,0.41479,"out/in=0.85 in [0.8,1.2]; in_kzt=130000, out_kzt=110000, matched_2d=0.85",not_peripheral,1,1,130000,110000,1,1,0.000291,2e-05,0.846154,3,False,False,0,0.846154,2
100000002435265100,peripheral,0.0,0,0.052942,"in_deg=1, out_deg=0, in_kzt=132628<500000, in_tx=3, depth=3<4",single_edge_leaf,1,0,132628,0,3,0,0.000294,0.0,0.0,3,False,False,0,0.0,1
100000002443664100,consolidator,0.5,23,0.61227,"in_deg=3>=3, in_kzt=556880>=100000; out_deg=0, out_kzt=0, depth=2<4; no observed onward transfers",not_peripheral,3,0,556880,0,3,0,0.00034,0.0,0.0,2,False,False,0,0.0,3
100000002445750100,peripheral,0.0,0,0.057218,"no rule: b=0.000020<0.002, in_deg=1, out_deg=1, in_kzt=70000, out_kzt=10000, out/in=0.14, depth=2, seed=0",below_thresholds,1,1,70000,10000,1,1,0.00054,2e-05,0.142857,2,False,False,0,0.0,2
100000002448088100,peripheral,0.0,31,0.057128,"no rule: b=0.000021<0.002, in_deg=3, out_deg=1, in_kzt=20000, out_kzt=25000, out/in=1.25, depth=3, seed=0",below_thresholds,3,1,20000,25000,3,1,0.000511,2.1e-05,1.25,3,False,False,0,0.5,4
100000002454724100,peripheral,0.0,32,0.053733,"in_deg=1, out_deg=0, in_kzt=125000<500000, in_tx=3, depth=2<4",single_edge_leaf,1,0,125000,0,3,0,0.000303,0.0,0.0,2,False,False,0,0.0,1
100000002457464100,peripheral,0.0,2,0.052675,"in_deg=1, out_deg=0, in_kzt=66647<500000, in_tx=1, depth=2<4",single_edge_leaf,1,0,66647,0,1,0,0.000324,0.0,0.0,2,False,False,0,0.0,1
100000002459093100,peripheral,0.0,49,0.059757,"no rule: b=0.000001<0.002, in_deg=1, out_deg=1, in_kzt=500000, out_kzt=55000, out/in=0.11, depth=2, seed=0",below_thresholds,1,1,500000,55000,2,3,0.000391,1e-06,0.11,2,False,False,0,0.0,2
100000002459163100,peripheral,0.0,39,0.050658,"in_deg=1, out_deg=0, in_kzt=20180<500000, in_tx=1, depth=2<4",single_edge_leaf,1,0,20180,0,1,0,0.000363,0.0,0.0,2,False,False,0,0.0,1
100000002459164100,peripheral,0.0,0,0.051494,"in_deg=1, out_deg=0, in_kzt=20000<500000, in_tx=1, depth=3<4",single_edge_leaf,1,0,20000,0,1,0,0.000544,0.0,0.0,3,False,False,0,-1.0,1
100000002459240100,peripheral,0.0,10,0.053163,"in_deg=1, out_deg=0, in_kzt=150000<500000, in_tx=1, depth=3<4",single_edge_leaf,1,0,150000,0,1,0,0.000292,0.0,0.0,3,False,False,0,0.0,1
100000002459832100,terminal,0.880606,34,0.510768,"in_kzt=880606>=500000; in_deg=2, out_deg=0, depth=3<4; observed endpoint",not_peripheral,2,0,880606,0,2,0,0.000395,0.0,0.0,3,False,False,0,0.0,2
100000002462183100,peripheral,0.0,56,0.055839,"in_deg=1, out_deg=0, in_kzt=107500<500000, in_tx=3, depth=1<4",single_edge_leaf,1,0,107500,0,3,0,0.000382,0.0,0.0,1,False,False,0,0.0,1
100000002469065100,peripheral,0.0,5,0.054835,"in_deg=1, out_deg=0, in_kzt=200000<500000, in_tx=1, depth=2<4",single_edge_leaf,1,0,200000,0,1,0,0.00032,0.0,0.0,2,False,False,0,0.0,1
100000002472632100,peripheral,0.0,13,0.066237,"no rule: b=0.000020<0.002, in_deg=2, out_deg=1, in_kzt=502400, out_kzt=20000, out/in=0.04, depth=3, seed=0",below_thresholds,2,1,502400,20000,3,1,0.00099,2e-05,0.039809,3,False,False,0,0.0,3
100000002474570100,peripheral,0.0,47,0.046463,"depth=4 cutoff; in_deg=1, in_kzt=6750, out_deg=0; onward transfers unobserved",censored_depth4,1,0,6750,0,1,0,0.00029,0.0,0.0,4,False,True,0,0.0,1
100000002475601100,peripheral,0.0,34,0.054146,"in_deg=1, out_deg=0, in_kzt=232301<500000, in_tx=1, depth=3<4",single_edge_leaf,1,0,232301,0,1,0,0.000303,0.0,0.0,3,False,False,0,0.0,1
100000002478829100,peripheral,0.0,31,0.050607,"depth=4 cutoff; in_deg=1, in_kzt=34000, out_deg=0; onward transfers unobserved",censored_depth4,1,0,34000,0,1,0,0.000389,0.0,0.0,4,False,True,0,0.0,1
100000002479804100,peripheral,0.0,2,0.057526,"no rule: b=0.000002<0.002, in_deg=1, out_deg=2, in_kzt=46000, out_kzt=35300, out/in=0.77, depth=1, seed=0",below_thresholds,1,2,46000,35300,1,2,0.000298,2e-06,0.767391,1,False,False,0,0.5,3
100000002480800100,terminal,0.569251,2,0.544323,"in_kzt=569251>=500000; in_deg=2, out_deg=0, depth=1<4; observed endpoint",not_peripheral,2,0,569251,0,2,0,0.000644,0.0,0.0,1,False,False,0,0.0,2
100000002481735100,peripheral,0.0,5,0.050881,"in_deg=1, out_deg=0, in_kzt=22436<500000, in_tx=2, depth=2<4",single_edge_leaf,1,0,22436,0,2,0,0.000364,0.0,0.0,2,False,False,0,0.0,1
100000002481974100,peripheral,0.0,8,0.060548,"no rule: b=0.000040<0.002, in_deg=2, out_deg=2, in_kzt=89447, out_kzt=318000, out/in=3.56, depth=3, seed=0",below_thresholds,2,2,89447,318000,2,4,0.000333,4e-05,3.555178,3,False,False,0,0.659608,4
100000002487222100,peripheral,0.0,10,0.051831,"depth=4 cutoff; in_deg=1, in_kzt=90000, out_deg=0; onward transfers unobserved",censored_depth4,1,0,90000,0,2,0,0.000312,0.0,0.0,4,False,True,0,0.0,1
100000002488629100,peripheral,0.0,1,0.052645,"in_deg=1, out_deg=0, in_kzt=73050<500000, in_tx=1, depth=2<4",single_edge_leaf,1,0,73050,0,1,0,0.000301,0.0,0.0,2,False,False,0,0.0,1
100000002489253100,peripheral,0.0,5,0.05195,"in_deg=1, out_deg=0, in_kzt=51000<500000, in_tx=1, depth=2<4",single_edge_leaf,1,0,51000,0,1,0,0.000303,0.0,0.0,2,False,False,0,0.0,1
100000002492277100,peripheral,0.0,2,0.053996,"in_deg=1, out_deg=0, in_kzt=138500<500000, in_tx=1, depth=2<4",single_edge_leaf,1,0,138500,0,1,0,0.000309,0.0,0.0,2,False,False,0,-1.0,1
100000002505277100,peripheral,0.0,0,0.051931,"depth=4 cutoff; in_deg=1, in_kzt=60000, out_deg=0; onward transfers unobserved",censored_depth4,1,0,60000,0,1,0,0.000409,0.0,0.0,4,False,True,0,0.0,1
100000002506987100,peripheral,0.0,17,0.049381,"depth=4 cutoff; in_deg=1, in_kzt=28200, out_deg=0; onward transfers unobserved",censored_depth4,1,0,28200,0,1,0,0.000297,0.0,0.0,4,False,True,0,0.0,1
100000002508637100,peripheral,0.0,34,0.057181,"no rule: b=0.000001<0.002, in_deg=1, out_deg=1, in_kzt=306410, out_kzt=8000, out/in=0.03, depth=3, seed=0",below_thresholds,1,1,306410,8000,1,1,0.000309,1e-06,0.026109,3,False,False,0,0.0,2
100000002509598100,peripheral,0.0,23,0.054674,"in_deg=1, out_deg=0, in_kzt=305550<500000, in_tx=1, depth=3<4",single_edge_leaf,1,0,305550,0,1,0,0.000301,0.0,0.0,3,False,False,0,0.0,1
100000002511581100,peripheral,0.0,21,0.048867,"in_deg=1, out_deg=0, in_kzt=17600<500000, in_tx=1, depth=3<4",single_edge_leaf,1,0,17600,0,1,0,0.00029,0.0,0.0,3,False,False,0,0.0,1
100000002511825100,peripheral,0.0,0,0.054063,"in_deg=1, out_deg=0, in_kzt=65000<500000, in_tx=1, depth=1<4",single_edge_leaf,1,0,65000,0,1,0,0.000299,0.0,0.0,1,False,False,0,0.0,1
100000002512742100,peripheral,0.0,47,0.046224,"depth=4 cutoff; in_deg=1, in_kzt=6000, out_deg=0; onward transfers unobserved",censored_depth4,1,0,6000,0,1,0,0.00029,0.0,0.0,4,False,True,0,0.0,1
100000002513028100,peripheral,0.0,57,0.060395,"no rule: b=0.000062<0.002, in_deg=1, out_deg=3, in_kzt=9500, out_kzt=332709, out/in=35.02, depth=3, seed=0",below_thresholds,1,3,9500,332709,1,24,0.000307,6.2e-05,35.022,3,False,False,0,-1.0,4
100000002514975100,peripheral,0.0,14,0.050674,"depth=4 cutoff; in_deg=1, in_kzt=17920, out_deg=0; onward transfers unobserved",censored_depth4,1,0,17920,0,1,0,0.000533,0.0,0.0,4,False,True,0,0.0,1
100000002516862100,peripheral,0.0,57,0.052003,"depth=4 cutoff; in_deg=1, in_kzt=81710, out_deg=0; onward transfers unobserved",censored_depth4,1,0,81710,0,5,0,0.000351,0.0,0.0,4,False,True,0,0.0,1
100000002521039100,peripheral,0.0,0,0.054989,"in_deg=1, out_deg=0, in_kzt=349370<500000, in_tx=1, depth=3<4",single_edge_leaf,1,0,349370,0,1,0,0.000307,0.0,0.0,3,False,False,0,0.0,1
100000002527114100,distributor,1.0,21,0.831588,"out_deg=111>=10, out_kzt=3289249>=500000; out_tx=113, seed=1",not_peripheral,3,111,129000,3289249,4,113,0.000815,0.000197,25.498054,0,True,False,1,1.0,111
100000002528544100,peripheral,0.0,34,0.053749,"in_deg=1, out_deg=0, in_kzt=192912<500000, in_tx=1, depth=3<4",single_edge_leaf,1,0,192912,0,1,0,0.000301,0.0,0.0,3,False,False,0,0.0,1
100000002528978100,peripheral,0.0,17,0.048195,"depth=4 cutoff; in_deg=1, in_kzt=15900, out_deg=0; onward transfers unobserved",censored_depth4,1,0,15900,0,1,0,0.000293,0.0,0.0,4,False,True,0,0.0,1
100000002529877100,peripheral,0.0,23,0.053678,"depth=4 cutoff; in_deg=1, in_kzt=232000, out_deg=0; onward transfers unobserved",censored_depth4,1,0,232000,0,1,0,0.000307,0.0,0.0,4,False,True,0,0.0,1
100000002529880100,peripheral,0.0,42,0.055704,"no rule: b=0.000000<0.002, in_deg=2, out_deg=0, in_kzt=147000, out_kzt=0, out/in=0.00, depth=3, seed=0",below_thresholds,2,0,147000,0,2,0,0.000308,0.0,0.0,3,False,False,0,0.0,2
100000002530224100,peripheral,0.0,4,0.052607,"in_deg=1, out_deg=0, in_kzt=113000<500000, in_tx=1, depth=3<4",single_edge_leaf,1,0,113000,0,1,0,0.000293,0.0,0.0,3,False,False,0,0.0,1
100000002531406100,transit,0.903846,34,0.437842,"out/in=0.96 in [0.8,1.2]; in_kzt=520000, out_kzt=500000, matched_2d=0.00",not_peripheral,1,1,520000,500000,1,1,0.000324,1e-06,0.961538,3,False,False,0,0.0,2
100000002534091100,peripheral,0.0,8,0.049406,"in_deg=1, out_deg=0, in_kzt=22200<500000, in_tx=1, depth=3<4",single_edge_leaf,1,0,22200,0,1,0,0.000298,0.0,0.0,3,False,False,0,0.0,1
100000002537811100,peripheral,0.0,11,0.062278,"no rule: b=0.000027<0.002, in_deg=1, out_deg=1, in_kzt=52000, out_kzt=15000, out/in=0.29, depth=3, seed=0",below_thresholds,1,1,52000,15000,1,1,0.001236,2.7e-05,0.288462,3,False,False,0,0.0,2
100000002539625100,peripheral,0.0,42,0.053589,"in_deg=1, out_deg=0, in_kzt=94700<500000, in_tx=1, depth=2<4",single_edge_leaf,1,0,94700,0,1,0,0.000347,0.0,0.0,2,False,False,0,0.0,1
100000002540033100,peripheral,0.0,46,0.050118,"depth=4 cutoff; in_deg=1, in_kzt=10000, out_deg=0; onward transfers unobserved",censored_depth4,1,0,10000,0,1,0,0.000599,0.0,0.0,4,False,True,0,0.0,1
100000002540623100,peripheral,0.0,11,0.053588,"in_deg=1, out_deg=0, in_kzt=100000<500000, in_tx=1, depth=2<4",single_edge_leaf,1,0,100000,0,1,0,0.000335,0.0,0.0,2,False,False,0,0.0,1
100000002546921100,peripheral,0.0,40,0.04915,"in_deg=1, out_deg=0, in_kzt=20000<500000, in_tx=1, depth=3<4",single_edge_leaf,1,0,20000,0,1,0,0.000293,0.0,0.0,3,False,False,0,0.0,1
100000002547110100,consolidator,1.0,42,0.67721,"in_deg=6>=3, in_kzt=1500000>=100000; out_deg=0, out_kzt=0, depth=3<4; no observed onward transfers",not_peripheral,6,0,1500000,0,10,0,0.000554,0.0,0.0,3,False,False,0,0.0,6
100000002548759100,peripheral,0.0,4,0.057595,"no rule: b=0.000000<0.002, in_deg=2, out_deg=0, in_kzt=375000, out_kzt=0, out/in=0.00, depth=3, seed=0",below_thresholds,2,0,375000,0,2,0,0.00031,0.0,0.0,3,False,False,0,0.0,2
100000002550141100,peripheral,0.0,8,0.052528,"in_deg=1, out_deg=0, in_kzt=100586<500000, in_tx=1, depth=3<4",single_edge_leaf,1,0,100586,0,1,0,0.000309,0.0,0.0,3,False,False,0,0.0,1
100000002554175100,peripheral,0.0,17,0.049597,"in_deg=1, out_deg=0, in_kzt=24621<500000, in_tx=1, depth=3<4",single_edge_leaf,1,0,24621,0,1,0,0.000296,0.0,0.0,3,False,False,0,0.0,1
100000002556775100,peripheral,0.0,10,0.054592,"in_deg=1, out_deg=0, in_kzt=300000<500000, in_tx=1, depth=3<4",single_edge_leaf,1,0,300000,0,1,0,0.000297,0.0,0.0,3,False,False,0,0.0,1
100000002558173100,peripheral,0.0,41,0.048498,"in_deg=1, out_deg=0, in_kzt=9300<500000, in_tx=1, depth=2<4",single_edge_leaf,1,0,9300,0,1,0,0.000297,0.0,0.0,2,False,False,0,0.0,1
100000002559089100,terminal,0.715,23,0.507174,"in_kzt=715000>=500000; in_deg=2, out_deg=0, depth=3<4; observed endpoint",not_peripheral,2,0,715000,0,2,0,0.000394,0.0,0.0,3,False,False,0,0.0,2
100000002565277100,peripheral,0.0,2,0.058858,"in_deg=1, out_deg=0, in_kzt=483319<500000, in_tx=1, depth=1<4",single_edge_leaf,1,0,483319,0,1,0,0.000384,0.0,0.0,1,False,False,0,0.0,1
100000002566204100,peripheral,0.0,11,0.053077,"in_deg=1, out_deg=0, in_kzt=80805<500000, in_tx=1, depth=2<4",single_edge_leaf,1,0,80805,0,1,0,0.000326,0.0,0.0,2,False,False,0,0.0,1
100000002567887100,peripheral,0.0,10,0.050977,"in_deg=1, out_deg=0, in_kzt=50915<500000, in_tx=1, depth=3<4",single_edge_leaf,1,0,50915,0,1,0,0.000289,0.0,0.0,3,False,False,0,0.0,1
100000002570206100,peripheral,0.0,27,0.056907,"no rule: b=0.000000<0.002, in_deg=2, out_deg=0, in_kzt=166960, out_kzt=0, out/in=0.00, depth=2, seed=0",below_thresholds,2,0,166960,0,2,0,0.00032,0.0,0.0,2,False,False,0,0.0,2
100000002575080100,transit,0.903846,3,0.398713,"out/in=0.96 in [0.8,1.2]; in_kzt=13000, out_kzt=12500, matched_2d=0.96",not_peripheral,1,1,13000,12500,1,1,0.000554,2e-05,0.961538,3,False,False,0,0.961538,2
100000002578405100,distributor,1.0,21,0.745758,"out_deg=116>=10, out_kzt=3108352>=500000; out_tx=120, seed=0",not_peripheral,2,116,1200351,3108352,7,120,0.000572,0.000174,2.589536,2,False,False,1,1.0,116
100000002578653100,peripheral,0.0,8,0.049338,"in_deg=1, out_deg=0, in_kzt=20000<500000, in_tx=1, depth=3<4",single_edge_leaf,1,0,20000,0,1,0,0.000313,0.0,0.0,3,False,False,0,0.0,1
100000002580377100,peripheral,0.0,5,0.055336,"no rule: b=0.000020<0.002, in_deg=1, out_deg=1, in_kzt=37750, out_kzt=5000, out/in=0.13, depth=1, seed=0",below_thresholds,1,1,37750,5000,2,1,0.000291,2e-05,0.13245,1,False,False,0,0.0,2
100000002581346100,peripheral,0.0,10,0.053375,"in_deg=1, out_deg=0, in_kzt=166400<500000, in_tx=1, depth=3<4",single_edge_leaf,1,0,166400,0,1,0,0.000292,0.0,0.0,3,False,False,0,0.0,1
100000002589019100,peripheral,0.0,7,0.052751,"in_deg=1, out_deg=0, in_kzt=34710<500000, in_tx=1, depth=1<4",single_edge_leaf,1,0,34710,0,1,0,0.000293,0.0,0.0,1,False,False,0,0.0,1
100000002591469100,peripheral,0.0,1,0.056646,"in_deg=1, out_deg=0, in_kzt=235670<500000, in_tx=1, depth=1<4",single_edge_leaf,1,0,235670,0,1,0,0.0003,0.0,0.0,1,False,False,0,0.0,1
100000002592567100,peripheral,0.0,5,0.057534,"no rule: b=0.000733<0.002, in_deg=1, out_deg=2, in_kzt=5297, out_kzt=48600, out/in=9.18, depth=1, seed=0",below_thresholds,1,2,5297,48600,1,2,0.000287,0.000733,9.175005,1,False,False,1,0.0,3
100000002593038100,peripheral,0.0,7,0.054126,"in_deg=1, out_deg=0, in_kzt=28500<500000, in_tx=1, depth=2<4",single_edge_leaf,1,0,28500,0,1,0,0.000661,0.0,0.0,2,False,False,0,0.0,1
100000002593344100,peripheral,0.0,4,0.058344,"no rule: b=0.000000<0.002, in_deg=2, out_deg=0, in_kzt=431000, out_kzt=0, out/in=0.00, depth=3, seed=0",below_thresholds,2,0,431000,0,2,0,0.000361,0.0,0.0,3,False,False,0,0.0,2
100000002594214100,peripheral,0.0,29,0.057166,"depth=4 cutoff; in_deg=1, in_kzt=1000000, out_deg=0; onward transfers unobserved",censored_depth4,1,0,1000000,0,1,0,0.000369,0.0,0.0,4,False,True,0,0.0,1
100000002596035100,peripheral,0.0,11,0.056813,"in_deg=1, out_deg=0, in_kzt=231570<500000, in_tx=1, depth=1<4",single_edge_leaf,1,0,231570,0,1,0,0.000322,0.0,0.0,1,False,False,0,0.0,1
100000002596039100,peripheral,0.0,8,0.054039,"depth=4 cutoff; in_deg=1, in_kzt=280000, out_deg=0; onward transfers unobserved",censored_depth4,1,0,280000,0,1,0,0.000306,0.0,0.0,4,False,True,0,0.0,1
100000002597003100,peripheral,0.0,0,0.053818,"no rule: b=0.000020<0.002, in_deg=1, out_deg=1, in_kzt=17700, out_kzt=11000, out/in=0.62, depth=1, seed=0",below_thresholds,1,1,17700,11000,1,1,0.00029,2e-05,0.621469,1,False,False,0,0.0,2
100000002597074100,peripheral,0.0,0,0.047001,"depth=4 cutoff; in_deg=1, in_kzt=8000, out_deg=0; onward transfers unobserved",censored_depth4,1,0,8000,0,1,0,0.000312,0.0,0.0,4,False,True,0,0.0,1
100000002597623100,peripheral,0.0,0,0.048712,"in_deg=1, out_deg=0, in_kzt=16418<500000, in_tx=1, depth=3<4",single_edge_leaf,1,0,16418,0,1,0,0.000288,0.0,0.0,3,False,False,0,0.0,1
100000002599729100,peripheral,0.0,0,0.052822,"depth=4 cutoff; in_deg=1, in_kzt=65000, out_deg=0; onward transfers unobserved",censored_depth4,1,0,65000,0,2,0,0.000488,0.0,0.0,4,False,True,0,0.0,1
100000002600345100,peripheral,0.0,5,0.056048,"no rule: b=0.000000<0.002, in_deg=2, out_deg=0, in_kzt=52400, out_kzt=0, out/in=0.00, depth=1, seed=0",below_thresholds,2,0,52400,0,2,0,0.000297,0.0,0.0,1,False,False,0,0.0,2
100000002603371100,peripheral,0.0,0,0.047604,"in_deg=1, out_deg=0, in_kzt=9300<500000, in_tx=1, depth=3<4",single_edge_leaf,1,0,9300,0,1,0,0.000291,0.0,0.0,3,False,False,0,0.0,1
100000002603478100,peripheral,0.0,7,0.051955,"in_deg=1, out_deg=0, in_kzt=23500<500000, in_tx=1, depth=1<4",single_edge_leaf,1,0,23500,0,1,0,0.000291,0.0,0.0,1,False,False,0,0.0,1
100000002603769100,consolidator,0.5,0,0.662977,"in_deg=3>=3, in_kzt=1185368>=100000; out_deg=0, out_kzt=0, depth=1<4; no observed onward transfers",not_peripheral,3,0,1185368,0,3,0,0.000544,0.0,0.0,1,False,False,0,0.0,3
100000002605184100,peripheral,0.0,3,0.0548,"in_deg=1, out_deg=0, in_kzt=140000<500000, in_tx=1, depth=2<4",single_edge_leaf,1,0,140000,0,1,0,0.000393,0.0,0.0,2,False,False,0,0.0,1
100000002605308100,consolidator,0.5,40,0.693908,"in_deg=3>=3, in_kzt=2569522>=100000; out_deg=0, out_kzt=0, depth=2<4; no observed onward transfers",not_peripheral,3,0,2569522,0,7,0,0.000889,0.0,0.0,2,False,False,0,0.0,3
100000002605548100,peripheral,0.0,11,0.057819,"no rule: b=0.000000<0.002, in_deg=2, out_deg=0, in_kzt=116695, out_kzt=0, out/in=0.00, depth=1, seed=0",below_thresholds,2,0,116695,0,2,0,0.000316,0.0,0.0,1,False,False,0,0.0,2
100000002606567100,peripheral,0.0,0,0.056,"no rule: b=0.000020<0.002, in_deg=1, out_deg=1, in_kzt=14095, out_kzt=53000, out/in=3.76, depth=1, seed=0",below_thresholds,1,1,14095,53000,1,1,0.00029,2e-05,3.760199,1,False,False,0,0.0,2
100000002609774100,peripheral,0.0,17,0.054674,"no rule: b=0.000284<0.002, in_deg=1, out_deg=1, in_kzt=7700, out_kzt=27500, out/in=3.57, depth=1, seed=0",below_thresholds,1,1,7700,27500,1,1,0.000288,0.000284,3.571429,1,False,False,0,0.0,2
100000002611334100,peripheral,0.0,0,0.053474,"no rule: b=0.000020<0.002, in_deg=1, out_deg=1, in_kzt=48288, out_kzt=15500, out/in=0.32, depth=3, seed=0",below_thresholds,1,1,48288,15500,1,1,0.000307,2e-05,0.320991,3,False,False,0,0.0,2
100000002612809100,peripheral,0.0,25,0.058065,"no rule: b=0.000002<0.002, in_deg=1, out_deg=3, in_kzt=30000, out_kzt=114000, out/in=3.80, depth=3, seed=0",below_thresholds,1,3,30000,114000,2,4,0.00043,2e-06,3.8,3,False,False,0,0.5,3
100000002613776100,peripheral,0.0,0,0.050888,"in_deg=1, out_deg=0, in_kzt=30000<500000, in_tx=2, depth=2<4",single_edge_leaf,1,0,30000,0,2,0,0.000303,0.0,0.0,2,False,False,0,0.0,1
100000002613929100,peripheral,0.0,4,0.054441,"in_deg=1, out_deg=0, in_kzt=28560<500000, in_tx=1, depth=3<4",single_edge_leaf,1,0,28560,0,1,0,0.000784,0.0,0.0,3,False,False,0,0.0,1
100000002614095100,peripheral,0.0,21,0.046454,"in_deg=1, out_deg=0, in_kzt=5300<500000, in_tx=1, depth=3<4",single_edge_leaf,1,0,5300,0,1,0,0.000288,0.0,0.0,3,False,False,0,0.0,1
100000002615479100,peripheral,0.0,4,0.056603,"in_deg=1, out_deg=0, in_kzt=220000<500000, in_tx=1, depth=1<4",single_edge_leaf,1,0,220000,0,1,0,0.000311,0.0,0.0,1,False,False,0,0.0,1
100000002618492100,peripheral,0.0,11,0.060192,"no rule: b=0.000000<0.002, in_deg=2, out_deg=0, in_kzt=296500, out_kzt=0, out/in=0.00, depth=1, seed=0",below_thresholds,2,0,296500,0,2,0,0.000371,0.0,0.0,1,False,False,0,0.0,2
100000002621434100,peripheral,0.0,4,0.051927,"in_deg=1, out_deg=0, in_kzt=81000<500000, in_tx=1, depth=3<4",single_edge_leaf,1,0,81000,0,1,0,0.000291,0.0,0.0,3,False,False,0,0.0,1
100000002621915100,peripheral,0.0,5,0.049469,"in_deg=1, out_deg=0, in_kzt=5000<500000, in_tx=1, depth=2<4",single_edge_leaf,1,0,5000,0,1,0,0.000534,0.0,0.0,2,False,False,0,0.0,1
100000002621949100,peripheral,0.0,2,0.056112,"in_deg=1, out_deg=0, in_kzt=164612<500000, in_tx=1, depth=1<4",single_edge_leaf,1,0,164612,0,1,0,0.00032,0.0,0.0,1,False,False,0,0.0,1
100000002622822100,peripheral,0.0,46,0.061648,"depth=4 cutoff; in_deg=1, in_kzt=750000, out_deg=0; onward transfers unobserved",censored_depth4,1,0,750000,0,1,0,0.000912,0.0,0.0,4,False,True,0,-1.0,1
100000002628146100,peripheral,0.0,41,0.051087,"in_deg=1, out_deg=0, in_kzt=30500<500000, in_tx=2, depth=2<4",single_edge_leaf,1,0,30500,0,2,0,0.000321,0.0,0.0,2,False,False,0,-1.0,1
100000002628576100,peripheral,0.0,10,0.062011,"no rule: b=0.000039<0.002, in_deg=2, out_deg=2, in_kzt=727882, out_kzt=539000, out/in=0.74, depth=3, seed=0",below_thresholds,2,2,727882,539000,3,2,0.000313,3.9e-05,0.740505,3,False,False,0,0.0,4
100000002632742100,peripheral,0.0,42,0.056751,"no rule: b=0.000000<0.002, in_deg=2, out_deg=0, in_kzt=235500, out_kzt=0, out/in=0.00, depth=3, seed=0",below_thresholds,2,0,235500,0,2,0,0.000319,0.0,0.0,3,False,False,0,0.0,2
100000002633108100,peripheral,0.0,40,0.055477,"in_deg=1, out_deg=0, in_kzt=320000<500000, in_tx=3, depth=3<4",single_edge_leaf,1,0,320000,0,3,0,0.000378,0.0,0.0,3,False,False,0,0.0,1
100000002633701100,peripheral,0.0,4,0.055336,"in_deg=1, out_deg=0, in_kzt=266850<500000, in_tx=1, depth=2<4",single_edge_leaf,1,0,266850,0,1,0,0.000312,0.0,0.0,2,False,False,0,-1.0,1
100000002635746100,peripheral,0.0,47,0.045973,"depth=4 cutoff; in_deg=1, in_kzt=5300, out_deg=0; onward transfers unobserved",censored_depth4,1,0,5300,0,1,0,0.00029,0.0,0.0,4,False,True,0,-1.0,1
100000002635780100,peripheral,0.0,1,0.056641,"in_deg=1, out_deg=0, in_kzt=163000<500000, in_tx=1, depth=2<4",single_edge_leaf,1,0,163000,0,1,0,0.000558,0.0,0.0,2,False,False,0,0.0,1
100000002644285100,terminal,0.5,23,0.473819,"in_kzt=500000>=500000; in_deg=1, out_deg=0, depth=3<4; observed endpoint",not_peripheral,1,0,500000,0,1,0,0.000311,0.0,0.0,3,False,False,0,0.0,1
100000002645046100,peripheral,0.0,47,0.047637,"depth=4 cutoff; in_deg=1, in_kzt=12000, out_deg=0; onward transfers unobserved",censored_depth4,1,0,12000,0,1,0,0.000293,0.0,0.0,4,False,True,0,0.0,1
100000002645609100,consolidator,0.666667,0,0.643516,"in_deg=4>=3, in_kzt=546821>=100000; out_deg=0, out_kzt=0, depth=1<4; no observed onward transfers",not_peripheral,4,0,546821,0,5,0,0.000357,0.0,0.0,1,False,False,0,0.0,4
100000002645993100,peripheral,0.0,0,0.060423,"no rule: b=0.000095<0.002, in_deg=2, out_deg=5, in_kzt=49650, out_kzt=86980, out/in=1.75, depth=3, seed=0",below_thresholds,2,5,49650,86980,4,9,0.000295,9.5e-05,1.751863,3,False,False,1,1.0,7
100000002646745100,peripheral,0.0,21,0.048145,"in_deg=1, out_deg=0, in_kzt=12300<500000, in_tx=1, depth=3<4",single_edge_leaf,1,0,12300,0,1,0,0.000289,0.0,0.0,3,False,False,0,0.0,1
100000002646887100,peripheral,0.0,42,0.04958,"in_deg=1, out_deg=0, in_kzt=24354<500000, in_tx=1, depth=3<4",single_edge_leaf,1,0,24354,0,1,0,0.000297,0.0,0.0,3,False,False,0,0.0,1
100000002648315100,peripheral,0.0,1,0.059594,"no rule: b=0.000000<0.002, in_deg=1, out_deg=2, in_kzt=132000, out_kzt=76000, out/in=0.58, depth=1, seed=0",below_thresholds,1,2,132000,76000,1,3,0.000294,0.0,0.575758,1,False,False,0,0.0,3
100000002653187100,peripheral,0.0,7,0.049778,"depth=4 cutoff; in_deg=1, in_kzt=15000, out_deg=0; onward transfers unobserved",censored_depth4,1,0,15000,0,1,0,0.000475,0.0,0.0,4,False,True,0,-1.0,1
100000002653948100,peripheral,0.0,10,0.052015,"in_deg=1, out_deg=0, in_kzt=85200<500000, in_tx=1, depth=3<4",single_edge_leaf,1,0,85200,0,1,0,0.00029,0.0,0.0,3,False,False,0,0.0,1
100000002659103100,peripheral,0.0,52,0.053408,"depth=4 cutoff; in_deg=1, in_kzt=165000, out_deg=0; onward transfers unobserved",censored_depth4,1,0,165000,0,1,0,0.000351,0.0,0.0,4,False,True,0,0.0,1
100000002659265100,peripheral,0.0,4,0.052814,"depth=4 cutoff; in_deg=1, in_kzt=141000, out_deg=0; onward transfers unobserved",censored_depth4,1,0,141000,0,1,0,0.000321,0.0,0.0,4,False,True,0,0.0,1
100000002660298100,peripheral,0.0,17,0.049573,"depth=4 cutoff; in_deg=1, in_kzt=30900, out_deg=0; onward transfers unobserved",censored_depth4,1,0,30900,0,1,0,0.000298,0.0,0.0,4,False,True,0,0.0,1
100000002662768100,peripheral,0.0,2,0.054663,"in_deg=1, out_deg=0, in_kzt=84300<500000, in_tx=1, depth=1<4",single_edge_leaf,1,0,84300,0,1,0,0.000308,0.0,0.0,1,False,False,0,0.0,1
100000002663511100,peripheral,0.0,0,0.054506,"in_deg=1, out_deg=0, in_kzt=268940<500000, in_tx=1, depth=3<4",single_edge_leaf,1,0,268940,0,1,0,0.000311,0.0,0.0,3,False,False,0,0.0,1
100000002666248100,peripheral,0.0,2,0.054229,"in_deg=1, out_deg=0, in_kzt=70032<500000, in_tx=1, depth=1<4",single_edge_leaf,1,0,70032,0,1,0,0.000301,0.0,0.0,1,False,False,0,0.0,1
100000002670463100,peripheral,0.0,47,0.049661,"depth=4 cutoff; in_deg=1, in_kzt=31500, out_deg=0; onward transfers unobserved",censored_depth4,1,0,31500,0,1,0,0.000304,0.0,0.0,4,False,True,0,0.0,1
100000002670860100,peripheral,0.0,23,0.060463,"no rule: b=0.000000<0.002, in_deg=2, out_deg=0, in_kzt=450000, out_kzt=0, out/in=0.00, depth=1, seed=0",below_thresholds,2,0,450000,0,2,0,0.00031,0.0,0.0,1,False,False,0,0.0,2
100000002670960100,peripheral,0.0,23,0.055654,"in_deg=1, out_deg=0, in_kzt=480310<500000, in_tx=1, depth=3<4",single_edge_leaf,1,0,480310,0,1,0,0.00031,0.0,0.0,3,False,False,0,0.0,1
100000002671326100,peripheral,0.0,42,0.059718,"depth=4 cutoff; in_deg=1, in_kzt=1050000, out_deg=0; onward transfers unobserved",censored_depth4,1,0,1050000,0,2,0,0.000632,0.0,0.0,4,False,True,0,0.0,1
100000002671806100,peripheral,0.0,7,0.050669,"in_deg=1, out_deg=0, in_kzt=12440<500000, in_tx=1, depth=1<4",single_edge_leaf,1,0,12440,0,1,0,0.000289,0.0,0.0,1,False,False,0,0.0,1
100000002677201100,peripheral,0.0,42,0.05577,"no rule: b=0.000022<0.002, in_deg=1, out_deg=1, in_kzt=150000, out_kzt=87750, out/in=0.58, depth=3, seed=0",below_thresholds,1,1,150000,87750,1,1,0.00031,2.2e-05,0.585,3,False,False,0,0.0,2
100000002679516100,consolidator,0.5,7,0.594009,"in_deg=3>=3, in_kzt=102335>=100000; out_deg=0, out_kzt=0, depth=1<4; no observed onward transfers",not_peripheral,3,0,102335,0,3,0,0.000328,0.0,0.0,1,False,False,0,0.0,3
100000002680477100,peripheral,0.0,23,0.05046,"in_deg=1, out_deg=0, in_kzt=25000<500000, in_tx=1, depth=2<4",single_edge_leaf,1,0,25000,0,1,0,0.000296,0.0,0.0,2,False,False,0,0.0,1
100000002681449100,peripheral,0.0,42,0.060967,"no rule: b=0.000018<0.002, in_deg=2, out_deg=2, in_kzt=94638, out_kzt=133000, out/in=1.41, depth=1, seed=0",below_thresholds,2,2,94638,133000,2,2,0.000296,1.8e-05,1.405355,1,False,False,0,0.125742,4
100000002681544100,peripheral,0.0,1,0.056224,"no rule: b=0.000000<0.002, in_deg=2, out_deg=0, in_kzt=166072, out_kzt=0, out/in=0.00, depth=3, seed=0",below_thresholds,2,0,166072,0,2,0,0.000337,0.0,0.0,3,False,False,0,0.0,2
100000002686226100,peripheral,0.0,27,0.058171,"depth=4 cutoff; in_deg=1, in_kzt=430000, out_deg=0; onward transfers unobserved",censored_depth4,1,0,430000,0,2,0,0.000657,0.0,0.0,4,False,True,0,0.0,1
100000002689717100,peripheral,0.0,17,0.050489,"depth=4 cutoff; in_deg=1, in_kzt=47500, out_deg=0; onward transfers unobserved",censored_depth4,1,0,47500,0,1,0,0.000305,0.0,0.0,4,False,True,0,0.0,1
100000002691583100,peripheral,0.0,14,0.055069,"in_deg=1, out_deg=0, in_kzt=285200<500000, in_tx=1, depth=3<4",single_edge_leaf,1,0,285200,0,1,0,0.000359,0.0,0.0,3,False,False,0,0.0,1
100000002691858100,peripheral,0.0,41,0.052349,"in_deg=1, out_deg=0, in_kzt=51500<500000, in_tx=1, depth=2<4",single_edge_leaf,1,0,51500,0,1,0,0.000344,0.0,0.0,2,False,False,0,0.0,1
100000002692044100,peripheral,0.0,7,0.054898,"in_deg=1, out_deg=0, in_kzt=97000<500000, in_tx=1, depth=1<4",single_edge_leaf,1,0,97000,0,1,0,0.000303,0.0,0.0,1,False,False,0,0.0,1
100000002692750100,consolidator,0.5,1,0.738568,"in_deg=3>=2*out_deg(1); in_kzt=112830>=100000, out_kzt=77000, out/in=0.68",not_peripheral,3,1,112830,77000,3,8,0.002038,2e-05,0.682443,2,False,False,0,0.106355,3
100000002695812100,peripheral,0.0,17,0.052039,"depth=4 cutoff; in_deg=1, in_kzt=95000, out_deg=0; onward transfers unobserved",censored_depth4,1,0,95000,0,1,0,0.000323,0.0,0.0,4,False,True,0,0.0,1
100000002696152100,peripheral,0.0,54,0.062605,"no rule: b=0.000022<0.002, in_deg=1, out_deg=2, in_kzt=21800, out_kzt=69000, out/in=3.17, depth=3, seed=0",below_thresholds,1,2,21800,69000,3,8,0.001211,2.2e-05,3.165138,3,False,False,0,0.587156,2
100000002697752100,peripheral,0.0,8,0.056443,"no rule: b=0.000000<0.002, in_deg=2, out_deg=0, in_kzt=190785, out_kzt=0, out/in=0.00, depth=3, seed=0",below_thresholds,2,0,190785,0,2,0,0.000331,0.0,0.0,3,False,False,0,0.0,2
100000002700161100,peripheral,0.0,48,0.0557,"depth=4 cutoff; in_deg=1, in_kzt=39000, out_deg=0; onward transfers unobserved",censored_depth4,1,0,39000,0,1,0,0.000906,0.0,0.0,4,False,True,0,0.0,1
100000002702968100,peripheral,0.0,17,0.04962,"depth=4 cutoff; in_deg=1, in_kzt=31600, out_deg=0; onward transfers unobserved",censored_depth4,1,0,31600,0,1,0,0.000299,0.0,0.0,4,False,True,0,0.0,1
100000002703376100,peripheral,0.0,0,0.051682,"in_deg=1, out_deg=0, in_kzt=46501<500000, in_tx=1, depth=2<4",single_edge_leaf,1,0,46501,0,1,0,0.000294,0.0,0.0,2,False,False,0,0.0,1
100000002704875100,consolidator,0.5,8,0.610324,"in_deg=3>=3, in_kzt=244891>=100000; out_deg=0, out_kzt=0, depth=1<4; no observed onward transfers",not_peripheral,3,0,244891,0,4,0,0.000316,0.0,0.0,1,False,False,0,0.0,3
100000002705460100,peripheral,0.0,5,0.054752,"in_deg=1, out_deg=0, in_kzt=95000<500000, in_tx=1, depth=3<4",single_edge_leaf,1,0,95000,0,1,0,0.00056,0.0,0.0,3,False,False,0,0.0,1
100000002706810100,peripheral,0.0,47,0.05044,"depth=4 cutoff; in_deg=1, in_kzt=45000, out_deg=0; onward transfers unobserved",censored_depth4,1,0,45000,0,1,0,0.000311,0.0,0.0,4,False,True,0,0.0,1
100000002707106100,peripheral,0.0,40,0.048032,"depth=4 cutoff; in_deg=1, in_kzt=15000, out_deg=0; onward transfers unobserved",censored_depth4,1,0,15000,0,2,0,0.000288,0.0,0.0,4,False,True,0,0.0,1
100000002708624100,peripheral,0.0,13,0.049946,"in_deg=1, out_deg=0, in_kzt=25000<500000, in_tx=1, depth=3<4",single_edge_leaf,1,0,25000,0,1,0,0.00033,0.0,0.0,3,False,False,0,0.0,1
100000002710570100,peripheral,0.0,35,0.057132,"in_deg=1, out_deg=0, in_kzt=225015<500000, in_tx=1, depth=2<4",single_edge_leaf,1,0,225015,0,1,0,0.000541,0.0,0.0,2,False,False,0,0.0,1
100000002712416100,peripheral,0.0,23,0.055212,"no rule: b=0.000000<0.002, in_deg=2, out_deg=0, in_kzt=116800, out_kzt=0, out/in=0.00, depth=3, seed=0",below_thresholds,2,0,116800,0,2,0,0.000304,0.0,0.0,3,False,False,0,0.0,2
100000002713074100,peripheral,0.0,27,0.061737,"no rule: b=0.000020<0.002, in_deg=2, out_deg=1, in_kzt=700000, out_kzt=430000, out/in=0.61, depth=3, seed=0",below_thresholds,2,1,700000,430000,2,2,0.000436,2e-05,0.614286,3,False,False,0,0.0,3
100000002713974100,peripheral,0.0,8,0.05084,"depth=4 cutoff; in_deg=1, in_kzt=50000, out_deg=0; onward transfers unobserved",censored_depth4,1,0,50000,0,1,0,0.000331,0.0,0.0,4,False,True,0,0.0,1
100000002718366100,consolidator,1.0,4,0.708055,"in_deg=6>=3, in_kzt=2525000>=100000; out_deg=0, out_kzt=0, depth=2<4; no observed onward transfers",not_peripheral,6,0,2525000,0,10,0,0.000684,0.0,0.0,2,False,False,0,0.0,6
100000002720627100,peripheral,0.0,11,0.056468,"in_deg=1, out_deg=0, in_kzt=199300<500000, in_tx=1, depth=1<4",single_edge_leaf,1,0,199300,0,1,0,0.000317,0.0,0.0,1,False,False,0,0.0,1
100000002721825100,peripheral,0.0,0,0.051037,"in_deg=1, out_deg=0, in_kzt=11000<500000, in_tx=1, depth=2<4",single_edge_leaf,1,0,11000,0,1,0,0.000534,0.0,0.0,2,False,False,0,0.0,1
100000002722108100,terminal,0.8,23,0.482928,"in_kzt=800000>=500000; in_deg=1, out_deg=0, depth=3<4; observed endpoint",not_peripheral,1,0,800000,0,2,0,0.000325,0.0,0.0,3,False,False,0,0.0,1
100000002723439100,peripheral,0.0,54,0.050889,"depth=4 cutoff; in_deg=1, in_kzt=18000, out_deg=0; onward transfers unobserved",censored_depth4,1,0,18000,0,2,0,0.000556,0.0,0.0,4,False,True,0,0.0,1
100000002723538100,distributor,0.560499,8,0.655504,"out_deg=12>=10, out_kzt=560499>=500000; out_tx=14, seed=0",not_peripheral,3,12,105647,560499,3,14,0.000322,0.000296,5.305394,2,False,False,3,1.0,14
100000002723674100,peripheral,0.0,31,0.049795,"depth=4 cutoff; in_deg=1, in_kzt=30000, out_deg=0; onward transfers unobserved",censored_depth4,1,0,30000,0,1,0,0.000329,0.0,0.0,4,False,True,0,0.0,1
100000002726055100,peripheral,0.0,31,0.047723,"depth=4 cutoff; in_deg=1, in_kzt=10000, out_deg=0; onward transfers unobserved",censored_depth4,1,0,10000,0,1,0,0.000342,0.0,0.0,4,False,True,0,-1.0,1
100000002727288100,peripheral,0.0,3,0.049405,"in_deg=1, out_deg=0, in_kzt=16000<500000, in_tx=1, depth=3<4",single_edge_leaf,1,0,16000,0,1,0,0.000368,0.0,0.0,3,False,False,0,0.0,1
100000002728246100,peripheral,0.0,10,0.049581,"depth=4 cutoff; in_deg=1, in_kzt=10000, out_deg=0; onward transfers unobserved",censored_depth4,1,0,10000,0,1,0,0.000541,0.0,0.0,4,False,True,0,0.0,1
100000002729875100,peripheral,0.0,17,0.051527,"depth=4 cutoff; in_deg=1, in_kzt=76000, out_deg=0; onward transfers unobserved",censored_depth4,1,0,76000,0,1,0,0.000315,0.0,0.0,4,False,True,0,0.0,1
100000002731501100,peripheral,0.0,33,0.06994,"no rule: b=0.000005<0.002, in_deg=3, out_deg=7, in_kzt=570370, out_kzt=833960, out/in=1.46, depth=1, seed=0",below_thresholds,3,7,570370,833960,7,20,0.000488,5e-06,1.462139,1,False,False,1,0.816808,8
100000002733083100,peripheral,0.0,17,0.048102,"depth=4 cutoff; in_deg=1, in_kzt=15200, out_deg=0; onward transfers unobserved",censored_depth4,1,0,15200,0,1,0,0.000293,0.0,0.0,4,False,True,0,0.0,1
100000002733905100,peripheral,0.0,21,0.078564,"no rule: b=0.000002<0.002, in_deg=3, out_deg=2, in_kzt=100000, out_kzt=717839, out/in=7.18, depth=2, seed=0",below_thresholds,3,2,100000,717839,5,3,0.002938,2e-06,7.17839,2,False,False,0,0.6,3
100000002734815100,peripheral,0.0,4,0.052248,"depth=4 cutoff; in_deg=1, in_kzt=110000, out_deg=0; onward transfers unobserved",censored_depth4,1,0,110000,0,1,0,0.000314,0.0,0.0,4,False,True,0,0.0,1
100000002736033100,peripheral,0.0,27,0.05271,"no rule: b=0.000020<0.002, in_deg=1, out_deg=1, in_kzt=34530, out_kzt=11000, out/in=0.32, depth=3, seed=0",below_thresholds,1,1,34530,11000,1,1,0.000296,2e-05,0.318564,3,False,False,0,0.0,2
100000002736316100,consolidator,0.5,0,0.593472,"in_deg=3>=3, in_kzt=266921>=100000; out_deg=0, out_kzt=0, depth=3<4; no observed onward transfers",not_peripheral,3,0,266921,0,3,0,0.000386,0.0,0.0,3,False,False,0,0.0,3
100000002737980100,peripheral,0.0,5,0.050182,"in_deg=1, out_deg=0, in_kzt=32900<500000, in_tx=1, depth=3<4",single_edge_leaf,1,0,32900,0,1,0,0.000297,0.0,0.0,3,False,False,0,0.0,1
100000002738256100,transit,0.587217,58,0.422546,"out/in=1.17 in [0.8,1.2]; in_kzt=150200, out_kzt=175000, matched_2d=1.00",not_peripheral,1,1,150200,175000,1,1,0.00051,0.0,1.165113,2,False,False,0,1.0,1
100000002741024100,peripheral,0.0,37,0.083692,"no rule: b=0.000121<0.002, in_deg=5, out_deg=6, in_kzt=817981, out_kzt=434989, out/in=0.53, depth=2, seed=0",below_thresholds,5,6,817981,434989,9,7,0.002881,0.000121,0.531784,2,False,False,0,0.088694,8
100000002742067100,peripheral,0.0,3,0.049066,"in_deg=1, out_deg=0, in_kzt=12730<500000, in_tx=1, depth=2<4",single_edge_leaf,1,0,12730,0,1,0,0.000291,0.0,0.0,2,False,False,0,-1.0,1
100000002744581100,peripheral,0.0,1,0.049279,"in_deg=1, out_deg=0, in_kzt=12000<500000, in_tx=1, depth=2<4",single_edge_leaf,1,0,12000,0,1,0,0.000326,0.0,0.0,2,False,False,0,0.0,1
100000002748040100,peripheral,0.0,17,0.04845,"depth=4 cutoff; in_deg=1, in_kzt=18000, out_deg=0; onward transfers unobserved",censored_depth4,1,0,18000,0,1,0,0.000294,0.0,0.0,4,False,True,0,0.0,1
100000002748180100,peripheral,0.0,23,0.068309,"no rule: b=0.000009<0.002, in_deg=1, out_deg=8, in_kzt=9900, out_kzt=679743, out/in=68.66, depth=1, seed=0",below_thresholds,1,8,9900,679743,1,9,0.000288,9e-06,68.660909,1,False,False,1,1.0,9
100000002748511100,peripheral,0.0,5,0.051233,"depth=4 cutoff; in_deg=1, in_kzt=20000, out_deg=0; onward transfers unobserved",censored_depth4,1,0,20000,0,1,0,0.00057,0.0,0.0,4,False,True,0,0.0,1
100000002748532100,peripheral,0.0,46,0.063962,"no rule: b=0.000032<0.002, in_deg=3, out_deg=2, in_kzt=355575, out_kzt=646685, out/in=1.82, depth=2, seed=0",below_thresholds,3,2,355575,646685,3,7,0.000341,3.2e-05,1.818702,2,False,False,0,0.0,5
100000002748581100,peripheral,0.0,40,0.050647,"in_deg=1, out_deg=0, in_kzt=41180<500000, in_tx=1, depth=3<4",single_edge_leaf,1,0,41180,0,1,0,0.000299,0.0,0.0,3,False,False,0,0.0,1
100000002748761100,terminal,0.7968,23,0.482848,"in_kzt=796800>=500000; in_deg=1, out_deg=0, depth=3<4; observed endpoint",not_peripheral,1,0,796800,0,3,0,0.000325,0.0,0.0,3,False,False,0,0.0,1
100000002750332100,peripheral,0.0,4,0.050479,"in_deg=1, out_deg=0, in_kzt=11360<500000, in_tx=1, depth=1<4",single_edge_leaf,1,0,11360,0,1,0,0.000288,0.0,0.0,1,False,False,0,0.0,1
100000002750956100,peripheral,0.0,0,0.053403,"in_deg=1, out_deg=0, in_kzt=47416<500000, in_tx=1, depth=1<4",single_edge_leaf,1,0,47416,0,1,0,0.000296,0.0,0.0,1,False,False,0,0.0,1
100000002752565100,peripheral,0.0,8,0.051179,"depth=4 cutoff; in_deg=1, in_kzt=57000, out_deg=0; onward transfers unobserved",censored_depth4,1,0,57000,0,1,0,0.00034,0.0,0.0,4,False,True,0,0.0,1
100000002753146100,terminal,0.80354,23,0.483016,"in_kzt=803540>=500000; in_deg=1, out_deg=0, depth=3<4; observed endpoint",not_peripheral,1,0,803540,0,3,0,0.000325,0.0,0.0,3,False,False,0,0.0,1
100000002755292100,peripheral,0.0,10,0.053787,"in_deg=1, out_deg=0, in_kzt=203400<500000, in_tx=1, depth=3<4",single_edge_leaf,1,0,203400,0,1,0,0.000293,0.0,0.0,3,False,False,0,0.0,1
100000002757240100,peripheral,0.0,2,0.052098,"in_deg=1, out_deg=0, in_kzt=51183<500000, in_tx=1, depth=2<4",single_edge_leaf,1,0,51183,0,1,0,0.000318,0.0,0.0,2,False,False,0,0.0,1
100000002757791100,peripheral,0.0,49,0.05192,"in_deg=1, out_deg=0, in_kzt=73050<500000, in_tx=1, depth=3<4",single_edge_leaf,1,0,73050,0,1,0,0.000312,0.0,0.0,3,False,False,0,0.0,1
100000002757797100,peripheral,0.0,7,0.054964,"in_deg=1, out_deg=0, in_kzt=100000<500000, in_tx=1, depth=1<4",single_edge_leaf,1,0,100000,0,1,0,0.000304,0.0,0.0,1,False,False,0,0.0,1
100000002760175100,peripheral,0.0,11,0.056328,"in_deg=1, out_deg=0, in_kzt=187410<500000, in_tx=1, depth=1<4",single_edge_leaf,1,0,187410,0,1,0,0.000315,0.0,0.0,1,False,False,0,0.0,1
100000002762076100,peripheral,0.0,1,0.059772,"no rule: b=0.000000<0.002, in_deg=2, out_deg=1, in_kzt=140350, out_kzt=30000, out/in=0.21, depth=1, seed=0",below_thresholds,2,1,140350,30000,2,1,0.0003,0.0,0.213751,1,False,False,0,0.0,3
100000002769809100,peripheral,0.0,43,0.053422,"in_deg=1, out_deg=0, in_kzt=113422<500000, in_tx=1, depth=3<4",single_edge_leaf,1,0,113422,0,1,0,0.000379,0.0,0.0,3,False,False,0,0.0,1
100000002773323100,peripheral,0.0,42,0.061754,"no rule: b=0.000022<0.002, in_deg=2, out_deg=1, in_kzt=285000, out_kzt=1171644, out/in=4.11, depth=3, seed=0",below_thresholds,2,1,285000,1171644,2,2,0.000327,2.2e-05,4.111032,3,False,False,0,0.0,3
100000002774456100,peripheral,0.0,11,0.053511,"in_deg=1, out_deg=0, in_kzt=50363<500000, in_tx=1, depth=1<4",single_edge_leaf,1,0,50363,0,1,0,0.000295,0.0,0.0,1,False,False,0,0.0,1
100000002778085100,peripheral,0.0,5,0.054052,"in_deg=1, out_deg=0, in_kzt=66208<500000, in_tx=1, depth=1<4",single_edge_leaf,1,0,66208,0,1,0,0.000294,0.0,0.0,1,False,False,0,0.0,1
100000002779485100,peripheral,0.0,8,0.055398,"in_deg=1, out_deg=0, in_kzt=91000<500000, in_tx=2, depth=2<4",single_edge_leaf,1,0,91000,0,2,0,0.000549,0.0,0.0,2,False,False,0,0.0,1
100000002781227100,transit,0.722071,59,0.593551,"out/in=1.11 in [0.8,1.2]; in_kzt=191168, out_kzt=212420, matched_2d=0.22",not_peripheral,2,3,191168,212420,8,10,0.002337,0.000135,1.111171,1,False,False,2,0.220579,4
100000002784085100,peripheral,0.0,4,0.056393,"in_deg=1, out_deg=0, in_kzt=200000<500000, in_tx=1, depth=1<4",single_edge_leaf,1,0,200000,0,1,0,0.000308,0.0,0.0,1,False,False,0,0.0,1
100000002791494100,peripheral,0.0,17,0.051805,"depth=4 cutoff; in_deg=1, in_kzt=85860, out_deg=0; onward transfers unobserved",censored_depth4,1,0,85860,0,1,0,0.000319,0.0,0.0,4,False,True,0,0.0,1
100000002793851100,peripheral,0.0,5,0.050424,"in_deg=1, out_deg=0, in_kzt=11052<500000, in_tx=1, depth=1<4",single_edge_leaf,1,0,11052,0,1,0,0.000288,0.0,0.0,1,False,False,0,0.0,1
100000002793881100,consolidator,0.5,4,0.6142,"in_deg=3>=3, in_kzt=785600>=100000; out_deg=0, out_kzt=0, depth=3<4; no observed onward transfers",not_peripheral,3,0,785600,0,3,0,0.000377,0.0,0.0,3,False,False,0,-1.0,3
100000002794197100,peripheral,0.0,1,0.052429,"in_deg=1, out_deg=0, in_kzt=30100<500000, in_tx=1, depth=1<4",single_edge_leaf,1,0,30100,0,1,0,0.000289,0.0,0.0,1,False,False,0,0.0,1
100000002794374100,peripheral,0.0,60,0.052748,"depth=4 cutoff; in_deg=1, in_kzt=111000, out_deg=0; onward transfers unobserved",censored_depth4,1,0,111000,0,1,0,0.000365,0.0,0.0,4,False,True,0,-1.0,1
100000002796853100,peripheral,0.0,59,0.071844,"no rule: b=0.000000<0.002, in_deg=1, out_deg=1, in_kzt=199000, out_kzt=46168, out/in=0.23, depth=2, seed=0",below_thresholds,1,1,199000,46168,8,5,0.00215,0.0,0.231998,2,False,False,0,0.206872,1
100000002799941100,terminal,0.6,43,0.483176,"in_kzt=600000>=500000; in_deg=1, out_deg=0, depth=3<4; observed endpoint",not_peripheral,1,0,600000,0,1,0,0.00039,0.0,0.0,3,False,False,0,0.0,1
100000002807334100,peripheral,0.0,10,0.051122,"in_deg=1, out_deg=0, in_kzt=54715<500000, in_tx=1, depth=3<4",single_edge_leaf,1,0,54715,0,1,0,0.000289,0.0,0.0,3,False,False,0,0.0,1
100000002809568100,peripheral,0.0,0,0.050231,"in_deg=1, out_deg=0, in_kzt=10000<500000, in_tx=1, depth=1<4",single_edge_leaf,1,0,10000,0,1,0,0.000289,0.0,0.0,1,False,False,0,0.0,1
100000002809896100,peripheral,0.0,17,0.05051,"in_deg=1, out_deg=0, in_kzt=38000<500000, in_tx=1, depth=3<4",single_edge_leaf,1,0,38000,0,1,0,0.000301,0.0,0.0,3,False,False,0,0.0,1
100000002810870100,peripheral,0.0,21,0.052703,"in_deg=1, out_deg=0, in_kzt=33677<500000, in_tx=1, depth=1<4",single_edge_leaf,1,0,33677,0,1,0,0.000294,0.0,0.0,1,False,False,0,0.0,1
100000002812641100,peripheral,0.0,4,0.065423,"no rule: b=0.000000<0.002, in_deg=1, out_deg=1, in_kzt=10000, out_kzt=7024, out/in=0.70, depth=2, seed=0",below_thresholds,1,1,10000,7024,1,1,0.002099,0.0,0.702395,2,False,False,0,0.702395,1
100000002815005100,peripheral,0.0,4,0.055737,"in_deg=1, out_deg=0, in_kzt=476500<500000, in_tx=1, depth=3<4",single_edge_leaf,1,0,476500,0,1,0,0.00032,0.0,0.0,3,False,False,0,0.0,1
100000002818726100,peripheral,0.0,12,0.047919,"in_deg=1, out_deg=0, in_kzt=10879<500000, in_tx=1, depth=3<4",single_edge_leaf,1,0,10879,0,1,0,0.000291,0.0,0.0,3,False,False,0,0.0,1
100000002820010100,peripheral,0.0,1,0.050792,"in_deg=1, out_deg=0, in_kzt=30000<500000, in_tx=1, depth=2<4",single_edge_leaf,1,0,30000,0,1,0,0.000293,0.0,0.0,2,False,False,0,-1.0,1
100000002821425100,peripheral,0.0,23,0.05445,"in_deg=1, out_deg=0, in_kzt=275000<500000, in_tx=1, depth=3<4",single_edge_leaf,1,0,275000,0,1,0,0.0003,0.0,0.0,3,False,False,0,0.0,1
100000002822472100,peripheral,0.0,23,0.05695,"no rule: b=0.000000<0.002, in_deg=2, out_deg=0, in_kzt=266722, out_kzt=0, out/in=0.00, depth=3, seed=0",below_thresholds,2,0,266722,0,2,0,0.000314,0.0,0.0,3,False,False,0,0.0,2
100000002824176100,peripheral,0.0,1,0.056032,"in_deg=1, out_deg=0, in_kzt=144000<500000, in_tx=1, depth=1<4",single_edge_leaf,1,0,144000,0,1,0,0.00034,0.0,0.0,1,False,False,0,0.0,1
100000002826669100,peripheral,0.0,0,0.055862,"in_deg=1, out_deg=0, in_kzt=159900<500000, in_tx=4, depth=2<4",single_edge_leaf,1,0,159900,0,4,0,0.000478,0.0,0.0,2,False,False,0,0.0,1
100000002830055100,peripheral,0.0,21,0.050912,"in_deg=1, out_deg=0, in_kzt=14000<500000, in_tx=1, depth=1<4",single_edge_leaf,1,0,14000,0,1,0,0.00029,0.0,0.0,1,False,False,0,0.0,1
100000002831727100,peripheral,0.0,43,0.055102,"no rule: b=0.000020<0.002, in_deg=1, out_deg=1, in_kzt=6000, out_kzt=77000, out/in=12.83, depth=2, seed=0",below_thresholds,1,1,6000,77000,1,3,0.000292,2e-05,12.833333,2,False,False,0,1.0,2
100000002832753100,peripheral,0.0,3,0.052051,"depth=4 cutoff; in_deg=1, in_kzt=12500, out_deg=0; onward transfers unobserved",censored_depth4,1,0,12500,0,1,0,0.000758,0.0,0.0,4,False,True,0,0.0,1
100000002835874100,peripheral,0.0,4,0.050818,"depth=4 cutoff; in_deg=1, in_kzt=58700, out_deg=0; onward transfers unobserved",censored_depth4,1,0,58700,0,1,0,0.000295,0.0,0.0,4,False,True,0,0.0,1
100000002836052100,peripheral,0.0,2,0.049544,"in_deg=1, out_deg=0, in_kzt=15000<500000, in_tx=1, depth=2<4",single_edge_leaf,1,0,15000,0,1,0,0.000307,0.0,0.0,2,False,False,0,0.0,1
100000002836736100,terminal,0.509,1,0.527379,"in_kzt=509000>=500000; in_deg=2, out_deg=0, depth=1<4; observed endpoint",not_peripheral,2,0,509000,0,2,0,0.000454,0.0,0.0,1,False,False,0,0.0,2
100000002838519100,peripheral,0.0,40,0.050922,"in_deg=1, out_deg=0, in_kzt=46900<500000, in_tx=1, depth=3<4",single_edge_leaf,1,0,46900,0,1,0,0.0003,0.0,0.0,3,False,False,0,0.0,1
100000002838861100,consolidator,0.833333,4,0.821235,"in_deg=5>=2*out_deg(1); in_kzt=554524>=100000, out_kzt=10000, out/in=0.02",not_peripheral,5,1,554524,10000,5,1,0.002145,2e-05,0.018033,1,False,False,0,0.0,5
100000002842321100,peripheral,0.0,10,0.053295,"in_deg=1, out_deg=0, in_kzt=160000<500000, in_tx=1, depth=3<4",single_edge_leaf,1,0,160000,0,1,0,0.000292,0.0,0.0,3,False,False,0,0.0,1
100000002842337100,peripheral,0.0,1,0.052517,"in_deg=1, out_deg=0, in_kzt=50000<500000, in_tx=1, depth=2<4",single_edge_leaf,1,0,50000,0,1,0,0.000368,0.0,0.0,2,False,False,0,0.0,1
100000002844652100,peripheral,0.0,1,0.053867,"in_deg=1, out_deg=0, in_kzt=61360<500000, in_tx=1, depth=1<4",single_edge_leaf,1,0,61360,0,1,0,0.00029,0.0,0.0,1,False,False,0,0.0,1
100000002844897100,peripheral,0.0,4,0.050378,"in_deg=1, out_deg=0, in_kzt=10800<500000, in_tx=1, depth=1<4",single_edge_leaf,1,0,10800,0,1,0,0.000288,0.0,0.0,1,False,False,0,0.0,1
100000002845605100,peripheral,0.0,0,0.053808,"in_deg=1, out_deg=0, in_kzt=57567<500000, in_tx=1, depth=1<4",single_edge_leaf,1,0,57567,0,1,0,0.000298,0.0,0.0,1,False,False,0,0.0,1
100000002847207100,peripheral,0.0,2,0.053356,"in_deg=1, out_deg=0, in_kzt=46243<500000, in_tx=1, depth=1<4",single_edge_leaf,1,0,46243,0,1,0,0.000296,0.0,0.0,1,False,False,0,0.0,1
100000002849158100,consolidator,0.5,4,0.634211,"in_deg=3>=2*out_deg(1); in_kzt=723000>=100000, out_kzt=1313000, out/in=1.82",not_peripheral,3,1,723000,1313000,3,3,0.000338,2.3e-05,1.816044,3,False,False,0,-1.0,4
100000002852402100,peripheral,0.0,3,0.052337,"in_deg=1, out_deg=0, in_kzt=55000<500000, in_tx=1, depth=2<4",single_edge_leaf,1,0,55000,0,1,0,0.000328,0.0,0.0,2,False,False,0,-1.0,1
100000002858835100,peripheral,0.0,21,0.052042,"in_deg=1, out_deg=0, in_kzt=24400<500000, in_tx=1, depth=1<4",single_edge_leaf,1,0,24400,0,1,0,0.000292,0.0,0.0,1,False,False,0,0.0,1
100000002860934100,peripheral,0.0,15,0.056626,"depth=4 cutoff; in_deg=1, in_kzt=279500, out_deg=0; onward transfers unobserved",censored_depth4,1,0,279500,0,4,0,0.000584,0.0,0.0,4,False,True,0,0.0,1
100000002861485100,peripheral,0.0,5,0.05239,"in_deg=1, out_deg=0, in_kzt=29323<500000, in_tx=1, depth=1<4",single_edge_leaf,1,0,29323,0,1,0,0.00029,0.0,0.0,1,False,False,0,0.0,1
100000002862113100,peripheral,0.0,40,0.050944,"in_deg=1, out_deg=0, in_kzt=47405<500000, in_tx=2, depth=3<4",single_edge_leaf,1,0,47405,0,2,0,0.0003,0.0,0.0,3,False,False,0,0.0,1
100000002863356100,peripheral,0.0,21,0.054125,"no rule: b=0.000001<0.002, in_deg=1, out_deg=1, in_kzt=45000, out_kzt=20000, out/in=0.44, depth=2, seed=0",below_thresholds,1,1,45000,20000,1,1,0.000302,1e-06,0.444444,2,False,False,0,0.0,2
100000002864256100,peripheral,0.0,2,0.055673,"in_deg=1, out_deg=0, in_kzt=135780<500000, in_tx=1, depth=1<4",single_edge_leaf,1,0,135780,0,1,0,0.000314,0.0,0.0,1,False,False,0,0.0,1
100000002864680100,peripheral,0.0,7,0.053736,"in_deg=1, out_deg=0, in_kzt=55932<500000, in_tx=1, depth=1<4",single_edge_leaf,1,0,55932,0,1,0,0.000296,0.0,0.0,1,False,False,0,0.0,1
100000002870463100,consolidator,0.5,1,0.742941,"in_deg=3>=2*out_deg(1); in_kzt=207000>=100000, out_kzt=10000, out/in=0.05",not_peripheral,3,1,207000,10000,4,1,0.001955,2e-05,0.048309,2,False,False,0,0.063694,3
100000002870937100,peripheral,0.0,1,0.054498,"in_deg=1, out_deg=0, in_kzt=83700<500000, in_tx=1, depth=1<4",single_edge_leaf,1,0,83700,0,1,0,0.000292,0.0,0.0,1,False,False,0,0.0,1
100000002871199100,peripheral,0.0,40,0.049453,"in_deg=1, out_deg=0, in_kzt=23186<500000, in_tx=1, depth=3<4",single_edge_leaf,1,0,23186,0,1,0,0.000293,0.0,0.0,3,False,False,0,0.0,1
100000002872399100,terminal,1.0,1,0.518546,"in_kzt=1090000>=500000; in_deg=1, out_deg=0, depth=3<4; observed endpoint",not_peripheral,1,0,1090000,0,9,0,0.000709,0.0,0.0,3,False,False,0,0.0,1
100000002876914100,peripheral,0.0,47,0.047637,"depth=4 cutoff; in_deg=1, in_kzt=12000, out_deg=0; onward transfers unobserved",censored_depth4,1,0,12000,0,1,0,0.000293,0.0,0.0,4,False,True,0,0.0,1
100000002877262100,peripheral,0.0,42,0.052443,"in_deg=1, out_deg=0, in_kzt=100000<500000, in_tx=1, depth=3<4",single_edge_leaf,1,0,100000,0,1,0,0.000301,0.0,0.0,3,False,False,0,0.0,1
100000002878467100,peripheral,0.0,42,0.056395,"no rule: b=0.000000<0.002, in_deg=2, out_deg=0, in_kzt=200000, out_kzt=0, out/in=0.00, depth=3, seed=0",below_thresholds,2,0,200000,0,2,0,0.000316,0.0,0.0,3,False,False,0,0.0,2
100000002878483100,peripheral,0.0,47,0.046224,"depth=4 cutoff; in_deg=1, in_kzt=6000, out_deg=0; onward transfers unobserved",censored_depth4,1,0,6000,0,1,0,0.00029,0.0,0.0,4,False,True,0,0.0,1
100000002881669100,peripheral,0.0,7,0.051481,"in_deg=1, out_deg=0, in_kzt=18600<500000, in_tx=1, depth=1<4",single_edge_leaf,1,0,18600,0,1,0,0.00029,0.0,0.0,1,False,False,0,0.0,1
100000002883402100,consolidator,0.5,4,0.588026,"in_deg=3>=3, in_kzt=300000>=100000; out_deg=0, out_kzt=0, depth=3<4; no observed onward transfers",not_peripheral,3,0,300000,0,3,0,0.000302,0.0,0.0,3,False,False,0,0.0,3
100000002884708100,peripheral,0.0,42,0.059311,"depth=4 cutoff; in_deg=1, in_kzt=1171644, out_deg=0; onward transfers unobserved",censored_depth4,1,0,1171644,0,2,0,0.000565,0.0,0.0,4,False,True,0,-1.0,1
100000002886166100,peripheral,0.0,33,0.053901,"in_deg=1, out_deg=0, in_kzt=185000<500000, in_tx=3, depth=3<4",single_edge_leaf,1,0,185000,0,3,0,0.000326,0.0,0.0,3,False,False,0,0.0,1
100000002890167100,peripheral,0.0,5,0.05526,"in_deg=1, out_deg=0, in_kzt=118150<500000, in_tx=1, depth=1<4",single_edge_leaf,1,0,118150,0,1,0,0.0003,0.0,0.0,1,False,False,0,0.0,1
100000002891765100,peripheral,0.0,40,0.051283,"in_deg=1, out_deg=0, in_kzt=55576<500000, in_tx=1, depth=3<4",single_edge_leaf,1,0,55576,0,1,0,0.000303,0.0,0.0,3,False,False,0,0.0,1
100000002893020100,peripheral,0.0,17,0.048988,"in_deg=1, out_deg=0, in_kzt=18340<500000, in_tx=1, depth=3<4",single_edge_leaf,1,0,18340,0,1,0,0.000294,0.0,0.0,3,False,False,0,0.0,1
100000002894076100,consolidator,0.666667,1,0.660432,"in_deg=4>=3, in_kzt=1122782>=100000; out_deg=0, out_kzt=0, depth=1<4; no observed onward transfers",not_peripheral,4,0,1122782,0,6,0,0.000384,0.0,0.0,1,False,False,0,0.0,4
100000002896506100,peripheral,0.0,10,0.050478,"depth=4 cutoff; in_deg=1, in_kzt=45000, out_deg=0; onward transfers unobserved",censored_depth4,1,0,45000,0,1,0,0.000315,0.0,0.0,4,False,True,0,0.0,1
100000002901457100,peripheral,0.0,0,0.06108,"no rule: b=0.000077<0.002, in_deg=1, out_deg=3, in_kzt=340000, out_kzt=119000, out/in=0.35, depth=3, seed=0",below_thresholds,1,3,340000,119000,1,3,0.000376,7.7e-05,0.35,3,False,False,0,0.0,4
100000002904919100,peripheral,0.0,0,0.053784,"no rule: b=0.000020<0.002, in_deg=1, out_deg=1, in_kzt=60325, out_kzt=5500, out/in=0.09, depth=3, seed=0",below_thresholds,1,1,60325,5500,1,1,0.000292,2e-05,0.091173,3,False,False,0,0.0,2
100000002906470100,peripheral,0.0,43,0.05304,"in_deg=1, out_deg=0, in_kzt=130000<500000, in_tx=1, depth=3<4",single_edge_leaf,1,0,130000,0,1,0,0.000309,0.0,0.0,3,False,False,0,0.0,1
100000002908521100,peripheral,0.0,21,0.050758,"in_deg=1, out_deg=0, in_kzt=44500<500000, in_tx=1, depth=3<4",single_edge_leaf,1,0,44500,0,1,0,0.000294,0.0,0.0,3,False,False,0,-1.0,1
100000002911170100,peripheral,0.0,32,0.055685,"in_deg=1, out_deg=0, in_kzt=300000<500000, in_tx=2, depth=2<4",single_edge_leaf,1,0,300000,0,2,0,0.000324,0.0,0.0,2,False,False,0,0.0,1
100000002913340100,peripheral,0.0,21,0.049462,"in_deg=1, out_deg=0, in_kzt=23600<500000, in_tx=1, depth=3<4",single_edge_leaf,1,0,23600,0,1,0,0.000291,0.0,0.0,3,False,False,0,0.0,1
100000002914245100,peripheral,0.0,34,0.053083,"in_deg=1, out_deg=0, in_kzt=140611<500000, in_tx=1, depth=3<4",single_edge_leaf,1,0,140611,0,1,0,0.000297,0.0,0.0,3,False,False,0,0.0,1
100000002916006100,peripheral,0.0,50,0.057535,"no rule: b=0.000000<0.002, in_deg=0, out_deg=1, in_kzt=0, out_kzt=32000, out/in=NA, depth=0, seed=1",below_thresholds,0,1,0,32000,0,1,0.000287,0.0,-1.0,0,True,False,0,-1.0,1
100000002921047100,peripheral,0.0,1,0.061694,"no rule: b=0.000022<0.002, in_deg=2, out_deg=1, in_kzt=338000, out_kzt=163000, out/in=0.48, depth=1, seed=0",below_thresholds,2,1,338000,163000,2,1,0.000318,2.2e-05,0.482249,1,False,False,0,0.482249,3
100000002922000100,peripheral,0.0,52,0.056431,"depth=4 cutoff; in_deg=1, in_kzt=448000, out_deg=0; onward transfers unobserved",censored_depth4,1,0,448000,0,1,0,0.000462,0.0,0.0,4,False,True,0,0.0,1
100000002926970100,peripheral,0.0,17,0.052281,"in_deg=1, out_deg=0, in_kzt=85000<500000, in_tx=1, depth=3<4",single_edge_leaf,1,0,85000,0,1,0,0.000319,0.0,0.0,3,False,False,0,0.0,1
100000002933386100,peripheral,0.0,2,0.05709,"no rule: b=0.000020<0.002, in_deg=1, out_deg=1, in_kzt=15000, out_kzt=58000, out/in=3.87, depth=3, seed=0",below_thresholds,1,1,15000,58000,1,1,0.000656,2e-05,3.866667,3,False,False,0,0.0,2
100000002934441100,peripheral,0.0,0,0.056409,"no rule: b=0.000000<0.002, in_deg=2, out_deg=0, in_kzt=60846, out_kzt=0, out/in=0.00, depth=1, seed=0",below_thresholds,2,0,60846,0,2,0,0.000304,0.0,0.0,1,False,False,0,0.0,2
100000002936322100,terminal,0.787133,34,0.506734,"in_kzt=787133>=500000; in_deg=2, out_deg=0, depth=3<4; observed endpoint",not_peripheral,2,0,787133,0,2,0,0.000368,0.0,0.0,3,False,False,0,0.0,2
100000002938501100,peripheral,0.0,5,0.052306,"no rule: b=0.000018<0.002, in_deg=1, out_deg=1, in_kzt=8395, out_kzt=5000, out/in=0.60, depth=1, seed=0",below_thresholds,1,1,8395,5000,1,1,0.000288,1.8e-05,0.595593,1,False,False,0,0.0,2
100000002939838100,consolidator,0.5,5,0.635174,"in_deg=3>=3, in_kzt=571233>=100000; out_deg=0, out_kzt=0, depth=1<4; no observed onward transfers",not_peripheral,3,0,571233,0,3,0,0.000402,0.0,0.0,1,False,False,0,0.0,3
100000002941114100,peripheral,0.0,11,0.072208,"no rule: b=0.000021<0.002, in_deg=2, out_deg=1, in_kzt=128510, out_kzt=15000, out/in=0.12, depth=1, seed=0",below_thresholds,2,1,128510,15000,15,1,0.00184,2.1e-05,0.116722,1,False,False,0,0.129859,2
100000002943472100,peripheral,0.0,42,0.053596,"in_deg=1, out_deg=0, in_kzt=170000<500000, in_tx=1, depth=3<4",single_edge_leaf,1,0,170000,0,1,0,0.000311,0.0,0.0,3,False,False,0,0.0,1
100000002945031100,peripheral,0.0,12,0.048575,"in_deg=1, out_deg=0, in_kzt=15000<500000, in_tx=1, depth=3<4",single_edge_leaf,1,0,15000,0,1,0,0.000292,0.0,0.0,3,False,False,0,0.0,1
100000002945626100,consolidator,0.5,4,0.604791,"in_deg=3>=3, in_kzt=584000>=100000; out_deg=0, out_kzt=0, depth=3<4; no observed onward transfers",not_peripheral,3,0,584000,0,3,0,0.000339,0.0,0.0,3,False,False,0,0.0,3
100000002947299100,peripheral,0.0,2,0.053303,"in_deg=1, out_deg=0, in_kzt=85000<500000, in_tx=1, depth=2<4",single_edge_leaf,1,0,85000,0,1,0,0.000339,0.0,0.0,2,False,False,0,0.0,1
100000002948492100,peripheral,0.0,40,0.049495,"in_deg=1, out_deg=0, in_kzt=23660<500000, in_tx=1, depth=3<4",single_edge_leaf,1,0,23660,0,1,0,0.000294,0.0,0.0,3,False,False,0,0.0,1
100000002951898100,peripheral,0.0,40,0.050585,"in_deg=1, out_deg=0, in_kzt=39990<500000, in_tx=1, depth=3<4",single_edge_leaf,1,0,39990,0,1,0,0.000298,0.0,0.0,3,False,False,0,0.0,1
100000002952631100,peripheral,0.0,5,0.053394,"in_deg=1, out_deg=0, in_kzt=48050<500000, in_tx=1, depth=1<4",single_edge_leaf,1,0,48050,0,1,0,0.000292,0.0,0.0,1,False,False,0,0.0,1
100000002952756100,peripheral,0.0,11,0.05157,"in_deg=1, out_deg=0, in_kzt=47000<500000, in_tx=1, depth=3<4",single_edge_leaf,1,0,47000,0,1,0,0.000369,0.0,0.0,3,False,False,0,0.0,1
100000002954780100,peripheral,0.0,4,0.052948,"in_deg=1, out_deg=0, in_kzt=133400<500000, in_tx=1, depth=3<4",single_edge_leaf,1,0,133400,0,1,0,0.000294,0.0,0.0,3,False,False,0,0.0,1
100000002956769100,consolidator,0.5,23,0.616444,"in_deg=3>=3, in_kzt=840000>=100000; out_deg=0, out_kzt=0, depth=3<4; no observed onward transfers",not_peripheral,3,0,840000,0,3,0,0.000386,0.0,0.0,3,False,False,0,-1.0,3
100000002956779100,peripheral,0.0,2,0.056229,"in_deg=1, out_deg=0, in_kzt=411000<500000, in_tx=1, depth=3<4",single_edge_leaf,1,0,411000,0,1,0,0.000405,0.0,0.0,3,False,False,0,0.0,1
100000002956898100,peripheral,0.0,3,0.058556,"no rule: b=0.000000<0.002, in_deg=2, out_deg=0, in_kzt=290240, out_kzt=0, out/in=0.00, depth=2, seed=0",below_thresholds,2,0,290240,0,2,0,0.000378,0.0,0.0,2,False,False,0,0.0,2
100000002957306100,peripheral,0.0,11,0.060653,"no rule: b=0.000000<0.002, in_deg=2, out_deg=0, in_kzt=398490, out_kzt=0, out/in=0.00, depth=1, seed=0",below_thresholds,2,0,398490,0,2,0,0.000357,0.0,0.0,1,False,False,0,0.0,2
100000002957787100,coordinator,1.0,0,0.771341,"directed betweenness=0.004350>=0.002; in_deg=4, out_deg=34, hub_targets=0",not_peripheral,4,34,84956,1276154,7,41,0.000617,0.00435,15.021352,2,False,False,0,1.0,37
100000002958139100,peripheral,0.0,4,0.053922,"in_deg=1, out_deg=0, in_kzt=209500<500000, in_tx=2, depth=3<4",single_edge_leaf,1,0,209500,0,2,0,0.000302,0.0,0.0,3,False,False,0,0.0,1
100000002958286100,peripheral,0.0,4,0.056951,"in_deg=1, out_deg=0, in_kzt=257000<500000, in_tx=1, depth=1<4",single_edge_leaf,1,0,257000,0,1,0,0.000315,0.0,0.0,1,False,False,0,0.0,1
100000002958343100,peripheral,0.0,1,0.065512,"no rule: b=0.000000<0.002, in_deg=1, out_deg=2, in_kzt=2900000, out_kzt=1390000, out/in=0.48, depth=2, seed=0",below_thresholds,1,2,2900000,1390000,4,17,0.000632,0.0,0.47931,2,False,False,0,0.051724,2
100000002958345100,peripheral,0.0,23,0.054684,"in_deg=1, out_deg=0, in_kzt=307000<500000, in_tx=1, depth=3<4",single_edge_leaf,1,0,307000,0,1,0,0.000302,0.0,0.0,3,False,False,0,0.0,1
100000002963189100,peripheral,0.0,40,0.068949,"no rule: b=0.000087<0.002, in_deg=1, out_deg=7, in_kzt=490000, out_kzt=5219000, out/in=10.65, depth=3, seed=0",below_thresholds,1,7,490000,5219000,3,15,0.000426,8.7e-05,10.65102,3,False,False,1,0.0,7
100000002964966100,peripheral,0.0,2,0.055553,"in_deg=1, out_deg=0, in_kzt=200000<500000, in_tx=1, depth=2<4",single_edge_leaf,1,0,200000,0,1,0,0.000397,0.0,0.0,2,False,False,0,0.0,1
100000002968096100,peripheral,0.0,8,0.051414,"depth=4 cutoff; in_deg=1, in_kzt=70000, out_deg=0; onward transfers unobserved",censored_depth4,1,0,70000,0,1,0,0.000321,0.0,0.0,4,False,True,0,0.0,1
100000002969048100,peripheral,0.0,1,0.053497,"in_deg=1, out_deg=0, in_kzt=108470<500000, in_tx=1, depth=2<4",single_edge_leaf,1,0,108470,0,1,0,0.000307,0.0,0.0,2,False,False,0,-1.0,1
100000002970466100,peripheral,0.0,0,0.056336,"no rule: b=0.000039<0.002, in_deg=1, out_deg=2, in_kzt=23317, out_kzt=93000, out/in=3.99, depth=3, seed=0",below_thresholds,1,2,23317,93000,1,3,0.000288,3.9e-05,3.988506,3,False,False,0,1.0,3
100000002971593100,peripheral,0.0,10,0.052677,"depth=4 cutoff; in_deg=1, in_kzt=49050, out_deg=0; onward transfers unobserved",censored_depth4,1,0,49050,0,1,0,0.000533,0.0,0.0,4,False,True,0,0.0,1
100000002973903100,peripheral,0.0,7,0.059114,"no rule: b=0.000000<0.002, in_deg=3, out_deg=0, in_kzt=92880, out_kzt=0, out/in=0.00, depth=1, seed=0",below_thresholds,3,0,92880,0,3,0,0.000318,0.0,0.0,1,False,False,0,0.0,3
100000002974256100,peripheral,0.0,7,0.050195,"in_deg=1, out_deg=0, in_kzt=7200<500000, in_tx=1, depth=2<4",single_edge_leaf,1,0,7200,0,1,0,0.000534,0.0,0.0,2,False,False,0,0.0,1
100000002975287100,peripheral,0.0,27,0.048557,"in_deg=1, out_deg=0, in_kzt=15000<500000, in_tx=1, depth=3<4",single_edge_leaf,1,0,15000,0,1,0,0.00029,0.0,0.0,3,False,False,0,0.0,1
100000002975437100,peripheral,0.0,35,0.057838,"no rule: b=0.000000<0.002, in_deg=1, out_deg=1, in_kzt=530000, out_kzt=8500, out/in=0.02, depth=3, seed=0",below_thresholds,1,1,530000,8500,2,1,0.000523,0.0,0.016038,3,False,False,0,0.0,1
100000002981489100,peripheral,0.0,10,0.047239,"depth=4 cutoff; in_deg=1, in_kzt=10000, out_deg=0; onward transfers unobserved",censored_depth4,1,0,10000,0,1,0,0.00029,0.0,0.0,4,False,True,0,0.0,1
100000002981527100,peripheral,0.0,4,0.056013,"in_deg=1, out_deg=0, in_kzt=168000<500000, in_tx=1, depth=1<4",single_edge_leaf,1,0,168000,0,1,0,0.000305,0.0,0.0,1,False,False,0,0.0,1
100000002982252100,peripheral,0.0,21,0.051668,"in_deg=1, out_deg=0, in_kzt=20320<500000, in_tx=1, depth=1<4",single_edge_leaf,1,0,20320,0,1,0,0.000291,0.0,0.0,1,False,False,0,0.0,1
100000002983426100,peripheral,0.0,17,0.052385,"in_deg=1, out_deg=0, in_kzt=88945<500000, in_tx=1, depth=3<4",single_edge_leaf,1,0,88945,0,1,0,0.00032,0.0,0.0,3,False,False,0,0.0,1
100000002983879100,peripheral,0.0,2,0.057638,"no rule: b=0.000000<0.002, in_deg=2, out_deg=0, in_kzt=200050, out_kzt=0, out/in=0.00, depth=2, seed=0",below_thresholds,2,0,200050,0,2,0,0.00036,0.0,0.0,2,False,False,0,0.0,2
100000002984403100,peripheral,0.0,13,0.052299,"no rule: b=0.000020<0.002, in_deg=1, out_deg=1, in_kzt=20000, out_kzt=25000, out/in=1.25, depth=3, seed=0",below_thresholds,1,1,20000,25000,1,1,0.000322,2e-05,1.25,3,False,False,0,0.0,2
100000002986245100,peripheral,0.0,47,0.046138,"depth=4 cutoff; in_deg=1, in_kzt=5750, out_deg=0; onward transfers unobserved",censored_depth4,1,0,5750,0,1,0,0.00029,0.0,0.0,4,False,True,0,0.0,1
100000002988894100,peripheral,0.0,2,0.063114,"no rule: b=0.000073<0.002, in_deg=1, out_deg=3, in_kzt=306121, out_kzt=77500, out/in=0.25, depth=1, seed=0",below_thresholds,1,3,306121,77500,1,3,0.000348,7.3e-05,0.253168,1,False,False,0,0.094734,4
100000002989353100,peripheral,0.0,23,0.059904,"no rule: b=0.000003<0.002, in_deg=1, out_deg=2, in_kzt=500000, out_kzt=321160, out/in=0.64, depth=3, seed=0",below_thresholds,1,2,500000,321160,2,2,0.000311,3e-06,0.64232,3,False,False,0,0.6,3
100000002990675100,peripheral,0.0,10,0.050986,"in_deg=1, out_deg=0, in_kzt=51143<500000, in_tx=1, depth=3<4",single_edge_leaf,1,0,51143,0,1,0,0.000289,0.0,0.0,3,False,False,0,0.0,1
100000002991079100,peripheral,0.0,5,0.060789,"no rule: b=0.000020<0.002, in_deg=2, out_deg=1, in_kzt=148900, out_kzt=11000, out/in=0.07, depth=1, seed=0",below_thresholds,2,1,148900,11000,3,1,0.000397,2e-05,0.073875,1,False,False,0,0.073875,3
100000002992171100,peripheral,0.0,21,0.051001,"in_deg=1, out_deg=0, in_kzt=14627<500000, in_tx=1, depth=1<4",single_edge_leaf,1,0,14627,0,1,0,0.00029,0.0,0.0,1,False,False,0,0.0,1
100000002994441100,peripheral,0.0,8,0.048334,"depth=4 cutoff; in_deg=1, in_kzt=5000, out_deg=0; onward transfers unobserved",censored_depth4,1,0,5000,0,1,0,0.000556,0.0,0.0,4,False,True,0,0.0,1
100000002999140100,peripheral,0.0,7,0.04725,"depth=4 cutoff; in_deg=1, in_kzt=10000, out_deg=0; onward transfers unobserved",censored_depth4,1,0,10000,0,2,0,0.000291,0.0,0.0,4,False,True,0,0.0,1
100000003001138100,peripheral,0.0,15,0.049703,"depth=4 cutoff; in_deg=1, in_kzt=30000, out_deg=0; onward transfers unobserved",censored_depth4,1,0,30000,0,1,0,0.000319,0.0,0.0,4,False,True,0,0.0,1
100000003001564100,peripheral,0.0,5,0.058439,"no rule: b=0.000020<0.002, in_deg=1, out_deg=1, in_kzt=23520, out_kzt=180000, out/in=7.65, depth=1, seed=0",below_thresholds,1,1,23520,180000,1,1,0.000289,2e-05,7.653061,1,False,False,0,0.0,2
100000003001661100,peripheral,0.0,15,0.064298,"no rule: b=0.000085<0.002, in_deg=1, out_deg=5, in_kzt=110000, out_kzt=439500, out/in=4.00, depth=3, seed=0",below_thresholds,1,5,110000,439500,1,8,0.000549,8.5e-05,3.995455,3,False,False,0,0.0,5
100000003003821100,peripheral,0.0,2,0.052738,"in_deg=1, out_deg=0, in_kzt=40000<500000, in_tx=1, depth=2<4",single_edge_leaf,1,0,40000,0,1,0,0.00044,0.0,0.0,2,False,False,0,0.0,1
100000003004487100,consolidator,0.5,35,0.639583,"in_deg=4>=2*out_deg(2); in_kzt=183703>=100000, out_kzt=265015, out/in=1.44",not_peripheral,4,2,183703,265015,9,3,0.000352,0.000196,1.442629,1,False,False,0,0.050451,5
100000003005167100,peripheral,0.0,47,0.046537,"depth=4 cutoff; in_deg=1, in_kzt=7000, out_deg=0; onward transfers unobserved",censored_depth4,1,0,7000,0,1,0,0.000291,0.0,0.0,4,False,True,0,0.0,1
100000003006633100,peripheral,0.0,38,0.047785,"in_deg=1, out_deg=0, in_kzt=10000<500000, in_tx=1, depth=3<4",single_edge_leaf,1,0,10000,0,1,0,0.000295,0.0,0.0,3,False,False,0,0.0,1
100000003009900100,peripheral,0.0,17,0.048707,"in_deg=1, out_deg=0, in_kzt=15998<500000, in_tx=1, depth=3<4",single_edge_leaf,1,0,15998,0,1,0,0.000293,0.0,0.0,3,False,False,0,0.0,1
100000003010908100,peripheral,0.0,17,0.049337,"depth=4 cutoff; in_deg=1, in_kzt=17000, out_deg=0; onward transfers unobserved",censored_depth4,1,0,17000,0,1,0,0.000401,0.0,0.0,4,False,True,0,0.0,1
100000003014659100,peripheral,0.0,11,0.057261,"in_deg=1, out_deg=0, in_kzt=280000<500000, in_tx=1, depth=1<4",single_edge_leaf,1,0,280000,0,1,0,0.00033,0.0,0.0,1,False,False,0,0.0,1
100000003016438100,peripheral,0.0,42,0.057226,"no rule: b=0.000022<0.002, in_deg=1, out_deg=1, in_kzt=200000, out_kzt=300000, out/in=1.50, depth=3, seed=0",below_thresholds,1,1,200000,300000,1,3,0.000318,2.2e-05,1.5,3,False,False,0,1.0,2
100000003016635100,coordinator,1.0,5,0.911326,"directed betweenness=0.007339>=0.002; in_deg=8, out_deg=73, hub_targets=1",not_peripheral,8,73,586981,9414081,36,151,0.001195,0.007339,16.038136,0,True,False,1,1.0,73
100000003016773100,peripheral,0.0,42,0.05189,"in_deg=1, out_deg=0, in_kzt=46555<500000, in_tx=1, depth=2<4",single_edge_leaf,1,0,46555,0,1,0,0.000316,0.0,0.0,2,False,False,0,0.0,1
100000003022835100,peripheral,0.0,2,0.055488,"in_deg=1, out_deg=0, in_kzt=125000<500000, in_tx=1, depth=1<4",single_edge_leaf,1,0,125000,0,1,0,0.000312,0.0,0.0,1,False,False,0,0.0,1
100000003024542100,peripheral,0.0,2,0.048525,"in_deg=1, out_deg=0, in_kzt=8500<500000, in_tx=1, depth=2<4",single_edge_leaf,1,0,8500,0,1,0,0.000319,0.0,0.0,2,False,False,0,0.0,1
100000003025903100,peripheral,0.0,10,0.056759,"depth=4 cutoff; in_deg=1, in_kzt=386300, out_deg=0; onward transfers unobserved",censored_depth4,1,0,386300,0,6,0,0.000529,0.0,0.0,4,False,True,0,0.0,1
100000003031003100,consolidator,0.5,23,0.58767,"in_deg=3>=3, in_kzt=280090>=100000; out_deg=0, out_kzt=0, depth=3<4; no observed onward transfers",not_peripheral,3,0,280090,0,3,0,0.000313,0.0,0.0,3,False,False,0,0.0,3
100000003031633100,peripheral,0.0,4,0.055416,"in_deg=1, out_deg=0, in_kzt=414000<500000, in_tx=2, depth=3<4",single_edge_leaf,1,0,414000,0,2,0,0.000316,0.0,0.0,3,False,False,0,0.0,1
100000003031761100,peripheral,0.0,34,0.055663,"in_deg=1, out_deg=0, in_kzt=460408<500000, in_tx=1, depth=3<4",single_edge_leaf,1,0,460408,0,1,0,0.00032,0.0,0.0,3,False,False,0,0.0,1
100000003031890100,peripheral,0.0,33,0.055666,"in_deg=1, out_deg=0, in_kzt=215000<500000, in_tx=10, depth=2<4",single_edge_leaf,1,0,215000,0,10,0,0.000394,0.0,0.0,2,False,False,0,0.0,1
100000003034546100,peripheral,0.0,4,0.056729,"in_deg=1, out_deg=0, in_kzt=486715<500000, in_tx=2, depth=2<4",single_edge_leaf,1,0,486715,0,2,0,0.000333,0.0,0.0,2,False,False,0,0.0,1
100000003035737100,peripheral,0.0,10,0.061514,"no rule: b=0.000020<0.002, in_deg=2, out_deg=1, in_kzt=809170, out_kzt=6545, out/in=0.01, depth=3, seed=0",below_thresholds,2,1,809170,6545,3,1,0.00038,2e-05,0.008088,3,False,False,0,0.008088,3
100000003036198100,peripheral,0.0,2,0.049378,"in_deg=1, out_deg=0, in_kzt=15000<500000, in_tx=1, depth=2<4",single_edge_leaf,1,0,15000,0,1,0,0.000289,0.0,0.0,2,False,False,0,0.0,1
100000003037476100,peripheral,0.0,4,0.060079,"depth=4 cutoff; in_deg=3, in_kzt=555000, out_deg=0; onward transfers unobserved",censored_depth4,3,0,555000,0,3,0,0.000361,0.0,0.0,4,False,True,0,0.0,3
100000003037660100,peripheral,0.0,2,0.053641,"in_deg=1, out_deg=0, in_kzt=53000<500000, in_tx=1, depth=1<4",single_edge_leaf,1,0,53000,0,1,0,0.000298,0.0,0.0,1,False,False,0,0.0,1
100000003039473100,peripheral,0.0,5,0.050458,"in_deg=1, out_deg=0, in_kzt=23000<500000, in_tx=1, depth=2<4",single_edge_leaf,1,0,23000,0,1,0,0.000314,0.0,0.0,2,False,False,0,0.0,1
100000003040087100,peripheral,0.0,17,0.04944,"depth=4 cutoff; in_deg=1, in_kzt=29000, out_deg=0; onward transfers unobserved",censored_depth4,1,0,29000,0,1,0,0.000298,0.0,0.0,4,False,True,0,0.0,1
100000003042994100,peripheral,0.0,5,0.057194,"in_deg=1, out_deg=0, in_kzt=286086<500000, in_tx=3, depth=1<4",single_edge_leaf,1,0,286086,0,3,0,0.000318,0.0,0.0,1,False,False,0,0.0,1
100000003044431100,peripheral,0.0,0,0.054714,"no rule: b=0.000000<0.002, in_deg=2, out_deg=0, in_kzt=60000, out_kzt=0, out/in=0.00, depth=2, seed=0",below_thresholds,2,0,60000,0,2,0,0.000304,0.0,0.0,2,False,False,0,0.0,2
100000003044518100,peripheral,0.0,1,0.052699,"in_deg=1, out_deg=0, in_kzt=34423<500000, in_tx=1, depth=1<4",single_edge_leaf,1,0,34423,0,1,0,0.000289,0.0,0.0,1,False,False,0,0.0,1
100000003047800100,peripheral,0.0,23,0.048445,"depth=4 cutoff; in_deg=1, in_kzt=12212, out_deg=0; onward transfers unobserved",censored_depth4,1,0,12212,0,1,0,0.000376,0.0,0.0,4,False,True,0,0.0,1
100000003050771100,peripheral,0.0,12,0.054755,"in_deg=1, out_deg=0, in_kzt=229000<500000, in_tx=1, depth=3<4",single_edge_leaf,1,0,229000,0,1,0,0.000372,0.0,0.0,3,False,False,0,0.0,1
100000003054328100,peripheral,0.0,23,0.059093,"no rule: b=0.000001<0.002, in_deg=1, out_deg=2, in_kzt=140000, out_kzt=193720, out/in=1.38, depth=2, seed=0",below_thresholds,1,2,140000,193720,1,2,0.000337,1e-06,1.383714,2,False,False,0,1.0,3
100000003057225100,peripheral,0.0,5,0.05676,"in_deg=1, out_deg=0, in_kzt=236000<500000, in_tx=1, depth=1<4",single_edge_leaf,1,0,236000,0,1,0,0.000312,0.0,0.0,1,False,False,0,0.0,1
100000003060187100,peripheral,0.0,43,0.052314,"in_deg=1, out_deg=0, in_kzt=93046<500000, in_tx=1, depth=3<4",single_edge_leaf,1,0,93046,0,1,0,0.000303,0.0,0.0,3,False,False,0,0.0,1
100000003060517100,peripheral,0.0,27,0.055318,"in_deg=1, out_deg=0, in_kzt=315955<500000, in_tx=1, depth=3<4",single_edge_leaf,1,0,315955,0,1,0,0.000363,0.0,0.0,3,False,False,0,0.0,1
100000003061115100,peripheral,0.0,0,0.052538,"depth=4 cutoff; in_deg=1, in_kzt=45000, out_deg=0; onward transfers unobserved",censored_depth4,1,0,45000,0,1,0,0.000536,0.0,0.0,4,False,True,0,0.0,1
100000003062895100,peripheral,0.0,42,0.059091,"no rule: b=0.000000<0.002, in_deg=2, out_deg=0, in_kzt=328444, out_kzt=0, out/in=0.00, depth=2, seed=0",below_thresholds,2,0,328444,0,2,0,0.000409,0.0,0.0,2,False,False,0,0.0,2
100000003066385100,peripheral,0.0,0,0.054086,"no rule: b=0.000000<0.002, in_deg=2, out_deg=0, in_kzt=20000, out_kzt=0, out/in=0.00, depth=1, seed=0",below_thresholds,2,0,20000,0,2,0,0.000293,0.0,0.0,1,False,False,0,0.0,2
100000003068941100,peripheral,0.0,0,0.058842,"no rule: b=0.000020<0.002, in_deg=3, out_deg=1, in_kzt=94000, out_kzt=25000, out/in=0.27, depth=2, seed=0",below_thresholds,3,1,94000,25000,3,2,0.000322,2e-05,0.265957,2,False,False,0,0.390625,4
100000003069463100,peripheral,0.0,14,0.051338,"no rule: b=0.000020<0.002, in_deg=1, out_deg=1, in_kzt=11500, out_kzt=17920, out/in=1.56, depth=3, seed=0",below_thresholds,1,1,11500,17920,1,1,0.00029,2e-05,1.558261,3,False,False,0,0.0,2
100000003071649100,peripheral,0.0,4,0.053676,"in_deg=1, out_deg=0, in_kzt=189500<500000, in_tx=1, depth=3<4",single_edge_leaf,1,0,189500,0,1,0,0.000297,0.0,0.0,3,False,False,0,0.0,1
100000003071930100,consolidator,0.5,4,0.640163,"in_deg=3>=2*out_deg(1); in_kzt=477610>=100000, out_kzt=5000, out/in=0.01",not_peripheral,3,1,477610,5000,4,1,0.00035,4.4e-05,0.010469,1,False,False,0,0.010469,4
100000003072205100,peripheral,0.0,4,0.05553,"depth=4 cutoff; in_deg=2, in_kzt=163000, out_deg=0; onward transfers unobserved",censored_depth4,2,0,163000,0,2,0,0.00032,0.0,0.0,4,False,True,0,0.0,2
100000003072676100,peripheral,0.0,27,0.050077,"in_deg=1, out_deg=0, in_kzt=31545<500000, in_tx=1, depth=3<4",single_edge_leaf,1,0,31545,0,1,0,0.000295,0.0,0.0,3,False,False,0,0.0,1
100000003073398100,peripheral,0.0,1,0.053161,"in_deg=1, out_deg=0, in_kzt=92960<500000, in_tx=1, depth=2<4",single_edge_leaf,1,0,92960,0,1,0,0.000305,0.0,0.0,2,False,False,0,-1.0,1
100000003073635100,peripheral,0.0,8,0.053066,"in_deg=1, out_deg=0, in_kzt=129231<500000, in_tx=1, depth=3<4",single_edge_leaf,1,0,129231,0,1,0,0.000313,0.0,0.0,3,False,False,0,0.0,1
100000003074515100,peripheral,0.0,4,0.052035,"depth=4 cutoff; in_deg=1, in_kzt=105000, out_deg=0; onward transfers unobserved",censored_depth4,1,0,105000,0,1,0,0.000301,0.0,0.0,4,False,True,0,0.0,1
100000003078839100,peripheral,0.0,8,0.048158,"depth=4 cutoff; in_deg=1, in_kzt=14000, out_deg=0; onward transfers unobserved",censored_depth4,1,0,14000,0,2,0,0.000316,0.0,0.0,4,False,True,0,0.0,1
100000003083865100,peripheral,0.0,17,0.048075,"depth=4 cutoff; in_deg=1, in_kzt=15000, out_deg=0; onward transfers unobserved",censored_depth4,1,0,15000,0,1,0,0.000292,0.0,0.0,4,False,True,0,0.0,1
100000003084870100,peripheral,0.0,23,0.046911,"depth=4 cutoff; in_deg=1, in_kzt=6500, out_deg=0; onward transfers unobserved",censored_depth4,1,0,6500,0,1,0,0.000347,0.0,0.0,4,False,True,0,0.0,1
100000003086040100,peripheral,0.0,0,0.051105,"in_deg=1, out_deg=0, in_kzt=10500<500000, in_tx=1, depth=2<4",single_edge_leaf,1,0,10500,0,1,0,0.000551,0.0,0.0,2,False,False,0,0.0,1
100000003087877100,peripheral,0.0,34,0.052192,"in_deg=1, out_deg=0, in_kzt=91486<500000, in_tx=1, depth=3<4",single_edge_leaf,1,0,91486,0,1,0,0.000293,0.0,0.0,3,False,False,0,0.0,1
100000003089018100,peripheral,0.0,4,0.055007,"in_deg=1, out_deg=0, in_kzt=230000<500000, in_tx=1, depth=2<4",single_edge_leaf,1,0,230000,0,1,0,0.000309,0.0,0.0,2,False,False,0,0.0,1
100000003089553100,peripheral,0.0,42,0.053319,"in_deg=1, out_deg=0, in_kzt=150000<500000, in_tx=1, depth=3<4",single_edge_leaf,1,0,150000,0,1,0,0.000308,0.0,0.0,3,False,False,0,0.0,1
100000003091142100,peripheral,0.0,0,0.051143,"depth=4 cutoff; in_deg=1, in_kzt=40000, out_deg=0; onward transfers unobserved",censored_depth4,1,0,40000,0,1,0,0.000412,0.0,0.0,4,False,True,0,0.0,1
100000003093299100,peripheral,0.0,0,0.048531,"in_deg=1, out_deg=0, in_kzt=15000<500000, in_tx=1, depth=3<4",single_edge_leaf,1,0,15000,0,1,0,0.000288,0.0,0.0,3,False,False,0,0.0,1
100000003095610100,peripheral,0.0,17,0.049515,"in_deg=1, out_deg=0, in_kzt=23665<500000, in_tx=1, depth=3<4",single_edge_leaf,1,0,23665,0,1,0,0.000296,0.0,0.0,3,False,False,0,0.0,1
100000003096787100,peripheral,0.0,17,0.048258,"depth=4 cutoff; in_deg=1, in_kzt=16400, out_deg=0; onward transfers unobserved",censored_depth4,1,0,16400,0,1,0,0.000293,0.0,0.0,4,False,True,0,0.0,1
100000003097324100,peripheral,0.0,46,0.057273,"no rule: b=0.000000<0.002, in_deg=2, out_deg=0, in_kzt=294000, out_kzt=0, out/in=0.00, depth=3, seed=0",below_thresholds,2,0,294000,0,2,0,0.000327,0.0,0.0,3,False,False,0,0.0,2
100000003097947100,peripheral,0.0,8,0.050864,"depth=4 cutoff; in_deg=1, in_kzt=52980, out_deg=0; onward transfers unobserved",censored_depth4,1,0,52980,0,1,0,0.000322,0.0,0.0,4,False,True,0,0.0,1
100000003102157100,peripheral,0.0,0,0.054912,"in_deg=1, out_deg=0, in_kzt=96746<500000, in_tx=2, depth=1<4",single_edge_leaf,1,0,96746,0,2,0,0.000305,0.0,0.0,1,False,False,0,0.0,1
100000003104347100,peripheral,0.0,28,0.059167,"no rule: b=0.000020<0.002, in_deg=1, out_deg=1, in_kzt=418000, out_kzt=32000, out/in=0.08, depth=2, seed=0",below_thresholds,1,1,418000,32000,1,1,0.000366,2e-05,0.076555,2,False,False,0,0.0,2
100000003105089100,peripheral,0.0,31,0.047343,"depth=4 cutoff; in_deg=1, in_kzt=10000, out_deg=0; onward transfers unobserved",censored_depth4,1,0,10000,0,1,0,0.000301,0.0,0.0,4,False,True,0,0.0,1
100000003105929100,peripheral,0.0,10,0.057781,"no rule: b=0.000020<0.002, in_deg=1, out_deg=1, in_kzt=429567, out_kzt=156354, out/in=0.36, depth=3, seed=0",below_thresholds,1,1,429567,156354,2,1,0.000301,2e-05,0.36398,3,False,False,0,0.0,2
100000003109805100,peripheral,0.0,27,0.050375,"in_deg=1, out_deg=0, in_kzt=36929<500000, in_tx=1, depth=3<4",single_edge_leaf,1,0,36929,0,1,0,0.000293,0.0,0.0,3,False,False,0,0.0,1
100000003111305100,consolidator,0.666667,49,0.621614,"in_deg=4>=3, in_kzt=509338>=100000; out_deg=0, out_kzt=0, depth=3<4; no observed onward transfers",not_peripheral,4,0,509338,0,4,0,0.000405,0.0,0.0,3,False,False,0,0.0,4
100000003112436100,peripheral,0.0,5,0.053297,"in_deg=1, out_deg=0, in_kzt=100000<500000, in_tx=1, depth=2<4",single_edge_leaf,1,0,100000,0,1,0,0.000303,0.0,0.0,2,False,False,0,0.0,1
100000003112578100,peripheral,0.0,23,0.052375,"in_deg=1, out_deg=0, in_kzt=101080<500000, in_tx=1, depth=3<4",single_edge_leaf,1,0,101080,0,1,0,0.000292,0.0,0.0,3,False,False,0,0.0,1
100000003115284100,consolidator,1.0,11,0.822242,"in_deg=8>=2*out_deg(2); in_kzt=2160500>=100000, out_kzt=517000, out/in=0.24",not_peripheral,8,2,2160500,517000,15,4,0.001535,0.00013,0.239296,1,False,False,0,0.236056,9
100000003116106100,peripheral,0.0,10,0.055647,"in_deg=1, out_deg=0, in_kzt=494050<500000, in_tx=2, depth=3<4",single_edge_leaf,1,0,494050,0,2,0,0.000303,0.0,0.0,3,False,False,0,0.0,1
100000003119550100,peripheral,0.0,21,0.051735,"in_deg=1, out_deg=0, in_kzt=21000<500000, in_tx=1, depth=1<4",single_edge_leaf,1,0,21000,0,1,0,0.000291,0.0,0.0,1,False,False,0,0.0,1
100000003122817100,peripheral,0.0,14,0.056329,"in_deg=1, out_deg=0, in_kzt=444680<500000, in_tx=1, depth=3<4",single_edge_leaf,1,0,444680,0,1,0,0.000399,0.0,0.0,3,False,False,0,0.0,1
100000003123296100,peripheral,0.0,7,0.054646,"in_deg=1, out_deg=0, in_kzt=86200<500000, in_tx=2, depth=1<4",single_edge_leaf,1,0,86200,0,2,0,0.000301,0.0,0.0,1,False,False,0,0.0,1
100000003125997100,peripheral,0.0,42,0.054007,"depth=4 cutoff; in_deg=1, in_kzt=87750, out_deg=0; onward transfers unobserved",censored_depth4,1,0,87750,0,1,0,0.000551,0.0,0.0,4,False,True,0,0.0,1
100000003128638100,peripheral,0.0,4,0.05468,"depth=4 cutoff; in_deg=1, in_kzt=300000, out_deg=0; onward transfers unobserved",censored_depth4,1,0,300000,0,1,0,0.00036,0.0,0.0,4,False,True,0,0.0,1
100000003131016100,peripheral,0.0,8,0.069053,"no rule: b=0.000000<0.002, in_deg=1, out_deg=1, in_kzt=405700, out_kzt=126000, out/in=0.31, depth=2, seed=0",below_thresholds,1,1,405700,126000,7,4,0.001695,0.0,0.310574,2,False,False,0,0.137261,1
100000003131693100,peripheral,0.0,2,0.057989,"in_deg=1, out_deg=0, in_kzt=353277<500000, in_tx=1, depth=1<4",single_edge_leaf,1,0,353277,0,1,0,0.000358,0.0,0.0,1,False,False,0,0.0,1
100000003132484100,peripheral,0.0,4,0.054467,"in_deg=1, out_deg=0, in_kzt=90000<500000, in_tx=1, depth=3<4",single_edge_leaf,1,0,90000,0,1,0,0.000541,0.0,0.0,3,False,False,0,0.0,1
100000003133045100,peripheral,0.0,51,0.051483,"depth=4 cutoff; in_deg=1, in_kzt=68000, out_deg=0; onward transfers unobserved",censored_depth4,1,0,68000,0,1,0,0.000335,0.0,0.0,4,False,True,0,0.0,1
100000003134474100,peripheral,0.0,10,0.05264,"in_deg=1, out_deg=0, in_kzt=116000<500000, in_tx=1, depth=3<4",single_edge_leaf,1,0,116000,0,1,0,0.000291,0.0,0.0,3,False,False,0,0.0,1
100000003134550100,peripheral,0.0,42,0.051933,"depth=4 cutoff; in_deg=1, in_kzt=100000, out_deg=0; onward transfers unobserved",censored_depth4,1,0,100000,0,1,0,0.0003,0.0,0.0,4,False,True,0,0.0,1
100000003134934100,consolidator,0.666667,0,0.626016,"in_deg=4>=3, in_kzt=379354>=100000; out_deg=0, out_kzt=0, depth=2<4; no observed onward transfers",not_peripheral,4,0,379354,0,4,0,0.000426,0.0,0.0,2,False,False,0,0.0,4
100000003134937100,peripheral,0.0,5,0.05028,"in_deg=1, out_deg=0, in_kzt=10286<500000, in_tx=1, depth=1<4",single_edge_leaf,1,0,10286,0,1,0,0.000288,0.0,0.0,1,False,False,0,0.0,1
100000003146511100,peripheral,0.0,12,0.047459,"depth=4 cutoff; in_deg=1, in_kzt=10000, out_deg=0; onward transfers unobserved",censored_depth4,1,0,10000,0,1,0,0.000313,0.0,0.0,4,False,True,0,0.0,1
100000003147719100,peripheral,0.0,4,0.052357,"in_deg=1, out_deg=0, in_kzt=100000<500000, in_tx=1, depth=3<4",single_edge_leaf,1,0,100000,0,1,0,0.000292,0.0,0.0,3,False,False,0,0.0,1
100000003148220100,peripheral,0.0,53,0.061491,"no rule: b=0.000000<0.002, in_deg=1, out_deg=2, in_kzt=5650, out_kzt=43400, out/in=7.68, depth=1, seed=0",below_thresholds,1,2,5650,43400,1,4,0.000922,0.0,7.681416,1,False,False,0,1.0,2
100000003149149100,peripheral,0.0,10,0.054171,"in_deg=1, out_deg=0, in_kzt=245000<500000, in_tx=1, depth=3<4",single_edge_leaf,1,0,245000,0,1,0,0.000295,0.0,0.0,3,False,False,0,0.0,1
100000003152964100,peripheral,0.0,8,0.05571,"no rule: b=0.000020<0.002, in_deg=1, out_deg=1, in_kzt=141847, out_kzt=5500, out/in=0.04, depth=3, seed=0",below_thresholds,1,1,141847,5500,1,1,0.000316,2e-05,0.038774,3,False,False,0,0.0,2
100000003154105100,peripheral,0.0,31,0.066246,"no rule: b=0.000142<0.002, in_deg=1, out_deg=7, in_kzt=60000, out_kzt=338000, out/in=5.63, depth=3, seed=0",below_thresholds,1,7,60000,338000,1,9,0.000553,0.000142,5.633333,3,False,False,0,0.916667,8
100000003157333100,peripheral,0.0,1,0.050792,"in_deg=1, out_deg=0, in_kzt=30000<500000, in_tx=1, depth=2<4",single_edge_leaf,1,0,30000,0,1,0,0.000293,0.0,0.0,2,False,False,0,0.0,1
100000003157679100,consolidator,0.666667,4,0.61994,"in_deg=4>=3, in_kzt=541000>=100000; out_deg=0, out_kzt=0, depth=3<4; no observed onward transfers",not_peripheral,4,0,541000,0,4,0,0.000375,0.0,0.0,3,False,False,0,0.0,4
100000003158727100,consolidator,0.5,1,0.618361,"in_deg=3>=3, in_kzt=367940>=100000; out_deg=0, out_kzt=0, depth=1<4; no observed onward transfers",not_peripheral,3,0,367940,0,3,0,0.000316,0.0,0.0,1,False,False,0,0.0,3
100000003159641100,peripheral,0.0,45,0.061281,"no rule: b=0.000060<0.002, in_deg=4, out_deg=1, in_kzt=64000, out_kzt=197800, out/in=3.09, depth=2, seed=0",below_thresholds,4,1,64000,197800,7,1,0.000307,6e-05,3.090625,2,False,False,0,0.234375,5
100000003163256100,transit,0.719132,5,0.401024,"out/in=1.11 in [0.8,1.2]; in_kzt=13485, out_kzt=15000, matched_2d=0.00",not_peripheral,1,1,13485,15000,1,1,0.000288,2e-05,1.112347,1,False,False,0,0.0,2
100000003163886100,terminal,0.5,30,0.50756,"in_kzt=500000>=500000; in_deg=1, out_deg=0, depth=3<4; observed endpoint",not_peripheral,1,0,500000,0,1,0,0.000737,0.0,0.0,3,False,False,0,0.0,1
100000003164661100,terminal,0.5962,26,0.499964,"in_kzt=596200>=500000; in_deg=1, out_deg=0, depth=3<4; observed endpoint",not_peripheral,1,0,596200,0,3,0,0.000603,0.0,0.0,3,False,False,0,0.0,1
100000003166017100,peripheral,0.0,17,0.048075,"depth=4 cutoff; in_deg=1, in_kzt=15000, out_deg=0; onward transfers unobserved",censored_depth4,1,0,15000,0,1,0,0.000292,0.0,0.0,4,False,True,0,0.0,1
100000003166755100,peripheral,0.0,2,0.05033,"in_deg=1, out_deg=0, in_kzt=24010<500000, in_tx=1, depth=2<4",single_edge_leaf,1,0,24010,0,1,0,0.000291,0.0,0.0,2,False,False,0,0.0,1
100000003171006100,peripheral,0.0,4,0.058356,"no rule: b=0.000000<0.002, in_deg=2, out_deg=0, in_kzt=485000, out_kzt=0, out/in=0.00, depth=3, seed=0",below_thresholds,2,0,485000,0,2,0,0.000336,0.0,0.0,3,False,False,0,0.0,2
100000003171587100,peripheral,0.0,10,0.061977,"no rule: b=0.000040<0.002, in_deg=2, out_deg=2, in_kzt=700000, out_kzt=431300, out/in=0.62, depth=3, seed=0",below_thresholds,2,2,700000,431300,2,7,0.000317,4e-05,0.616143,3,False,False,0,0.0,4
100000003173783100,peripheral,0.0,32,0.049491,"depth=4 cutoff; in_deg=1, in_kzt=23500, out_deg=0; onward transfers unobserved",censored_depth4,1,0,23500,0,2,0,0.000348,0.0,0.0,4,False,True,0,0.0,1
100000003177533100,peripheral,0.0,8,0.049089,"depth=4 cutoff; in_deg=1, in_kzt=20000, out_deg=0; onward transfers unobserved",censored_depth4,1,0,20000,0,3,0,0.00034,0.0,0.0,4,False,True,0,0.0,1
100000003178549100,peripheral,0.0,27,0.062279,"no rule: b=0.000277<0.002, in_deg=2, out_deg=4, in_kzt=250000, out_kzt=89080, out/in=0.36, depth=3, seed=0",below_thresholds,2,4,250000,89080,2,4,0.000354,0.000277,0.35632,3,False,False,2,0.0,6
100000003180305100,peripheral,0.0,0,0.054804,"depth=4 cutoff; in_deg=1, in_kzt=144000, out_deg=0; onward transfers unobserved",censored_depth4,1,0,144000,0,1,0,0.00053,0.0,0.0,4,False,True,0,0.0,1
100000003180820100,peripheral,0.0,4,0.051953,"depth=4 cutoff; in_deg=1, in_kzt=101000, out_deg=0; onward transfers unobserved",censored_depth4,1,0,101000,0,1,0,0.0003,0.0,0.0,4,False,True,0,0.0,1
100000003186579100,peripheral,0.0,8,0.054147,"depth=4 cutoff; in_deg=1, in_kzt=110000, out_deg=0; onward transfers unobserved",censored_depth4,1,0,110000,0,2,0,0.000517,0.0,0.0,4,False,True,0,0.0,1
100000003187359100,peripheral,0.0,21,0.051539,"in_deg=1, out_deg=0, in_kzt=19072<500000, in_tx=1, depth=1<4",single_edge_leaf,1,0,19072,0,1,0,0.000291,0.0,0.0,1,False,False,0,0.0,1
100000003188607100,peripheral,0.0,1,0.052426,"no rule: b=0.000001<0.002, in_deg=1, out_deg=1, in_kzt=18000, out_kzt=5000, out/in=0.28, depth=2, seed=0",below_thresholds,1,1,18000,5000,1,1,0.000316,1e-06,0.277778,2,False,False,0,0.0,2
100000003190207100,peripheral,0.0,50,0.057518,"no rule: b=0.000021<0.002, in_deg=1, out_deg=1, in_kzt=5000, out_kzt=377000, out/in=75.40, depth=3, seed=0",below_thresholds,1,1,5000,377000,1,8,0.0003,2.1e-05,75.4,3,False,False,0,1.0,2
100000003191430100,peripheral,0.0,5,0.056608,"in_deg=1, out_deg=0, in_kzt=180000<500000, in_tx=1, depth=2<4",single_edge_leaf,1,0,180000,0,1,0,0.000533,0.0,0.0,2,False,False,0,0.0,1
100000003192220100,peripheral,0.0,5,0.05416,"in_deg=1, out_deg=0, in_kzt=60000<500000, in_tx=2, depth=2<4",single_edge_leaf,1,0,60000,0,2,0,0.000506,0.0,0.0,2,False,False,0,0.0,1
100000003192309100,peripheral,0.0,21,0.056276,"no rule: b=0.000001<0.002, in_deg=1, out_deg=1, in_kzt=17200, out_kzt=213000, out/in=12.38, depth=3, seed=0",below_thresholds,1,1,17200,213000,1,1,0.00029,1e-06,12.383721,3,False,False,0,0.0,2
100000003194831100,peripheral,0.0,11,0.04633,"depth=4 cutoff; in_deg=1, in_kzt=6265, out_deg=0; onward transfers unobserved",censored_depth4,1,0,6265,0,1,0,0.000292,0.0,0.0,4,False,True,0,0.0,1
100000003199390100,peripheral,0.0,10,0.054567,"depth=4 cutoff; in_deg=1, in_kzt=260000, out_deg=0; onward transfers unobserved",censored_depth4,1,0,260000,0,1,0,0.000378,0.0,0.0,4,False,True,0,0.0,1
100000003200071100,peripheral,0.0,61,0.057406,"no rule: b=0.000000<0.002, in_deg=0, out_deg=1, in_kzt=0, out_kzt=30000, out/in=NA, depth=0, seed=1",below_thresholds,0,1,0,30000,0,1,0.000287,0.0,-1.0,0,True,False,0,-1.0,1
100000003204491100,peripheral,0.0,0,0.05553,"no rule: b=0.000020<0.002, in_deg=1, out_deg=1, in_kzt=140000, out_kzt=100000, out/in=0.71, depth=3, seed=0",below_thresholds,1,1,140000,100000,1,2,0.000299,2e-05,0.714286,3,False,False,0,0.714286,2
100000003205210100,peripheral,0.0,2,0.055703,"in_deg=1, out_deg=0, in_kzt=137563<500000, in_tx=1, depth=1<4",single_edge_leaf,1,0,137563,0,1,0,0.000315,0.0,0.0,1,False,False,0,0.0,1
100000003207060100,peripheral,0.0,0,0.051869,"depth=4 cutoff; in_deg=1, in_kzt=53000, out_deg=0; onward transfers unobserved",censored_depth4,1,0,53000,0,1,0,0.000429,0.0,0.0,4,False,True,0,0.0,1
100000003213473100,peripheral,0.0,0,0.06484,"no rule: b=0.000112<0.002, in_deg=1, out_deg=11, in_kzt=57500, out_kzt=240000, out/in=4.17, depth=3, seed=0",below_thresholds,1,11,57500,240000,2,12,0.00029,0.000112,4.173913,3,False,False,5,0.782609,11
100000003214786100,peripheral,0.0,0,0.04709,"depth=4 cutoff; in_deg=1, in_kzt=5000, out_deg=0; onward transfers unobserved",censored_depth4,1,0,5000,0,1,0,0.000422,0.0,0.0,4,False,True,0,0.0,1
100000003215448100,peripheral,0.0,8,0.057072,"no rule: b=0.000039<0.002, in_deg=1, out_deg=2, in_kzt=91309, out_kzt=124000, out/in=1.36, depth=3, seed=0",below_thresholds,1,2,91309,124000,1,4,0.000306,3.9e-05,1.358026,3,False,False,0,0.087615,3
100000003216073100,peripheral,0.0,34,0.054055,"no rule: b=0.000001<0.002, in_deg=1, out_deg=1, in_kzt=37001, out_kzt=70000, out/in=1.89, depth=3, seed=0",below_thresholds,1,1,37001,70000,1,1,0.000289,1e-06,1.891841,3,False,False,0,0.0,2
100000003218308100,peripheral,0.0,0,0.047939,"in_deg=1, out_deg=0, in_kzt=11165<500000, in_tx=1, depth=3<4",single_edge_leaf,1,0,11165,0,1,0,0.000287,0.0,0.0,3,False,False,0,0.0,1
100000003219438100,peripheral,0.0,62,0.052379,"in_deg=1, out_deg=0, in_kzt=32000<500000, in_tx=1, depth=2<4",single_edge_leaf,1,0,32000,0,1,0,0.000449,0.0,0.0,2,False,False,0,0.0,1
100000003220685100,peripheral,0.0,10,0.059294,"depth=4 cutoff; in_deg=1, in_kzt=1306000, out_deg=0; onward transfers unobserved",censored_depth4,1,0,1306000,0,2,0,0.00054,0.0,0.0,4,False,True,0,0.0,1
100000003221384100,terminal,0.5112,3,0.492313,"in_kzt=511200>=500000; in_deg=1, out_deg=0, depth=2<4; observed endpoint",not_peripheral,1,0,511200,0,1,0,0.00045,0.0,0.0,2,False,False,0,0.0,1
100000003221510100,peripheral,0.0,0,0.056845,"no rule: b=0.000039<0.002, in_deg=1, out_deg=2, in_kzt=24000, out_kzt=120000, out/in=5.00, depth=3, seed=0",below_thresholds,1,2,24000,120000,1,3,0.000288,3.9e-05,5.0,3,False,False,0,0.0,3
100000003230328100,peripheral,0.0,0,0.053942,"depth=4 cutoff; in_deg=3, in_kzt=26572, out_deg=0; onward transfers unobserved",censored_depth4,3,0,26572,0,3,0,0.000353,0.0,0.0,4,False,True,0,0.0,3
100000003230329100,peripheral,0.0,4,0.052134,"depth=4 cutoff; in_deg=1, in_kzt=110000, out_deg=0; onward transfers unobserved",censored_depth4,1,0,110000,0,1,0,0.000301,0.0,0.0,4,False,True,0,0.0,1
100000003232675100,peripheral,0.0,12,0.05125,"depth=4 cutoff; in_deg=1, in_kzt=44000, out_deg=0; onward transfers unobserved",censored_depth4,1,0,44000,0,2,0,0.000403,0.0,0.0,4,False,True,0,0.0,1
100000003235780100,peripheral,0.0,0,0.056435,"no rule: b=0.000000<0.002, in_deg=2, out_deg=0, in_kzt=65000, out_kzt=0, out/in=0.00, depth=1, seed=0",below_thresholds,2,0,65000,0,2,0,0.000293,0.0,0.0,1,False,False,0,0.0,2
100000003237045100,peripheral,0.0,5,0.056601,"no rule: b=0.000000<0.002, in_deg=1, out_deg=1, in_kzt=340200, out_kzt=150000, out/in=0.44, depth=2, seed=0",below_thresholds,1,1,340200,150000,2,1,0.000396,0.0,0.440917,2,False,False,0,0.0,1
100000003239379100,peripheral,0.0,7,0.054797,"in_deg=1, out_deg=0, in_kzt=92500<500000, in_tx=1, depth=1<4",single_edge_leaf,1,0,92500,0,1,0,0.000302,0.0,0.0,1,False,False,0,0.0,1
100000003239859100,peripheral,0.0,7,0.051481,"in_deg=1, out_deg=0, in_kzt=18600<500000, in_tx=1, depth=1<4",single_edge_leaf,1,0,18600,0,1,0,0.00029,0.0,0.0,1,False,False,0,0.0,1
100000003241965100,peripheral,0.0,17,0.048575,"in_deg=1, out_deg=0, in_kzt=15000<500000, in_tx=1, depth=3<4",single_edge_leaf,1,0,15000,0,1,0,0.000292,0.0,0.0,3,False,False,0,0.0,1
100000003242289100,distributor,1.0,27,0.724875,"out_deg=23>=10, out_kzt=2377741>=500000; out_tx=26, seed=0",not_peripheral,3,23,550791,2377741,8,26,0.000442,0.001019,4.316957,2,False,False,2,0.806231,25
100000003242795100,peripheral,0.0,10,0.052551,"in_deg=1, out_deg=0, in_kzt=111000<500000, in_tx=1, depth=3<4",single_edge_leaf,1,0,111000,0,1,0,0.00029,0.0,0.0,3,False,False,0,0.0,1
100000003246024100,peripheral,0.0,8,0.053617,"no rule: b=0.001639<0.002, in_deg=1, out_deg=1, in_kzt=25000, out_kzt=5000, out/in=0.20, depth=2, seed=0",below_thresholds,1,1,25000,5000,1,1,0.000374,0.001639,0.2,2,False,False,0,0.2,2
100000003247600100,peripheral,0.0,2,0.055918,"depth=4 cutoff; in_deg=1, in_kzt=58000, out_deg=0; onward transfers unobserved",censored_depth4,1,0,58000,0,1,0,0.000845,0.0,0.0,4,False,True,0,0.0,1
100000003249054100,peripheral,0.0,2,0.063528,"no rule: b=0.000040<0.002, in_deg=7, out_deg=1, in_kzt=99700, out_kzt=15000, out/in=0.15, depth=2, seed=0",below_thresholds,7,1,99700,15000,11,1,0.000433,4e-05,0.150451,2,False,False,0,0.0,8
100000003252446100,peripheral,0.0,42,0.052108,"depth=4 cutoff; in_deg=1, in_kzt=108600, out_deg=0; onward transfers unobserved",censored_depth4,1,0,108600,0,1,0,0.000301,0.0,0.0,4,False,True,0,0.0,1
100000003254277100,transit,0.786433,0,0.400145,"out/in=0.91 in [0.8,1.2]; in_kzt=49200, out_kzt=44997, matched_2d=0.91",not_peripheral,1,1,49200,44997,1,1,0.00029,2e-05,0.914573,3,False,False,0,0.914573,2
100000003254723100,peripheral,0.0,2,0.05741,"in_deg=1, out_deg=0, in_kzt=269850<500000, in_tx=6, depth=2<4",single_edge_leaf,1,0,269850,0,6,0,0.000532,0.0,0.0,2,False,False,0,0.0,1
100000003265158100,transit,0.861404,7,0.473954,"out/in=1.06 in [0.8,1.2]; in_kzt=146100, out_kzt=154200, matched_2d=0.81",not_peripheral,3,2,146100,154200,3,4,0.000386,0.00018,1.055439,1,False,False,0,0.812686,5
100000003265658100,peripheral,0.0,63,0.03,"in_deg=0, out_deg=0, in_kzt=0, out_kzt=0; seed=1; no observed edge",isolate,0,0,0,0,0,0,0.0,0.0,-1.0,0,True,False,0,-1.0,0
100000003270419100,peripheral,0.0,12,0.05824,"in_deg=1, out_deg=0, in_kzt=150000<500000, in_tx=1, depth=3<4",single_edge_leaf,1,0,150000,0,1,0,0.000837,0.0,0.0,3,False,False,0,0.0,1
100000003271151100,peripheral,0.0,8,0.053033,"in_deg=1, out_deg=0, in_kzt=127294<500000, in_tx=1, depth=3<4",single_edge_leaf,1,0,127294,0,1,0,0.000313,0.0,0.0,3,False,False,0,0.0,1
100000003275398100,peripheral,0.0,33,0.059159,"no rule: b=0.000000<0.002, in_deg=1, out_deg=1, in_kzt=300000, out_kzt=20000, out/in=0.07, depth=2, seed=0",below_thresholds,1,1,300000,20000,1,1,0.000436,0.0,0.066667,2,False,False,0,0.0,2
100000003278020100,peripheral,0.0,0,0.054788,"in_deg=1, out_deg=0, in_kzt=190000<500000, in_tx=1, depth=2<4",single_edge_leaf,1,0,190000,0,1,0,0.000326,0.0,0.0,2,False,False,0,0.0,1
100000003284932100,peripheral,0.0,2,0.054226,"in_deg=1, out_deg=0, in_kzt=69925<500000, in_tx=1, depth=1<4",single_edge_leaf,1,0,69925,0,1,0,0.000301,0.0,0.0,1,False,False,0,0.0,1
100000003286537100,peripheral,0.0,4,0.055736,"no rule: b=0.000000<0.002, in_deg=2, out_deg=0, in_kzt=153000, out_kzt=0, out/in=0.00, depth=3, seed=0",below_thresholds,2,0,153000,0,2,0,0.000302,0.0,0.0,3,False,False,0,0.0,2
100000003289281100,peripheral,0.0,0,0.052893,"depth=4 cutoff; in_deg=1, in_kzt=40000, out_deg=0; onward transfers unobserved",censored_depth4,1,0,40000,0,1,0,0.0006,0.0,0.0,4,False,True,0,0.0,1
100000003289405100,peripheral,0.0,2,0.05617,"in_deg=1, out_deg=0, in_kzt=355000<500000, in_tx=1, depth=2<4",single_edge_leaf,1,0,355000,0,1,0,0.000341,0.0,0.0,2,False,False,0,0.0,1
100000003292191100,peripheral,0.0,46,0.052666,"in_deg=1, out_deg=0, in_kzt=112000<500000, in_tx=1, depth=3<4",single_edge_leaf,1,0,112000,0,1,0,0.000301,0.0,0.0,3,False,False,0,-1.0,1
100000003292979100,peripheral,0.0,2,0.052135,"in_deg=1, out_deg=0, in_kzt=48950<500000, in_tx=1, depth=2<4",single_edge_leaf,1,0,48950,0,1,0,0.000332,0.0,0.0,2,False,False,0,0.0,1
100000003293377100,peripheral,0.0,10,0.050941,"in_deg=1, out_deg=0, in_kzt=50000<500000, in_tx=1, depth=3<4",single_edge_leaf,1,0,50000,0,1,0,0.000288,0.0,0.0,3,False,False,0,0.0,1
100000003299365100,transit,1.0,2,0.424249,"out/in=1.00 in [0.8,1.2]; in_kzt=200000, out_kzt=200000, matched_2d=1.00",not_peripheral,1,1,200000,200000,1,1,0.000327,0.0,1.0,1,False,False,1,1.0,1
100000003321423100,peripheral,0.0,54,0.056747,"in_deg=1, out_deg=0, in_kzt=100000<500000, in_tx=2, depth=2<4",single_edge_leaf,1,0,100000,0,2,0,0.000674,0.0,0.0,2,False,False,0,0.0,1
100000003321895100,peripheral,0.0,55,0.060125,"no rule: b=0.000040<0.002, in_deg=1, out_deg=2, in_kzt=24000, out_kzt=553830, out/in=23.08, depth=3, seed=0",below_thresholds,1,2,24000,553830,1,3,0.000313,4e-05,23.07625,3,False,False,0,0.0,3
100000003336565100,peripheral,0.0,21,0.049605,"in_deg=1, out_deg=0, in_kzt=16550<500000, in_tx=1, depth=2<4",single_edge_leaf,1,0,16550,0,1,0,0.000292,0.0,0.0,2,False,False,0,0.0,1
100000003338583100,peripheral,0.0,33,0.049308,"in_deg=1, out_deg=0, in_kzt=21765<500000, in_tx=1, depth=3<4",single_edge_leaf,1,0,21765,0,1,0,0.000291,0.0,0.0,3,False,False,0,0.0,1
100000003345947100,peripheral,0.0,8,0.053308,"depth=4 cutoff; in_deg=1, in_kzt=79500, out_deg=0; onward transfers unobserved",censored_depth4,1,0,79500,0,6,0,0.000497,0.0,0.0,4,False,True,0,0.0,1
100000003349739100,peripheral,0.0,64,0.03,"in_deg=0, out_deg=0, in_kzt=0, out_kzt=0; seed=1; no observed edge",isolate,0,0,0,0,0,0,0.0,0.0,-1.0,0,True,False,0,-1.0,0
100000003360542100,peripheral,0.0,11,0.070551,"no rule: b=0.000001<0.002, in_deg=2, out_deg=2, in_kzt=317000, out_kzt=51800, out/in=0.16, depth=2, seed=0",below_thresholds,2,2,317000,51800,3,5,0.001462,1e-06,0.163407,2,False,False,0,0.048896,3
100000003366154100,peripheral,0.0,2,0.062661,"no rule: b=0.000063<0.002, in_deg=1, out_deg=3, in_kzt=125000, out_kzt=289170, out/in=2.31, depth=1, seed=0",below_thresholds,1,3,125000,289170,1,3,0.000312,6.3e-05,2.31336,1,False,False,0,1.0,4
100000003366471100,peripheral,0.0,8,0.059551,"no rule: b=0.000020<0.002, in_deg=2, out_deg=1, in_kzt=329789, out_kzt=20000, out/in=0.06, depth=3, seed=0",below_thresholds,2,1,329789,20000,5,1,0.000362,2e-05,0.060645,3,False,False,0,0.060645,3
100000003370425100,peripheral,0.0,12,0.051985,"depth=4 cutoff; in_deg=1, in_kzt=20000, out_deg=0; onward transfers unobserved",censored_depth4,1,0,20000,0,1,0,0.000651,0.0,0.0,4,False,True,0,0.0,1
100000003377795100,peripheral,0.0,1,0.049506,"in_deg=1, out_deg=0, in_kzt=7000<500000, in_tx=1, depth=1<4",single_edge_leaf,1,0,7000,0,1,0,0.000287,0.0,0.0,1,False,False,0,0.0,1
100000003390036100,peripheral,0.0,11,0.070025,"no rule: b=0.000080<0.002, in_deg=2, out_deg=2, in_kzt=231300, out_kzt=62000, out/in=0.27, depth=2, seed=0",below_thresholds,2,2,231300,62000,4,2,0.001329,8e-05,0.26805,2,False,False,0,0.043234,4
100000003404627100,consolidator,0.666667,42,0.748641,"in_deg=4>=3, in_kzt=877700>=100000; out_deg=0, out_kzt=0, depth=1<4; no observed onward transfers",not_peripheral,4,0,877700,0,5,0,0.001384,0.0,0.0,1,False,False,0,0.0,4
100000003406094100,peripheral,0.0,5,0.060363,"no rule: b=0.000040<0.002, in_deg=1, out_deg=3, in_kzt=70000, out_kzt=47000, out/in=0.67, depth=3, seed=0",below_thresholds,1,3,70000,47000,4,3,0.000781,4e-05,0.671429,3,False,False,0,0.116667,3
100000003447411100,peripheral,0.0,8,0.054204,"depth=4 cutoff; in_deg=1, in_kzt=302000, out_deg=0; onward transfers unobserved",censored_depth4,1,0,302000,0,3,0,0.000307,0.0,0.0,4,False,True,0,0.0,1
100000003448713100,peripheral,0.0,8,0.053934,"depth=4 cutoff; in_deg=1, in_kzt=266750, out_deg=0; onward transfers unobserved",censored_depth4,1,0,266750,0,1,0,0.000305,0.0,0.0,4,False,True,0,0.0,1
100000003449074100,peripheral,0.0,0,0.050231,"in_deg=1, out_deg=0, in_kzt=10000<500000, in_tx=1, depth=1<4",single_edge_leaf,1,0,10000,0,1,0,0.000289,0.0,0.0,1,False,False,0,0.0,1
100000003457710100,peripheral,0.0,10,0.059969,"no rule: b=0.000020<0.002, in_deg=1, out_deg=1, in_kzt=326555, out_kzt=1306000, out/in=4.00, depth=3, seed=0",below_thresholds,1,1,326555,1306000,1,2,0.000297,2e-05,3.999326,3,False,False,0,1.0,2
100000003470579100,peripheral,0.0,14,0.056994,"depth=4 cutoff; in_deg=1, in_kzt=357000, out_deg=0; onward transfers unobserved",censored_depth4,1,0,357000,0,2,0,0.000571,0.0,0.0,4,False,True,0,0.0,1
100000003476560100,peripheral,0.0,2,0.053519,"in_deg=1, out_deg=0, in_kzt=50000<500000, in_tx=1, depth=1<4",single_edge_leaf,1,0,50000,0,1,0,0.000297,0.0,0.0,1,False,False,0,0.0,1
100000003481025100,peripheral,0.0,0,0.049299,"depth=4 cutoff; in_deg=1, in_kzt=9000, out_deg=0; onward transfers unobserved",censored_depth4,1,0,9000,0,1,0,0.000533,0.0,0.0,4,False,True,0,0.0,1
100000003484058100,peripheral,0.0,40,0.055224,"no rule: b=0.000020<0.002, in_deg=1, out_deg=1, in_kzt=110000, out_kzt=6000, out/in=0.05, depth=3, seed=0",below_thresholds,1,1,110000,6000,1,1,0.000318,2e-05,0.054545,3,False,False,0,0.0,2
100000003486846100,peripheral,0.0,5,0.051493,"depth=4 cutoff; in_deg=1, in_kzt=27000, out_deg=0; onward transfers unobserved",censored_depth4,1,0,27000,0,2,0,0.000533,0.0,0.0,4,False,True,0,0.0,1
100000003486970100,peripheral,0.0,10,0.053163,"in_deg=1, out_deg=0, in_kzt=150000<500000, in_tx=1, depth=3<4",single_edge_leaf,1,0,150000,0,1,0,0.000292,0.0,0.0,3,False,False,0,0.0,1
100000003497735100,peripheral,0.0,43,0.052954,"in_deg=1, out_deg=0, in_kzt=125000<500000, in_tx=1, depth=3<4",single_edge_leaf,1,0,125000,0,1,0,0.000308,0.0,0.0,3,False,False,0,0.0,1
100000003500764100,peripheral,0.0,27,0.050982,"depth=4 cutoff; in_deg=1, in_kzt=21000, out_deg=0; onward transfers unobserved",censored_depth4,1,0,21000,0,1,0,0.000532,0.0,0.0,4,False,True,0,0.0,1
100000003509750100,transit,0.88182,1,0.535098,"out/in=0.95 in [0.8,1.2]; in_kzt=82290, out_kzt=78400, matched_2d=0.71",not_peripheral,3,3,82290,78400,4,5,0.001693,2e-06,0.952728,2,False,False,0,0.709685,4
100000003528285100,peripheral,0.0,2,0.065841,"no rule: b=0.000117<0.002, in_deg=4, out_deg=4, in_kzt=118870, out_kzt=548000, out/in=4.61, depth=3, seed=0",below_thresholds,4,4,118870,548000,5,6,0.000406,0.000117,4.610078,3,False,False,1,0.356718,8
100000003557488100,peripheral,0.0,35,0.061285,"no rule: b=0.000020<0.002, in_deg=1, out_deg=2, in_kzt=664992, out_kzt=138000, out/in=0.21, depth=3, seed=0",below_thresholds,1,2,664992,138000,3,4,0.000583,2e-05,0.207521,3,False,False,0,0.177446,2
100000003561031100,peripheral,0.0,8,0.050742,"no rule: b=0.000020<0.002, in_deg=1, out_deg=1, in_kzt=13300, out_kzt=5000, out/in=0.38, depth=3, seed=0",below_thresholds,1,1,13300,5000,1,1,0.00029,2e-05,0.37594,3,False,False,0,0.0,2
100000003567087100,peripheral,0.0,21,0.05398,"in_deg=1, out_deg=0, in_kzt=62115<500000, in_tx=1, depth=1<4",single_edge_leaf,1,0,62115,0,1,0,0.0003,0.0,0.0,1,False,False,0,0.0,1
100000003568904100,peripheral,0.0,12,0.052688,"depth=4 cutoff; in_deg=1, in_kzt=49000, out_deg=0; onward transfers unobserved",censored_depth4,1,0,49000,0,1,0,0.000534,0.0,0.0,4,False,True,0,0.0,1
100000003574895100,peripheral,0.0,0,0.052214,"no rule: b=0.000020<0.002, in_deg=1, out_deg=1, in_kzt=27968, out_kzt=20000, out/in=0.72, depth=3, seed=0",below_thresholds,1,1,27968,20000,1,1,0.000288,2e-05,0.715103,3,False,False,0,0.715103,2
100000003581109100,peripheral,0.0,0,0.050635,"in_deg=1, out_deg=0, in_kzt=42750<500000, in_tx=1, depth=3<4",single_edge_leaf,1,0,42750,0,1,0,0.000289,0.0,0.0,3,False,False,0,0.0,1
100000003582677100,peripheral,0.0,2,0.058743,"no rule: b=0.000182<0.002, in_deg=2, out_deg=4, in_kzt=29757, out_kzt=56000, out/in=1.88, depth=3, seed=0",below_thresholds,2,4,29757,56000,2,5,0.000295,0.000182,1.881911,3,False,False,2,0.0,6
100000003589877100,peripheral,0.0,42,0.066882,"no rule: b=0.000097<0.002, in_deg=2, out_deg=6, in_kzt=176000, out_kzt=416129, out/in=2.36, depth=1, seed=0",below_thresholds,2,6,176000,416129,2,6,0.000308,9.7e-05,2.364369,1,False,False,0,1.0,8
100000003594472100,peripheral,0.0,35,0.04918,"in_deg=1, out_deg=0, in_kzt=20000<500000, in_tx=1, depth=3<4",single_edge_leaf,1,0,20000,0,1,0,0.000296,0.0,0.0,3,False,False,0,0.0,1
100000003603979100,peripheral,0.0,33,0.056948,"in_deg=1, out_deg=0, in_kzt=165000<500000, in_tx=3, depth=2<4",single_edge_leaf,1,0,165000,0,3,0,0.000588,0.0,0.0,2,False,False,0,0.0,1
100000003610172100,peripheral,0.0,10,0.051618,"in_deg=1, out_deg=0, in_kzt=70000<500000, in_tx=1, depth=3<4",single_edge_leaf,1,0,70000,0,1,0,0.000289,0.0,0.0,3,False,False,0,0.0,1
100000003616818100,peripheral,0.0,33,0.064183,"no rule: b=0.000002<0.002, in_deg=3, out_deg=3, in_kzt=78000, out_kzt=240100, out/in=3.08, depth=1, seed=0",below_thresholds,3,3,78000,240100,4,8,0.000515,2e-06,3.078205,1,False,False,1,0.0,4
100000003617552100,peripheral,0.0,26,0.052858,"in_deg=1, out_deg=0, in_kzt=25000<500000, in_tx=1, depth=2<4",single_edge_leaf,1,0,25000,0,1,0,0.000553,0.0,0.0,2,False,False,0,0.0,1
100000003622955100,peripheral,0.0,11,0.057825,"depth=4 cutoff; in_deg=1, in_kzt=15000, out_deg=0; onward transfers unobserved",censored_depth4,1,0,15000,0,1,0,0.001339,0.0,0.0,4,False,True,0,0.0,1
100000003626268100,peripheral,0.0,8,0.048125,"depth=4 cutoff; in_deg=1, in_kzt=5000, out_deg=0; onward transfers unobserved",censored_depth4,1,0,5000,0,1,0,0.000533,0.0,0.0,4,False,True,0,0.0,1
100000003631015100,peripheral,0.0,65,0.054104,"depth=4 cutoff; in_deg=1, in_kzt=266000, out_deg=0; onward transfers unobserved",censored_depth4,1,0,266000,0,1,0,0.000324,0.0,0.0,4,False,True,0,0.0,1
100000003632533100,peripheral,0.0,10,0.048554,"depth=4 cutoff; in_deg=1, in_kzt=10000, out_deg=0; onward transfers unobserved",censored_depth4,1,0,10000,0,1,0,0.000431,0.0,0.0,4,False,True,0,0.0,1
100000003635170100,transit,0.860335,54,0.535777,"out/in=0.94 in [0.8,1.2]; in_kzt=268500, out_kzt=253500, matched_2d=0.56",not_peripheral,3,4,268500,253500,13,10,0.001153,0.000191,0.944134,1,False,False,0,0.564669,5
100000003635660100,peripheral,0.0,0,0.049039,"in_deg=1, out_deg=0, in_kzt=18985<500000, in_tx=1, depth=3<4",single_edge_leaf,1,0,18985,0,1,0,0.000292,0.0,0.0,3,False,False,0,0.0,1
100000003636627100,peripheral,0.0,1,0.067822,"no rule: b=0.000000<0.002, in_deg=1, out_deg=1, in_kzt=77000, out_kzt=10000, out/in=0.13, depth=3, seed=0",below_thresholds,1,1,77000,10000,8,1,0.002008,0.0,0.12987,3,False,False,0,0.0,1
100000003646145100,peripheral,0.0,41,0.049272,"depth=4 cutoff; in_deg=1, in_kzt=5000, out_deg=0; onward transfers unobserved",censored_depth4,1,0,5000,0,1,0,0.000656,0.0,0.0,4,False,True,0,0.0,1
100000003647799100,peripheral,0.0,10,0.052339,"in_deg=1, out_deg=0, in_kzt=100000<500000, in_tx=1, depth=3<4",single_edge_leaf,1,0,100000,0,1,0,0.00029,0.0,0.0,3,False,False,0,0.0,1
100000003650146100,peripheral,0.0,5,0.048577,"in_deg=1, out_deg=0, in_kzt=14400<500000, in_tx=1, depth=3<4",single_edge_leaf,1,0,14400,0,1,0,0.000301,0.0,0.0,3,False,False,0,0.0,1
100000003664994100,peripheral,0.0,66,0.055228,"depth=4 cutoff; in_deg=1, in_kzt=338271, out_deg=0; onward transfers unobserved",censored_depth4,1,0,338271,0,2,0,0.000393,0.0,0.0,4,False,True,0,0.0,1
100000003671721100,peripheral,0.0,17,0.048885,"in_deg=1, out_deg=0, in_kzt=5000<500000, in_tx=1, depth=3<4",single_edge_leaf,1,0,5000,0,1,0,0.000561,0.0,0.0,3,False,False,0,0.0,1
100000003677936100,peripheral,0.0,1,0.054277,"no rule: b=0.000020<0.002, in_deg=1, out_deg=1, in_kzt=71000, out_kzt=13000, out/in=0.18, depth=3, seed=0",below_thresholds,1,1,71000,13000,1,2,0.00031,2e-05,0.183099,3,False,False,0,0.084507,2
100000003684369100,coordinator,0.585633,2,0.988968,"directed betweenness=0.002343>=0.002; in_deg=24, out_deg=62, hub_targets=0",not_peripheral,24,62,3848436,8588655,58,67,0.002029,0.002343,2.231726,0,True,False,0,0.977608,62
100000003692843100,peripheral,0.0,55,0.057342,"depth=4 cutoff; in_deg=1, in_kzt=510000, out_deg=0; onward transfers unobserved",censored_depth4,1,0,510000,0,2,0,0.000532,0.0,0.0,4,False,True,0,0.0,1
100000003696422100,peripheral,0.0,35,0.056093,"depth=4 cutoff; in_deg=1, in_kzt=118000, out_deg=0; onward transfers unobserved",censored_depth4,1,0,118000,0,2,0,0.000711,0.0,0.0,4,False,True,0,0.0,1
100000003701161100,peripheral,0.0,28,0.079638,"no rule: b=0.000217<0.002, in_deg=4, out_deg=3, in_kzt=1527103, out_kzt=349000, out/in=0.23, depth=1, seed=0",below_thresholds,4,3,1527103,349000,13,7,0.001661,0.000217,0.228537,1,False,False,0,0.229182,5
100000003711830100,peripheral,0.0,8,0.051021,"in_deg=1, out_deg=0, in_kzt=50000<500000, in_tx=1, depth=3<4",single_edge_leaf,1,0,50000,0,1,0,0.000297,0.0,0.0,3,False,False,0,-1.0,1
100000003713616100,peripheral,0.0,5,0.051154,"in_deg=1, out_deg=0, in_kzt=15893<500000, in_tx=1, depth=1<4",single_edge_leaf,1,0,15893,0,1,0,0.000289,0.0,0.0,1,False,False,0,0.0,1
100000003718221100,peripheral,0.0,28,0.068638,"no rule: b=0.000040<0.002, in_deg=2, out_deg=4, in_kzt=350000, out_kzt=423500, out/in=1.21, depth=2, seed=0",below_thresholds,2,4,350000,423500,6,8,0.001051,4e-05,1.21,2,False,False,0,0.771429,4
100000003718715100,peripheral,0.0,12,0.058939,"depth=4 cutoff; in_deg=1, in_kzt=915000, out_deg=0; onward transfers unobserved",censored_depth4,1,0,915000,0,3,0,0.000578,0.0,0.0,4,False,True,0,0.0,1
100000003724440100,peripheral,0.0,0,0.054403,"no rule: b=0.000000<0.002, in_deg=2, out_deg=0, in_kzt=50000, out_kzt=0, out/in=0.00, depth=2, seed=0",below_thresholds,2,0,50000,0,2,0,0.000309,0.0,0.0,2,False,False,0,0.0,2
100000003736419100,peripheral,0.0,0,0.051892,"no rule: b=0.000020<0.002, in_deg=1, out_deg=1, in_kzt=23300, out_kzt=10000, out/in=0.43, depth=3, seed=0",below_thresholds,1,1,23300,10000,1,1,0.000293,2e-05,0.429185,3,False,False,0,0.429185,2
100000003739818100,peripheral,0.0,2,0.053804,"in_deg=1, out_deg=0, in_kzt=57293<500000, in_tx=1, depth=1<4",single_edge_leaf,1,0,57293,0,1,0,0.000298,0.0,0.0,1,False,False,0,0.0,1
100000003741418100,consolidator,0.75,0,0.679755,"in_deg=9>=2*out_deg(3); in_kzt=151900>=100000, out_kzt=39920, out/in=0.26",not_peripheral,9,3,151900,39920,13,3,0.000635,5.4e-05,0.262804,2,False,False,0,0.0,11
100000003747133100,consolidator,0.625,8,0.641565,"in_deg=5>=2*out_deg(2); in_kzt=237068>=100000, out_kzt=250000, out/in=1.05",not_peripheral,5,2,237068,250000,8,2,0.00038,9.8e-05,1.05455,2,False,False,0,0.16939,7
100000003760160100,peripheral,0.0,10,0.052428,"in_deg=1, out_deg=0, in_kzt=104470<500000, in_tx=1, depth=3<4",single_edge_leaf,1,0,104470,0,1,0,0.00029,0.0,0.0,3,False,False,0,0.0,1
100000003770083100,peripheral,0.0,67,0.03,"in_deg=0, out_deg=0, in_kzt=0, out_kzt=0; seed=1; no observed edge",isolate,0,0,0,0,0,0,0.0,0.0,-1.0,0,True,False,0,-1.0,0
100000003781406100,peripheral,0.0,7,0.054805,"in_deg=1, out_deg=0, in_kzt=45000<500000, in_tx=2, depth=3<4",single_edge_leaf,1,0,45000,0,2,0,0.000726,0.0,0.0,3,False,False,0,0.0,1
100000003782913100,peripheral,0.0,40,0.053321,"depth=4 cutoff; in_deg=1, in_kzt=200000, out_deg=0; onward transfers unobserved",censored_depth4,1,0,200000,0,1,0,0.000301,0.0,0.0,4,False,True,0,0.0,1
100000003786516100,peripheral,0.0,0,0.045901,"depth=4 cutoff; in_deg=1, in_kzt=5000, out_deg=0; onward transfers unobserved",censored_depth4,1,0,5000,0,1,0,0.000294,0.0,0.0,4,False,True,0,0.0,1
100000003792647100,peripheral,0.0,10,0.047841,"depth=4 cutoff; in_deg=1, in_kzt=8000, out_deg=0; onward transfers unobserved",censored_depth4,1,0,8000,0,1,0,0.000402,0.0,0.0,4,False,True,0,0.0,1
100000003795588100,peripheral,0.0,0,0.055407,"in_deg=1, out_deg=0, in_kzt=400000<500000, in_tx=2, depth=3<4",single_edge_leaf,1,0,400000,0,2,0,0.000322,0.0,0.0,3,False,False,0,0.0,1
100000003796063100,distributor,0.75,0,0.693878,"out_deg=15>=10, out_kzt=959150>=500000; out_tx=23, seed=0",not_peripheral,1,15,35000,959150,1,23,0.000688,0.001199,27.404286,3,False,False,8,1.0,15
100000003798151100,peripheral,0.0,5,0.058353,"in_deg=1, out_deg=0, in_kzt=350000<500000, in_tx=3, depth=2<4",single_edge_leaf,1,0,350000,0,3,0,0.000578,0.0,0.0,2,False,False,0,0.0,1
100000003809101100,peripheral,0.0,11,0.060696,"no rule: b=0.000136<0.002, in_deg=2, out_deg=2, in_kzt=166050, out_kzt=55200, out/in=0.33, depth=1, seed=0",below_thresholds,2,2,166050,55200,3,4,0.000364,0.000136,0.33243,1,False,False,0,0.061427,3
100000003814002100,peripheral,0.0,10,0.049915,"in_deg=1, out_deg=0, in_kzt=30000<500000, in_tx=1, depth=3<4",single_edge_leaf,1,0,30000,0,1,0,0.000288,0.0,0.0,3,False,False,0,0.0,1
100000003819173100,peripheral,0.0,8,0.052623,"depth=4 cutoff; in_deg=1, in_kzt=143777, out_deg=0; onward transfers unobserved",censored_depth4,1,0,143777,0,1,0,0.000297,0.0,0.0,4,False,True,0,0.0,1
100000003823811100,peripheral,0.0,50,0.058484,"no rule: b=0.000127<0.002, in_deg=1, out_deg=3, in_kzt=30000, out_kzt=66130, out/in=2.20, depth=2, seed=0",below_thresholds,1,3,30000,66130,1,3,0.000359,0.000127,2.204333,2,False,False,0,0.0,4
100000003824464100,peripheral,0.0,28,0.054878,"in_deg=1, out_deg=0, in_kzt=200000<500000, in_tx=1, depth=2<4",single_edge_leaf,1,0,200000,0,1,0,0.000325,0.0,0.0,2,False,False,0,0.0,1
100000003831201100,peripheral,0.0,0,0.053665,"in_deg=1, out_deg=0, in_kzt=40500<500000, in_tx=3, depth=2<4",single_edge_leaf,1,0,40500,0,3,0,0.000537,0.0,0.0,2,False,False,0,0.0,1
100000003831324100,peripheral,0.0,1,0.059712,"no rule: b=0.000000<0.002, in_deg=2, out_deg=0, in_kzt=300000, out_kzt=0, out/in=0.00, depth=1, seed=0",below_thresholds,2,0,300000,0,2,0,0.000317,0.0,0.0,1,False,False,0,0.0,2
100000003832231100,peripheral,0.0,2,0.052779,"in_deg=1, out_deg=0, in_kzt=35000<500000, in_tx=1, depth=1<4",single_edge_leaf,1,0,35000,0,1,0,0.000294,0.0,0.0,1,False,False,0,0.0,1
100000003834495100,consolidator,0.5,0,0.645282,"in_deg=3>=2*out_deg(1); in_kzt=602441>=100000, out_kzt=20000, out/in=0.03",not_peripheral,3,1,602441,20000,5,1,0.000624,3e-06,0.033198,3,False,False,0,0.0,4
100000003835149100,peripheral,0.0,20,0.067894,"no rule: b=0.000002<0.002, in_deg=1, out_deg=2, in_kzt=248500, out_kzt=4600440, out/in=18.51, depth=1, seed=0",below_thresholds,1,2,248500,4600440,1,13,0.000491,2e-06,18.512837,1,False,False,0,0.0,3
100000003838587100,peripheral,0.0,40,0.048715,"depth=4 cutoff; in_deg=1, in_kzt=6000, out_deg=0; onward transfers unobserved",censored_depth4,1,0,6000,0,1,0,0.000557,0.0,0.0,4,False,True,0,0.0,1
100000003843844100,peripheral,0.0,12,0.056531,"no rule: b=0.000020<0.002, in_deg=1, out_deg=1, in_kzt=16680, out_kzt=238000, out/in=14.27, depth=3, seed=0",below_thresholds,1,1,16680,238000,1,1,0.000293,2e-05,14.268585,3,False,False,0,0.0,2
100000003854444100,distributor,0.7,43,0.699153,"out_deg=14>=10, out_kzt=2322909>=500000; out_tx=14, seed=0",not_peripheral,1,14,210000,2322909,4,14,0.000469,0.001094,11.061471,2,False,False,0,0.761905,15
100000003865939100,peripheral,0.0,68,0.056673,"in_deg=1, out_deg=0, in_kzt=81465<500000, in_tx=1, depth=1<4",single_edge_leaf,1,0,81465,0,1,0,0.000531,0.0,0.0,1,False,False,0,0.0,1
100000003873332100,peripheral,0.0,43,0.063541,"no rule: b=0.000909<0.002, in_deg=1, out_deg=4, in_kzt=23468, out_kzt=286000, out/in=12.19, depth=1, seed=0",below_thresholds,1,4,23468,286000,1,8,0.000291,0.000909,12.186808,1,False,False,1,0.0,5
100000003877908100,peripheral,0.0,2,0.053055,"in_deg=1, out_deg=0, in_kzt=40000<500000, in_tx=1, depth=1<4",single_edge_leaf,1,0,40000,0,1,0,0.000295,0.0,0.0,1,False,False,0,0.0,1
100000003880331100,distributor,0.8,8,0.687641,"out_deg=16>=10, out_kzt=3904908>=500000; out_tx=31, seed=0",not_peripheral,1,16,100000,3904908,1,31,0.000309,0.000671,39.04908,3,False,False,5,1.0,16
100000003886323100,peripheral,0.0,5,0.071123,"no rule: b=0.000020<0.002, in_deg=2, out_deg=1, in_kzt=78168, out_kzt=7650, out/in=0.10, depth=1, seed=0",below_thresholds,2,1,78168,7650,6,1,0.00183,2e-05,0.097866,1,False,False,0,0.0,2
100000003888197100,peripheral,0.0,10,0.051966,"in_deg=1, out_deg=0, in_kzt=83167<500000, in_tx=1, depth=3<4",single_edge_leaf,1,0,83167,0,1,0,0.00029,0.0,0.0,3,False,False,0,0.0,1
100000003888271100,peripheral,0.0,22,0.054577,"no rule: b=0.000000<0.002, in_deg=1, out_deg=2, in_kzt=12177, out_kzt=25590, out/in=2.10, depth=1, seed=0",below_thresholds,1,2,12177,25590,2,3,0.000293,0.0,2.101503,1,False,False,0,0.542005,2
100000003888527100,peripheral,0.0,66,0.050664,"in_deg=1, out_deg=0, in_kzt=30000<500000, in_tx=1, depth=3<4",single_edge_leaf,1,0,30000,0,1,0,0.000368,0.0,0.0,3,False,False,0,0.0,1
100000003896956100,peripheral,0.0,5,0.052157,"no rule: b=0.000020<0.002, in_deg=1, out_deg=1, in_kzt=10000, out_kzt=27000, out/in=2.70, depth=3, seed=0",below_thresholds,1,1,10000,27000,1,2,0.00029,2e-05,2.7,3,False,False,0,1.0,2
100000003899325100,peripheral,0.0,8,0.051034,"in_deg=1, out_deg=0, in_kzt=50120<500000, in_tx=1, depth=3<4",single_edge_leaf,1,0,50120,0,1,0,0.000298,0.0,0.0,3,False,False,0,0.0,1
100000003899899100,peripheral,0.0,5,0.061475,"no rule: b=0.000020<0.002, in_deg=2, out_deg=1, in_kzt=218500, out_kzt=10000, out/in=0.05, depth=3, seed=0",below_thresholds,2,1,218500,10000,5,1,0.000657,2e-05,0.045767,3,False,False,0,0.045767,3
100000003900547100,peripheral,0.0,5,0.051959,"in_deg=1, out_deg=0, in_kzt=23700<500000, in_tx=1, depth=1<4",single_edge_leaf,1,0,23700,0,1,0,0.000289,0.0,0.0,1,False,False,0,0.0,1
100000003904497100,peripheral,0.0,4,0.047734,"depth=4 cutoff; in_deg=1, in_kzt=10000, out_deg=0; onward transfers unobserved",censored_depth4,1,0,10000,0,1,0,0.000343,0.0,0.0,4,False,True,0,0.0,1
100000003917461100,peripheral,0.0,7,0.056476,"no rule: b=0.000021<0.002, in_deg=1, out_deg=2, in_kzt=10000, out_kzt=140000, out/in=14.00, depth=3, seed=0",below_thresholds,1,2,10000,140000,1,5,0.000401,2.1e-05,14.0,3,False,False,0,-1.0,2
100000003920950100,peripheral,0.0,1,0.055643,"in_deg=1, out_deg=0, in_kzt=323290<500000, in_tx=1, depth=3<4",single_edge_leaf,1,0,323290,0,1,0,0.000393,0.0,0.0,3,False,False,0,0.0,1
100000003922499100,peripheral,0.0,7,0.054094,"in_deg=1, out_deg=0, in_kzt=50000<500000, in_tx=1, depth=2<4",single_edge_leaf,1,0,50000,0,1,0,0.000538,0.0,0.0,2,False,False,0,0.0,1
100000003923946100,peripheral,0.0,1,0.065091,"no rule: b=0.000002<0.002, in_deg=1, out_deg=4, in_kzt=282000, out_kzt=675000, out/in=2.39, depth=1, seed=0",below_thresholds,1,4,282000,675000,3,4,0.000391,2e-06,2.393617,1,False,False,0,0.716312,4
100000003927792100,peripheral,0.0,3,0.04912,"in_deg=1, out_deg=0, in_kzt=13067<500000, in_tx=1, depth=2<4",single_edge_leaf,1,0,13067,0,1,0,0.000291,0.0,0.0,2,False,False,0,-1.0,1
100000003934614100,peripheral,0.0,62,0.053194,"no rule: b=0.000000<0.002, in_deg=2, out_deg=1, in_kzt=17000, out_kzt=11500, out/in=0.68, depth=3, seed=0",below_thresholds,2,1,17000,11500,2,2,0.000315,0.0,0.676471,3,False,False,0,0.588235,3
100000003942602100,transit,1.0,21,0.393486,"out/in=1.00 in [0.8,1.2]; in_kzt=30000, out_kzt=30000, matched_2d=1.00",not_peripheral,1,1,30000,30000,1,1,0.000293,0.0,1.0,1,False,False,1,1.0,1
100000003943247100,peripheral,0.0,0,0.050501,"in_deg=1, out_deg=0, in_kzt=40000<500000, in_tx=1, depth=3<4",single_edge_leaf,1,0,40000,0,1,0,0.000289,0.0,0.0,3,False,False,0,0.0,1
100000003943483100,peripheral,0.0,7,0.048953,"in_deg=1, out_deg=0, in_kzt=10000<500000, in_tx=1, depth=2<4",single_edge_leaf,1,0,10000,0,1,0,0.00033,0.0,0.0,2,False,False,0,0.0,1
100000003946524100,transit,0.794534,2,0.450643,"out/in=1.08 in [0.8,1.2]; in_kzt=133757, out_kzt=144750, matched_2d=0.00",not_peripheral,2,2,133757,144750,2,2,0.000328,0.000122,1.082186,1,False,False,0,0.0,3
100000003950749100,peripheral,0.0,5,0.047424,"depth=4 cutoff; in_deg=1, in_kzt=7000, out_deg=0; onward transfers unobserved",censored_depth4,1,0,7000,0,1,0,0.000386,0.0,0.0,4,False,True,0,-1.0,1
100000003951827100,peripheral,0.0,0,0.052937,"no rule: b=0.000001<0.002, in_deg=1, out_deg=2, in_kzt=9000, out_kzt=17000, out/in=1.89, depth=3, seed=0",below_thresholds,1,2,9000,17000,1,2,0.000287,1e-06,1.888889,3,False,False,0,0.0,3
100000003962994100,peripheral,0.0,18,0.049543,"in_deg=1, out_deg=0, in_kzt=10000<500000, in_tx=1, depth=3<4",single_edge_leaf,1,0,10000,0,1,0,0.000483,0.0,0.0,3,False,False,0,-1.0,1
100000003964910100,terminal,1.0,27,0.52216,"in_kzt=1000000>=500000; in_deg=2, out_deg=0, depth=3<4; observed endpoint",not_peripheral,2,0,1000000,0,2,0,0.000512,0.0,0.0,3,False,False,0,0.0,2
100000003968044100,peripheral,0.0,8,0.06017,"no rule: b=0.000067<0.002, in_deg=1, out_deg=3, in_kzt=40000, out_kzt=311000, out/in=7.78, depth=3, seed=0",below_thresholds,1,3,40000,311000,1,4,0.000297,6.7e-05,7.775,3,False,False,2,0.0,4
100000003970394100,peripheral,0.0,7,0.054616,"in_deg=1, out_deg=0, in_kzt=85000<500000, in_tx=1, depth=1<4",single_edge_leaf,1,0,85000,0,1,0,0.000301,0.0,0.0,1,False,False,0,0.0,1
100000003971049100,peripheral,0.0,0,0.052063,"in_deg=1, out_deg=0, in_kzt=55900<500000, in_tx=7, depth=2<4",single_edge_leaf,1,0,55900,0,7,0,0.000296,0.0,0.0,2,False,False,0,0.0,1
100000003975102100,peripheral,0.0,5,0.062559,"no rule: b=0.000006<0.002, in_deg=1, out_deg=2, in_kzt=25650, out_kzt=88500, out/in=3.45, depth=0, seed=1",below_thresholds,1,2,25650,88500,1,2,0.000347,6e-06,3.450292,0,True,False,0,1.0,2
100000003977183100,peripheral,0.0,1,0.069801,"no rule: b=0.000002<0.002, in_deg=2, out_deg=4, in_kzt=123800, out_kzt=766000, out/in=6.19, depth=0, seed=1",below_thresholds,2,4,123800,766000,2,6,0.000333,2e-06,6.187399,0,True,False,0,0.662359,4
100000003980083100,peripheral,0.0,61,0.054679,"in_deg=1, out_deg=0, in_kzt=30000<500000, in_tx=1, depth=1<4",single_edge_leaf,1,0,30000,0,1,0,0.000531,0.0,0.0,1,False,False,0,0.0,1
100000003985389100,peripheral,0.0,8,0.056601,"depth=4 cutoff; in_deg=1, in_kzt=422698, out_deg=0; onward transfers unobserved",censored_depth4,1,0,422698,0,16,0,0.000493,0.0,0.0,4,False,True,0,0.0,1
100000003986141100,peripheral,0.0,27,0.046453,"in_deg=1, out_deg=0, in_kzt=5286<500000, in_tx=1, depth=3<4",single_edge_leaf,1,0,5286,0,1,0,0.000288,0.0,0.0,3,False,False,0,0.0,1
100000003988112100,peripheral,0.0,50,0.055023,"no rule: b=0.000000<0.002, in_deg=1, out_deg=1, in_kzt=92000, out_kzt=64000, out/in=0.70, depth=2, seed=0",below_thresholds,1,1,92000,64000,2,5,0.000507,0.0,0.695652,2,False,False,0,0.478261,1
100000003989033100,peripheral,0.0,11,0.057369,"depth=4 cutoff; in_deg=1, in_kzt=373400, out_deg=0; onward transfers unobserved",censored_depth4,1,0,373400,0,13,0,0.000602,0.0,0.0,4,False,True,0,0.0,1
100000003996562100,peripheral,0.0,37,0.047594,"in_deg=1, out_deg=0, in_kzt=7700<500000, in_tx=1, depth=3<4",single_edge_leaf,1,0,7700,0,1,0,0.00033,0.0,0.0,3,False,False,0,0.0,1
100000004004621100,peripheral,0.0,12,0.058547,"no rule: b=0.000000<0.002, in_deg=3, out_deg=0, in_kzt=75389, out_kzt=0, out/in=0.00, depth=1, seed=0",below_thresholds,3,0,75389,0,3,0,0.000302,0.0,0.0,1,False,False,0,0.0,3
100000004005964100,peripheral,0.0,33,0.061378,"no rule: b=0.000001<0.002, in_deg=3, out_deg=3, in_kzt=97900, out_kzt=72000, out/in=0.74, depth=1, seed=0",below_thresholds,3,3,97900,72000,9,5,0.000406,1e-06,0.735444,1,False,False,0,0.227273,4
100000004006327100,peripheral,0.0,42,0.056522,"depth=4 cutoff; in_deg=1, in_kzt=300000, out_deg=0; onward transfers unobserved",censored_depth4,1,0,300000,0,3,0,0.000557,0.0,0.0,4,False,True,0,0.0,1
100000004007116100,peripheral,0.0,33,0.069291,"no rule: b=0.000000<0.002, in_deg=3, out_deg=4, in_kzt=764704, out_kzt=148000, out/in=0.19, depth=0, seed=1",below_thresholds,3,4,764704,148000,24,6,0.00063,0.0,0.193539,0,True,False,0,0.150145,4
100000004007197100,peripheral,0.0,33,0.047743,"in_deg=1, out_deg=0, in_kzt=10048<500000, in_tx=1, depth=3<4",single_edge_leaf,1,0,10048,0,1,0,0.000289,0.0,0.0,3,False,False,0,0.0,1
100000004013952100,peripheral,0.0,0,0.048336,"depth=4 cutoff; in_deg=1, in_kzt=5500, out_deg=0; onward transfers unobserved",censored_depth4,1,0,5500,0,1,0,0.000535,0.0,0.0,4,False,True,0,0.0,1
100000004015047100,consolidator,1.0,1,0.862239,"in_deg=9>=2*out_deg(1); in_kzt=919104>=100000, out_kzt=69195, out/in=0.08",not_peripheral,9,1,919104,69195,18,7,0.002286,2.3e-05,0.075285,1,False,False,0,0.047908,9
100000004017410100,peripheral,0.0,62,0.071979,"no rule: b=0.000041<0.002, in_deg=2, out_deg=5, in_kzt=193650, out_kzt=1330915, out/in=6.87, depth=3, seed=0",below_thresholds,2,5,193650,1330915,6,11,0.001136,4.1e-05,6.872786,3,False,False,0,0.220243,5
100000004019056100,peripheral,0.0,12,0.052814,"depth=4 cutoff; in_deg=1, in_kzt=50000, out_deg=0; onward transfers unobserved",censored_depth4,1,0,50000,0,1,0,0.000543,0.0,0.0,4,False,True,0,0.0,1
100000004019124100,peripheral,0.0,5,0.041251,"no rule: b=0.000000<0.002, in_deg=3, out_deg=0, in_kzt=193000, out_kzt=0, out/in=0.00, depth=0, seed=1",below_thresholds,3,0,193000,0,3,0,0.001208,0.0,0.0,0,True,False,0,0.0,0
100000004021459100,peripheral,0.0,69,0.03,"in_deg=0, out_deg=0, in_kzt=0, out_kzt=0; seed=1; no observed edge",isolate,0,0,0,0,0,0,0.0,0.0,-1.0,0,True,False,0,-1.0,0
100000004030553100,peripheral,0.0,34,0.053391,"depth=4 cutoff; in_deg=1, in_kzt=70000, out_deg=0; onward transfers unobserved",censored_depth4,1,0,70000,0,1,0,0.000533,0.0,0.0,4,False,True,0,0.0,1
100000004035925100,peripheral,0.0,70,0.058269,"depth=4 cutoff; in_deg=1, in_kzt=1111588, out_deg=0; onward transfers unobserved",censored_depth4,1,0,1111588,0,2,0,0.000464,0.0,0.0,4,False,True,0,0.0,1
100000004041163100,peripheral,0.0,50,0.083372,"no rule: b=0.000024<0.002, in_deg=1, out_deg=2, in_kzt=50000, out_kzt=866000, out/in=17.32, depth=0, seed=1",below_thresholds,1,2,50000,866000,1,6,0.002093,2.4e-05,17.32,0,True,False,0,0.96,2
100000004041294100,peripheral,0.0,13,0.048507,"depth=4 cutoff; in_deg=1, in_kzt=17800, out_deg=0; onward transfers unobserved",censored_depth4,1,0,17800,0,2,0,0.000302,0.0,0.0,4,False,True,0,0.0,1
100000004047887100,peripheral,0.0,29,0.049429,"depth=4 cutoff; in_deg=1, in_kzt=30000, out_deg=0; onward transfers unobserved",censored_depth4,1,0,30000,0,1,0,0.000289,0.0,0.0,4,False,True,0,0.0,1
100000004049912100,peripheral,0.0,43,0.047578,"depth=4 cutoff; in_deg=1, in_kzt=10000, out_deg=0; onward transfers unobserved",censored_depth4,1,0,10000,0,1,0,0.000326,0.0,0.0,4,False,True,0,0.0,1
100000004058740100,peripheral,0.0,21,0.052465,"in_deg=1, out_deg=0, in_kzt=30000<500000, in_tx=1, depth=1<4",single_edge_leaf,1,0,30000,0,1,0,0.000293,0.0,0.0,1,False,False,0,0.0,1
100000004064431100,peripheral,0.0,33,0.052105,"no rule: b=0.000001<0.002, in_deg=1, out_deg=1, in_kzt=26000, out_kzt=10000, out/in=0.38, depth=3, seed=0",below_thresholds,1,1,26000,10000,1,1,0.000292,1e-06,0.384615,3,False,False,0,0.384615,2
100000004066370100,peripheral,0.0,25,0.05379,"depth=4 cutoff; in_deg=1, in_kzt=65000, out_deg=0; onward transfers unobserved",censored_depth4,1,0,65000,0,2,0,0.000592,0.0,0.0,4,False,True,0,0.0,1
100000004066647100,peripheral,0.0,43,0.051046,"in_deg=1, out_deg=0, in_kzt=51000<500000, in_tx=1, depth=3<4",single_edge_leaf,1,0,51000,0,1,0,0.000296,0.0,0.0,3,False,False,0,0.0,1
100000004070318100,coordinator,0.527196,0,0.728769,"directed betweenness=0.002109>=0.002; in_deg=4, out_deg=19, hub_targets=9",not_peripheral,4,19,207247,551860,6,37,0.000316,0.002109,2.662819,1,False,False,9,1.0,21
100000004070530100,peripheral,0.0,29,0.048612,"depth=4 cutoff; in_deg=1, in_kzt=20000, out_deg=0; onward transfers unobserved",censored_depth4,1,0,20000,0,1,0,0.000288,0.0,0.0,4,False,True,0,0.0,1
100000004071070100,peripheral,0.0,0,0.062252,"no rule: b=0.000000<0.002, in_deg=2, out_deg=1, in_kzt=41000, out_kzt=6000, out/in=0.15, depth=2, seed=0",below_thresholds,2,1,41000,6000,5,1,0.001195,0.0,0.146341,2,False,False,0,0.146341,2
100000004071080100,consolidator,1.0,0,0.769173,"in_deg=9>=2*out_deg(2); in_kzt=238600>=100000, out_kzt=46500, out/in=0.19",not_peripheral,9,2,238600,46500,16,5,0.001376,2.9e-05,0.194887,1,False,False,0,0.16974,10
100000004071444100,peripheral,0.0,0,0.056755,"no rule: b=0.000020<0.002, in_deg=1, out_deg=1, in_kzt=247350, out_kzt=100000, out/in=0.40, depth=3, seed=0",below_thresholds,1,1,247350,100000,1,1,0.000309,2e-05,0.404285,3,False,False,0,0.0,2
100000004076740100,peripheral,0.0,62,0.067838,"no rule: b=0.000443<0.002, in_deg=3, out_deg=6, in_kzt=93250, out_kzt=125000, out/in=1.34, depth=1, seed=0",below_thresholds,3,6,93250,125000,5,10,0.000745,0.000443,1.340483,1,False,False,0,0.246649,7
100000004077081100,peripheral,0.0,2,0.06257,"no rule: b=0.000118<0.002, in_deg=1, out_deg=4, in_kzt=140000, out_kzt=615000, out/in=4.39, depth=3, seed=0",below_thresholds,1,4,140000,615000,1,6,0.000291,0.000118,4.392857,3,False,False,2,1.0,5
100000004094958100,transit,0.935897,71,0.423031,"out/in=1.03 in [0.8,1.2]; in_kzt=39000, out_kzt=40000, matched_2d=1.00",not_peripheral,1,1,39000,40000,1,1,0.000393,0.0,1.025641,1,False,False,0,1.0,2
100000004096559100,peripheral,0.0,1,0.057229,"in_deg=1, out_deg=0, in_kzt=46200<500000, in_tx=1, depth=3<4",single_edge_leaf,1,0,46200,0,1,0,0.000981,0.0,0.0,3,False,False,0,0.0,1
100000004097972100,peripheral,0.0,0,0.057104,"no rule: b=0.000039<0.002, in_deg=1, out_deg=2, in_kzt=118878, out_kzt=10000, out/in=0.08, depth=3, seed=0",below_thresholds,1,2,118878,10000,1,2,0.000318,3.9e-05,0.08412,3,False,False,0,0.04206,3
100000004099450100,peripheral,0.0,0,0.05007,"in_deg=1, out_deg=0, in_kzt=31000<500000, in_tx=1, depth=3<4",single_edge_leaf,1,0,31000,0,1,0,0.000297,0.0,0.0,3,False,False,0,0.0,1
100000004105288100,peripheral,0.0,2,0.06043,"no rule: b=0.000000<0.002, in_deg=2, out_deg=0, in_kzt=215000, out_kzt=0, out/in=0.00, depth=1, seed=0",below_thresholds,2,0,215000,0,2,0,0.000465,0.0,0.0,1,False,False,0,0.0,2
100000004107228100,peripheral,0.0,2,0.04586,"depth=4 cutoff; in_deg=1, in_kzt=5000, out_deg=0; onward transfers unobserved",censored_depth4,1,0,5000,0,1,0,0.00029,0.0,0.0,4,False,True,0,0.0,1
100000004114962100,peripheral,0.0,10,0.059723,"no rule: b=0.000000<0.002, in_deg=2, out_deg=0, in_kzt=165000, out_kzt=0, out/in=0.00, depth=3, seed=0",below_thresholds,2,0,165000,0,2,0,0.000714,0.0,0.0,3,False,False,0,0.0,2
100000004130144100,peripheral,0.0,1,0.056299,"in_deg=1, out_deg=0, in_kzt=200000<500000, in_tx=1, depth=1<4",single_edge_leaf,1,0,200000,0,1,0,0.000298,0.0,0.0,1,False,False,0,0.0,1
100000004134060100,peripheral,0.0,34,0.053288,"in_deg=1, out_deg=0, in_kzt=88179<500000, in_tx=1, depth=2<4",single_edge_leaf,1,0,88179,0,1,0,0.000329,0.0,0.0,2,False,False,0,0.0,1
100000004135268100,transit,0.51816,58,0.582277,"out/in=0.81 in [0.8,1.2]; in_kzt=1239000, out_kzt=1000200, matched_2d=0.69",not_peripheral,2,3,1239000,1000200,3,4,0.001752,1e-06,0.807264,1,False,False,0,0.686037,3
100000004140487100,peripheral,0.0,2,0.065026,"no rule: b=0.000331<0.002, in_deg=1, out_deg=10, in_kzt=24510, out_kzt=262600, out/in=10.71, depth=3, seed=0",below_thresholds,1,10,24510,262600,1,19,0.000291,0.000331,10.713994,3,False,False,4,1.0,11
100000004140994100,peripheral,0.0,21,0.048985,"in_deg=1, out_deg=0, in_kzt=18650<500000, in_tx=1, depth=3<4",single_edge_leaf,1,0,18650,0,1,0,0.00029,0.0,0.0,3,False,False,0,0.0,1
100000004144536100,consolidator,0.666667,33,0.677314,"in_deg=4>=3, in_kzt=168000>=100000; out_deg=0, out_kzt=0, depth=1<4; no observed onward transfers",not_peripheral,4,0,168000,0,6,0,0.000973,0.0,0.0,1,False,False,0,0.0,4
100000004150593100,distributor,0.55,5,0.65449,"out_deg=11>=10, out_kzt=871165>=500000; out_tx=16, seed=0",not_peripheral,1,11,57000,871165,2,16,0.000308,0.000225,15.283596,2,False,False,1,1.0,12
100000004156082100,coordinator,0.518746,3,0.823608,"directed betweenness=0.002075>=0.002; in_deg=5, out_deg=26, hub_targets=0",not_peripheral,5,26,377366,2319556,7,29,0.000871,0.002075,6.146699,1,False,False,0,1.0,30
100000004158362100,peripheral,0.0,0,0.048965,"in_deg=1, out_deg=0, in_kzt=12000<500000, in_tx=1, depth=2<4",single_edge_leaf,1,0,12000,0,1,0,0.000293,0.0,0.0,2,False,False,0,0.0,1
100000004159526100,peripheral,0.0,40,0.070456,"no rule: b=0.000100<0.002, in_deg=4, out_deg=4, in_kzt=275037, out_kzt=68000, out/in=0.25, depth=1, seed=0",below_thresholds,4,4,275037,68000,4,6,0.000857,0.0001,0.247239,1,False,False,0,0.109076,7
100000004160650100,distributor,0.5,33,0.660699,"out_deg=10>=10, out_kzt=1489827>=500000; out_tx=40, seed=0",not_peripheral,2,10,75100,1489827,4,40,0.000371,5e-06,19.837909,2,False,False,0,1.0,10
100000004167082100,peripheral,0.0,12,0.048712,"depth=4 cutoff; in_deg=1, in_kzt=13300, out_deg=0; onward transfers unobserved",censored_depth4,1,0,13300,0,1,0,0.000387,0.0,0.0,4,False,True,0,0.0,1
100000004174835100,peripheral,0.0,72,0.03,"in_deg=0, out_deg=0, in_kzt=0, out_kzt=0; seed=1; no observed edge",isolate,0,0,0,0,0,0,0.0,0.0,-1.0,0,True,False,0,-1.0,0
100000004177936100,peripheral,0.0,8,0.047695,"depth=4 cutoff; in_deg=1, in_kzt=10000, out_deg=0; onward transfers unobserved",censored_depth4,1,0,10000,0,1,0,0.000339,0.0,0.0,4,False,True,0,0.0,1
100000004180097100,peripheral,0.0,0,0.065741,"no rule: b=0.000319<0.002, in_deg=3, out_deg=3, in_kzt=104854, out_kzt=47800, out/in=0.46, depth=1, seed=0",below_thresholds,3,3,104854,47800,5,7,0.00086,0.000319,0.455872,1,False,False,0,0.210307,4
100000004183610100,peripheral,0.0,12,0.059677,"no rule: b=0.000020<0.002, in_deg=1, out_deg=1, in_kzt=22000, out_kzt=915000, out/in=41.59, depth=3, seed=0",below_thresholds,1,1,22000,915000,1,3,0.000342,2e-05,41.590909,3,False,False,0,0.681818,2
100000004184158100,peripheral,0.0,0,0.053899,"in_deg=1, out_deg=0, in_kzt=203805<500000, in_tx=1, depth=3<4",single_edge_leaf,1,0,203805,0,1,0,0.000305,0.0,0.0,3,False,False,0,0.0,1
100000004185681100,peripheral,0.0,2,0.050049,"in_deg=1, out_deg=0, in_kzt=10000<500000, in_tx=1, depth=3<4",single_edge_leaf,1,0,10000,0,1,0,0.000538,0.0,0.0,3,False,False,0,0.0,1
100000004186824100,peripheral,0.0,5,0.06288,"no rule: b=0.000002<0.002, in_deg=2, out_deg=1, in_kzt=451700, out_kzt=7000, out/in=0.02, depth=1, seed=0",below_thresholds,2,1,451700,7000,7,1,0.000384,2e-06,0.015497,1,False,False,0,0.0,3
100000004188160100,coordinator,0.625563,5,0.630149,"directed betweenness=0.002502>=0.002; in_deg=2, out_deg=5, hub_targets=2",not_peripheral,2,5,87862,133846,5,6,0.000298,0.002502,1.523366,1,False,False,2,0.46853,6
100000004192107100,peripheral,0.0,2,0.050504,"in_deg=1, out_deg=0, in_kzt=25000<500000, in_tx=1, depth=2<4",single_edge_leaf,1,0,25000,0,1,0,0.000301,0.0,0.0,2,False,False,0,0.0,1
100000004192865100,peripheral,0.0,26,0.05486,"in_deg=1, out_deg=0, in_kzt=66666<500000, in_tx=1, depth=2<4",single_edge_leaf,1,0,66666,0,1,0,0.000558,0.0,0.0,2,False,False,0,0.0,1
100000004193835100,peripheral,0.0,5,0.055555,"no rule: b=0.000007<0.002, in_deg=1, out_deg=1, in_kzt=47000, out_kzt=5000, out/in=0.11, depth=0, seed=1",below_thresholds,1,1,47000,5000,1,1,0.000472,7e-06,0.106383,0,True,False,0,0.106383,1
100000004200745100,peripheral,0.0,7,0.055282,"depth=4 cutoff; in_deg=1, in_kzt=130000, out_deg=0; onward transfers unobserved",censored_depth4,1,0,130000,0,4,0,0.000604,0.0,0.0,4,False,True,0,0.0,1
100000004206046100,peripheral,0.0,5,0.050428,"in_deg=1, out_deg=0, in_kzt=11075<500000, in_tx=1, depth=1<4",single_edge_leaf,1,0,11075,0,1,0,0.000288,0.0,0.0,1,False,False,0,0.0,1
100000004209339100,peripheral,0.0,54,0.062304,"no rule: b=0.000021<0.002, in_deg=1, out_deg=2, in_kzt=138500, out_kzt=238500, out/in=1.72, depth=2, seed=0",below_thresholds,1,2,138500,238500,6,11,0.000823,2.1e-05,1.722022,2,False,False,0,0.310469,2
100000004213658100,peripheral,0.0,21,0.052119,"in_deg=1, out_deg=0, in_kzt=25347<500000, in_tx=1, depth=1<4",single_edge_leaf,1,0,25347,0,1,0,0.000292,0.0,0.0,1,False,False,0,0.0,1
100000004217419100,peripheral,0.0,8,0.059596,"no rule: b=0.000020<0.002, in_deg=2, out_deg=1, in_kzt=118200, out_kzt=7700, out/in=0.07, depth=3, seed=0",below_thresholds,2,1,118200,7700,3,1,0.000587,2e-05,0.065144,3,False,False,0,0.065144,3
100000004218576100,peripheral,0.0,21,0.052183,"in_deg=1, out_deg=0, in_kzt=26144<500000, in_tx=1, depth=1<4",single_edge_leaf,1,0,26144,0,1,0,0.000292,0.0,0.0,1,False,False,0,0.0,1
100000004221668100,peripheral,0.0,49,0.0819,"no rule: b=0.000005<0.002, in_deg=4, out_deg=3, in_kzt=1128300, out_kzt=731440, out/in=0.65, depth=2, seed=0",below_thresholds,4,3,1128300,731440,8,10,0.003109,5e-06,0.648267,2,False,False,0,0.618275,5
100000004222274100,peripheral,0.0,0,0.050519,"depth=4 cutoff; in_deg=1, in_kzt=15500, out_deg=0; onward transfers unobserved",censored_depth4,1,0,15500,0,1,0,0.000548,0.0,0.0,4,False,True,0,0.0,1
100000004225615100,peripheral,0.0,4,0.053011,"in_deg=1, out_deg=0, in_kzt=90000<500000, in_tx=2, depth=2<4",single_edge_leaf,1,0,90000,0,2,0,0.000295,0.0,0.0,2,False,False,0,0.0,1
100000004226848100,peripheral,0.0,2,0.057579,"in_deg=1, out_deg=0, in_kzt=301866<500000, in_tx=1, depth=1<4",single_edge_leaf,1,0,301866,0,1,0,0.000348,0.0,0.0,1,False,False,0,0.0,1
100000004232712100,peripheral,0.0,10,0.049938,"depth=4 cutoff; in_deg=1, in_kzt=12500, out_deg=0; onward transfers unobserved",censored_depth4,1,0,12500,0,1,0,0.000532,0.0,0.0,4,False,True,0,0.0,1
100000004235471100,peripheral,0.0,10,0.053571,"depth=4 cutoff; in_deg=1, in_kzt=180000, out_deg=0; onward transfers unobserved",censored_depth4,1,0,180000,0,1,0,0.00035,0.0,0.0,4,False,True,0,0.0,1
100000004241142100,peripheral,0.0,0,0.051491,"depth=4 cutoff; in_deg=1, in_kzt=27102, out_deg=0; onward transfers unobserved",censored_depth4,1,0,27102,0,1,0,0.000532,0.0,0.0,4,False,True,0,0.0,1
100000004254434100,peripheral,0.0,21,0.053278,"in_deg=1, out_deg=0, in_kzt=44445<500000, in_tx=2, depth=1<4",single_edge_leaf,1,0,44445,0,2,0,0.000296,0.0,0.0,1,False,False,0,0.0,1
100000004257714100,peripheral,0.0,21,0.051088,"in_deg=1, out_deg=0, in_kzt=52220<500000, in_tx=1, depth=3<4",single_edge_leaf,1,0,52220,0,1,0,0.000295,0.0,0.0,3,False,False,0,0.0,1
100000004260869100,peripheral,0.0,5,0.052419,"depth=4 cutoff; in_deg=1, in_kzt=10000, out_deg=0; onward transfers unobserved",censored_depth4,1,0,10000,0,1,0,0.000846,0.0,0.0,4,False,True,0,0.0,1
100000004261340100,peripheral,0.0,0,0.050943,"depth=4 cutoff; in_deg=1, in_kzt=48500, out_deg=0; onward transfers unobserved",censored_depth4,1,0,48500,0,4,0,0.000349,0.0,0.0,4,False,True,0,0.0,1
100000004263867100,peripheral,0.0,47,0.047048,"depth=4 cutoff; in_deg=1, in_kzt=9000, out_deg=0; onward transfers unobserved",censored_depth4,1,0,9000,0,1,0,0.000292,0.0,0.0,4,False,True,0,-1.0,1
100000004265639100,peripheral,0.0,8,0.049709,"depth=4 cutoff; in_deg=1, in_kzt=10000, out_deg=0; onward transfers unobserved",censored_depth4,1,0,10000,0,1,0,0.000555,0.0,0.0,4,False,True,0,0.0,1
100000004268036100,peripheral,0.0,47,0.046048,"depth=4 cutoff; in_deg=1, in_kzt=5500, out_deg=0; onward transfers unobserved",censored_depth4,1,0,5500,0,1,0,0.00029,0.0,0.0,4,False,True,0,0.0,1
100000004269433100,peripheral,0.0,3,0.065035,"no rule: b=0.000000<0.002, in_deg=0, out_deg=1, in_kzt=0, out_kzt=1372000, out/in=NA, depth=0, seed=1",below_thresholds,0,1,0,1372000,0,67,0.000287,0.0,-1.0,0,True,False,0,-1.0,1
100000004272302100,peripheral,0.0,8,0.047234,"depth=4 cutoff; in_deg=1, in_kzt=10000, out_deg=0; onward transfers unobserved",censored_depth4,1,0,10000,0,1,0,0.000289,0.0,0.0,4,False,True,0,0.0,1
100000004278574100,peripheral,0.0,10,0.051983,"no rule: b=0.000020<0.002, in_deg=1, out_deg=1, in_kzt=25000, out_kzt=12500, out/in=0.50, depth=3, seed=0",below_thresholds,1,1,25000,12500,1,1,0.000288,2e-05,0.5,3,False,False,0,0.0,2
100000004285800100,peripheral,0.0,0,0.052338,"no rule: b=0.000000<0.002, in_deg=1, out_deg=1, in_kzt=5000, out_kzt=15000, out/in=3.00, depth=2, seed=0",below_thresholds,1,1,5000,15000,1,1,0.000346,0.0,3.0,2,False,False,0,0.0,2
100000004286573100,peripheral,0.0,7,0.051249,"in_deg=1, out_deg=0, in_kzt=16590<500000, in_tx=1, depth=1<4",single_edge_leaf,1,0,16590,0,1,0,0.00029,0.0,0.0,1,False,False,0,0.0,1
100000004291560100,peripheral,0.0,0,0.050835,"in_deg=1, out_deg=0, in_kzt=47190<500000, in_tx=1, depth=3<4",single_edge_leaf,1,0,47190,0,1,0,0.00029,0.0,0.0,3,False,False,0,0.0,1
100000004291663100,peripheral,0.0,0,0.049282,"depth=4 cutoff; in_deg=1, in_kzt=25000, out_deg=0; onward transfers unobserved",censored_depth4,1,0,25000,0,1,0,0.000313,0.0,0.0,4,False,True,0,-1.0,1
100000004292885100,peripheral,0.0,21,0.052712,"in_deg=1, out_deg=0, in_kzt=112700<500000, in_tx=1, depth=3<4",single_edge_leaf,1,0,112700,0,1,0,0.000305,0.0,0.0,3,False,False,0,0.0,1
100000004299488100,consolidator,0.75,0,0.798388,"in_deg=6>=2*out_deg(2); in_kzt=1749000>=100000, out_kzt=344999, out/in=0.20",not_peripheral,6,2,1749000,344999,22,14,0.001468,2.1e-05,0.197255,1,False,False,0,0.184105,7
100000004315838100,peripheral,0.0,2,0.05764,"no rule: b=0.000024<0.002, in_deg=2, out_deg=1, in_kzt=50000, out_kzt=18000, out/in=0.36, depth=1, seed=0",below_thresholds,2,1,50000,18000,2,1,0.000293,2.4e-05,0.36,1,False,False,0,0.0,3
100000004318918100,peripheral,0.0,11,0.054358,"in_deg=1, out_deg=0, in_kzt=75600<500000, in_tx=1, depth=1<4",single_edge_leaf,1,0,75600,0,1,0,0.000298,0.0,0.0,1,False,False,0,0.0,1
100000004321983100,peripheral,0.0,49,0.054806,"no rule: b=0.000001<0.002, in_deg=1, out_deg=2, in_kzt=10840, out_kzt=36200, out/in=3.34, depth=3, seed=0",below_thresholds,1,2,10840,36200,1,3,0.000326,1e-06,3.339483,3,False,False,0,0.0,3
100000004325327100,transit,0.971158,0,0.437819,"out/in=0.99 in [0.8,1.2]; in_kzt=70817, out_kzt=70000, matched_2d=0.67",not_peripheral,2,1,70817,70000,3,1,0.000297,3.9e-05,0.988463,1,False,False,0,0.670348,3
100000004326224100,peripheral,0.0,10,0.053121,"depth=4 cutoff; in_deg=1, in_kzt=60000, out_deg=0; onward transfers unobserved",censored_depth4,1,0,60000,0,1,0,0.000537,0.0,0.0,4,False,True,0,0.0,1
100000004330371100,peripheral,0.0,5,0.068255,"no rule: b=0.000340<0.002, in_deg=2, out_deg=2, in_kzt=264171, out_kzt=90681, out/in=0.34, depth=1, seed=0",below_thresholds,2,2,264171,90681,12,6,0.001261,0.00034,0.343266,1,False,False,1,0.222962,2
100000004331458100,peripheral,0.0,71,0.06711,"no rule: b=0.000000<0.002, in_deg=2, out_deg=0, in_kzt=250000, out_kzt=0, out/in=0.00, depth=2, seed=0",below_thresholds,2,0,250000,0,2,0,0.001329,0.0,0.0,2,False,False,0,0.0,2
100000004336228100,peripheral,0.0,8,0.051079,"in_deg=1, out_deg=0, in_kzt=51407<500000, in_tx=2, depth=3<4",single_edge_leaf,1,0,51407,0,2,0,0.000297,0.0,0.0,3,False,False,0,0.0,1
100000004336312100,transit,0.508793,62,0.467092,"out/in=0.80 in [0.8,1.2]; in_kzt=90415, out_kzt=72650, matched_2d=0.29",not_peripheral,3,2,90415,72650,7,3,0.000699,3.4e-05,0.803517,2,False,False,0,0.287563,4
100000004340038100,peripheral,0.0,12,0.053353,"no rule: b=0.000020<0.002, in_deg=1, out_deg=1, in_kzt=9978, out_kzt=49000, out/in=4.91, depth=3, seed=0",below_thresholds,1,1,9978,49000,1,1,0.000291,2e-05,4.910804,3,False,False,0,0.0,2
100000004350094100,peripheral,0.0,43,0.054281,"depth=4 cutoff; in_deg=1, in_kzt=20000, out_deg=0; onward transfers unobserved",censored_depth4,1,0,20000,0,1,0,0.000897,0.0,0.0,4,False,True,0,0.0,1
100000004351795100,coordinator,0.617532,0,0.735868,"directed betweenness=0.002470>=0.002; in_deg=3, out_deg=14, hub_targets=4",not_peripheral,3,14,118333,1715161,3,37,0.000315,0.00247,14.494359,1,False,False,4,1.0,16
100000004356593100,peripheral,0.0,2,0.054266,"no rule: b=0.000020<0.002, in_deg=1, out_deg=1, in_kzt=50000, out_kzt=10000, out/in=0.20, depth=2, seed=0",below_thresholds,1,1,50000,10000,1,1,0.000295,2e-05,0.2,2,False,False,0,0.0,2
100000004358004100,distributor,0.55,2,0.713636,"out_deg=11>=10, out_kzt=980850>=500000; out_tx=17, seed=1",not_peripheral,0,11,0,980850,0,17,0.000287,0.0,-1.0,0,True,False,2,-1.0,11
100000004360785100,peripheral,0.0,5,0.054795,"in_deg=1, out_deg=0, in_kzt=94705<500000, in_tx=1, depth=1<4",single_edge_leaf,1,0,94705,0,1,0,0.000297,0.0,0.0,1,False,False,0,0.0,1
100000004368189100,peripheral,0.0,23,0.059329,"no rule: b=0.000003<0.002, in_deg=1, out_deg=2, in_kzt=384600, out_kzt=28200, out/in=0.07, depth=3, seed=0",below_thresholds,1,2,384600,28200,1,2,0.000305,3e-06,0.073323,3,False,False,0,0.056422,3
100000004377043100,peripheral,0.0,15,0.046821,"depth=4 cutoff; in_deg=1, in_kzt=5700, out_deg=0; onward transfers unobserved",censored_depth4,1,0,5700,0,1,0,0.000365,0.0,0.0,4,False,True,0,0.0,1
100000004379306100,peripheral,0.0,8,0.050328,"depth=4 cutoff; in_deg=1, in_kzt=15000, out_deg=0; onward transfers unobserved",censored_depth4,1,0,15000,0,1,0,0.000534,0.0,0.0,4,False,True,0,0.0,1
100000004386258100,peripheral,0.0,7,0.059998,"no rule: b=0.000123<0.002, in_deg=3, out_deg=3, in_kzt=61700, out_kzt=40000, out/in=0.65, depth=2, seed=0",below_thresholds,3,3,61700,40000,3,3,0.000536,0.000123,0.648298,2,False,False,0,0.0,4
100000004386286100,peripheral,0.0,7,0.050574,"depth=4 cutoff; in_deg=1, in_kzt=12500, out_deg=0; onward transfers unobserved",censored_depth4,1,0,12500,0,1,0,0.0006,0.0,0.0,4,False,True,0,0.0,1
100000004386331100,transit,0.6875,7,0.402408,"out/in=0.88 in [0.8,1.2]; in_kzt=20000, out_kzt=17500",not_peripheral,1,2,20000,17500,1,2,0.000515,2.1e-05,0.875,3,False,False,0,-1.0,2
100000004388209100,peripheral,0.0,21,0.050567,"in_deg=1, out_deg=0, in_kzt=11800<500000, in_tx=1, depth=1<4",single_edge_leaf,1,0,11800,0,1,0,0.000289,0.0,0.0,1,False,False,0,-1.0,1
100000004388353100,peripheral,0.0,11,0.056835,"no rule: b=0.000000<0.002, in_deg=2, out_deg=0, in_kzt=62960, out_kzt=0, out/in=0.00, depth=1, seed=0",below_thresholds,2,0,62960,0,2,0,0.000342,0.0,0.0,1,False,False,0,0.0,2
100000004388983100,peripheral,0.0,73,0.065248,"no rule: b=0.000000<0.002, in_deg=0, out_deg=2, in_kzt=0, out_kzt=450816, out/in=NA, depth=0, seed=1",below_thresholds,0,2,0,450816,0,23,0.000287,0.0,-1.0,0,True,False,0,-1.0,2
100000004390333100,peripheral,0.0,0,0.068369,"no rule: b=0.000161<0.002, in_deg=2, out_deg=9, in_kzt=64558, out_kzt=506500, out/in=7.85, depth=1, seed=0",below_thresholds,2,9,64558,506500,2,14,0.000297,0.000161,7.845658,1,False,False,5,1.0,10
100000004394765100,peripheral,0.0,5,0.065877,"no rule: b=0.000066<0.002, in_deg=3, out_deg=2, in_kzt=603844, out_kzt=82500, out/in=0.14, depth=1, seed=0",below_thresholds,3,2,603844,82500,10,2,0.000382,6.6e-05,0.136625,1,False,False,0,0.05879,5
100000004398811100,peripheral,0.0,2,0.063916,"no rule: b=0.000002<0.002, in_deg=1, out_deg=3, in_kzt=426000, out_kzt=1040672, out/in=2.44, depth=2, seed=0",below_thresholds,1,3,426000,1040672,1,4,0.000351,2e-06,2.442892,2,False,False,0,0.964789,4
100000004399686100,terminal,0.806,20,0.502703,"in_kzt=806000>=500000; in_deg=1, out_deg=0, depth=3<4; observed endpoint",not_peripheral,1,0,806000,0,2,0,0.000573,0.0,0.0,3,False,False,0,0.0,1
100000004400305100,coordinator,0.663463,0,0.769427,"directed betweenness=0.002654>=0.002; in_deg=7, out_deg=82, hub_targets=7",not_peripheral,7,82,222800,5830181,9,101,0.000388,0.002654,26.167778,2,False,False,7,1.0,87
100000004400361100,peripheral,0.0,5,0.048562,"in_deg=1, out_deg=0, in_kzt=10000<500000, in_tx=1, depth=2<4",single_edge_leaf,1,0,10000,0,1,0,0.000289,0.0,0.0,2,False,False,0,0.0,1
100000004400480100,peripheral,0.0,23,0.050621,"depth=4 cutoff; in_deg=1, in_kzt=21700, out_deg=0; onward transfers unobserved",censored_depth4,1,0,21700,0,1,0,0.000487,0.0,0.0,4,False,True,0,0.0,1
100000004403548100,peripheral,0.0,8,0.0466,"depth=4 cutoff; in_deg=1, in_kzt=5000, out_deg=0; onward transfers unobserved",censored_depth4,1,0,5000,0,1,0,0.000369,0.0,0.0,4,False,True,0,0.0,1
100000004403641100,peripheral,0.0,23,0.053025,"depth=4 cutoff; in_deg=1, in_kzt=171500, out_deg=0; onward transfers unobserved",censored_depth4,1,0,171500,0,1,0,0.000302,0.0,0.0,4,False,True,0,-1.0,1
100000004403675100,coordinator,0.708858,50,0.700289,"directed betweenness=0.002835>=0.002; in_deg=4, out_deg=5, hub_targets=1",not_peripheral,4,5,182980,264699,8,6,0.000743,0.002835,1.446601,1,False,False,1,0.408203,8
100000004407753100,peripheral,0.0,15,0.059686,"no rule: b=0.000000<0.002, in_deg=1, out_deg=1, in_kzt=250000, out_kzt=100000, out/in=0.40, depth=3, seed=0",below_thresholds,1,1,250000,100000,4,1,0.000883,0.0,0.4,3,False,False,0,0.4,1
100000004408683100,peripheral,0.0,5,0.058418,"no rule: b=0.000000<0.002, in_deg=2, out_deg=0, in_kzt=112920, out_kzt=0, out/in=0.00, depth=1, seed=0",below_thresholds,2,0,112920,0,3,0,0.000387,0.0,0.0,1,False,False,0,0.0,2
100000004410489100,peripheral,0.0,0,0.05218,"in_deg=1, out_deg=0, in_kzt=54000<500000, in_tx=1, depth=2<4",single_edge_leaf,1,0,54000,0,1,0,0.000316,0.0,0.0,2,False,False,0,0.0,1
100000004417753100,peripheral,0.0,2,0.057051,"no rule: b=0.000000<0.002, in_deg=2, out_deg=0, in_kzt=192099, out_kzt=0, out/in=0.00, depth=3, seed=0",below_thresholds,2,0,192099,0,2,0,0.000395,0.0,0.0,3,False,False,0,-1.0,2
100000004418967100,peripheral,0.0,42,0.05338,"depth=4 cutoff; in_deg=1, in_kzt=100000, out_deg=0; onward transfers unobserved",censored_depth4,1,0,100000,0,1,0,0.000456,0.0,0.0,4,False,True,0,0.0,1
100000004420041100,peripheral,0.0,7,0.06521,"no rule: b=0.000157<0.002, in_deg=1, out_deg=7, in_kzt=69638, out_kzt=651830, out/in=9.36, depth=3, seed=0",below_thresholds,1,7,69638,651830,1,11,0.000301,0.000157,9.360263,3,False,False,0,-1.0,8
100000004424023100,peripheral,0.0,1,0.061992,"no rule: b=0.000021<0.002, in_deg=1, out_deg=1, in_kzt=50000, out_kzt=100000, out/in=2.00, depth=2, seed=0",below_thresholds,1,1,50000,100000,1,1,0.000976,2.1e-05,2.0,2,False,False,0,0.0,2
100000004433250100,peripheral,0.0,0,0.046965,"depth=4 cutoff; in_deg=1, in_kzt=8000, out_deg=0; onward transfers unobserved",censored_depth4,1,0,8000,0,1,0,0.000308,0.0,0.0,4,False,True,0,0.0,1
100000004435304100,peripheral,0.0,21,0.050552,"in_deg=1, out_deg=0, in_kzt=26200<500000, in_tx=1, depth=2<4",single_edge_leaf,1,0,26200,0,1,0,0.000296,0.0,0.0,2,False,False,0,-1.0,1
100000004441291100,peripheral,0.0,2,0.052393,"in_deg=1, out_deg=0, in_kzt=20000<500000, in_tx=1, depth=2<4",single_edge_leaf,1,0,20000,0,1,0,0.000551,0.0,0.0,2,False,False,0,0.0,1
100000004445291100,peripheral,0.0,13,0.049361,"in_deg=1, out_deg=0, in_kzt=19500<500000, in_tx=2, depth=3<4",single_edge_leaf,1,0,19500,0,2,0,0.000321,0.0,0.0,3,False,False,0,0.0,1
100000004449824100,peripheral,0.0,47,0.047048,"depth=4 cutoff; in_deg=1, in_kzt=9000, out_deg=0; onward transfers unobserved",censored_depth4,1,0,9000,0,1,0,0.000292,0.0,0.0,4,False,True,0,0.0,1
100000004450649100,peripheral,0.0,10,0.059241,"no rule: b=0.000141<0.002, in_deg=2, out_deg=2, in_kzt=192528, out_kzt=46527, out/in=0.24, depth=3, seed=0",below_thresholds,2,2,192528,46527,2,2,0.0003,0.000141,0.241664,3,False,False,1,0.027149,4
100000004451012100,peripheral,0.0,43,0.057771,"no rule: b=0.000059<0.002, in_deg=1, out_deg=3, in_kzt=91245, out_kzt=65740, out/in=0.72, depth=3, seed=0",below_thresholds,1,3,91245,65740,1,3,0.000303,5.9e-05,0.720478,3,False,False,0,0.0,4
100000004456564100,peripheral,0.0,40,0.049546,"in_deg=1, out_deg=0, in_kzt=10000<500000, in_tx=2, depth=2<4",single_edge_leaf,1,0,10000,0,2,0,0.000394,0.0,0.0,2,False,False,0,0.0,1
100000004463277100,peripheral,0.0,26,0.054847,"in_deg=1, out_deg=0, in_kzt=35000<500000, in_tx=1, depth=2<4",single_edge_leaf,1,0,35000,0,1,0,0.000695,0.0,0.0,2,False,False,0,0.0,1
100000004467157100,peripheral,0.0,62,0.050874,"no rule: b=0.000000<0.002, in_deg=1, out_deg=1, in_kzt=20000, out_kzt=7000, out/in=0.35, depth=2, seed=0",below_thresholds,1,1,20000,7000,3,1,0.000388,0.0,0.35,2,False,False,0,0.0,1
100000004472936100,peripheral,0.0,12,0.048134,"depth=4 cutoff; in_deg=1, in_kzt=5000, out_deg=0; onward transfers unobserved",censored_depth4,1,0,5000,0,1,0,0.000534,0.0,0.0,4,False,True,0,0.0,1
100000004475818100,peripheral,0.0,10,0.055466,"no rule: b=0.000071<0.002, in_deg=1, out_deg=3, in_kzt=13000, out_kzt=53989, out/in=4.15, depth=3, seed=0",below_thresholds,1,3,13000,53989,1,3,0.000311,7.1e-05,4.153,3,False,False,1,-1.0,3
100000004479404100,peripheral,0.0,52,0.066406,"no rule: b=0.000098<0.002, in_deg=2, out_deg=1, in_kzt=1492000, out_kzt=300000, out/in=0.20, depth=2, seed=0",below_thresholds,2,1,1492000,300000,8,2,0.000871,9.8e-05,0.201072,2,False,False,0,0.0,2
100000004480280100,peripheral,0.0,2,0.061408,"no rule: b=0.000036<0.002, in_deg=1, out_deg=2, in_kzt=146694, out_kzt=295850, out/in=2.02, depth=1, seed=0",below_thresholds,1,2,146694,295850,1,7,0.000316,3.6e-05,2.016783,1,False,False,0,0.484001,3
100000004486525100,consolidator,1.0,0,0.708014,"in_deg=8>=2*out_deg(2); in_kzt=360924>=100000, out_kzt=271045, out/in=0.75",not_peripheral,8,2,360924,271045,21,3,0.000809,5e-06,0.750975,2,False,False,0,0.304191,10
100000004488265100,peripheral,0.0,8,0.05049,"in_deg=1, out_deg=0, in_kzt=38740<500000, in_tx=1, depth=3<4",single_edge_leaf,1,0,38740,0,1,0,0.000295,0.0,0.0,3,False,False,0,0.0,1
100000004491749100,peripheral,0.0,1,0.051535,"in_deg=1, out_deg=0, in_kzt=50000<500000, in_tx=1, depth=3<4",single_edge_leaf,1,0,50000,0,1,0,0.000352,0.0,0.0,3,False,False,0,-1.0,1
100000004491881100,peripheral,0.0,21,0.051323,"in_deg=1, out_deg=0, in_kzt=17144<500000, in_tx=1, depth=1<4",single_edge_leaf,1,0,17144,0,1,0,0.00029,0.0,0.0,1,False,False,0,0.0,1
100000004493586100,peripheral,0.0,0,0.047168,"in_deg=1, out_deg=0, in_kzt=7500<500000, in_tx=1, depth=3<4",single_edge_leaf,1,0,7500,0,1,0,0.00029,0.0,0.0,3,False,False,0,0.0,1
100000004494983100,peripheral,0.0,21,0.052782,"in_deg=1, out_deg=0, in_kzt=35000<500000, in_tx=1, depth=1<4",single_edge_leaf,1,0,35000,0,1,0,0.000294,0.0,0.0,1,False,False,0,0.0,1
100000004497606100,peripheral,0.0,21,0.051123,"in_deg=1, out_deg=0, in_kzt=15534<500000, in_tx=1, depth=1<4",single_edge_leaf,1,0,15534,0,1,0,0.00029,0.0,0.0,1,False,False,0,0.0,1
100000004500444100,peripheral,0.0,40,0.059315,"no rule: b=0.000020<0.002, in_deg=2, out_deg=1, in_kzt=180000, out_kzt=74000, out/in=0.41, depth=3, seed=0",below_thresholds,2,1,180000,74000,7,5,0.000466,2e-05,0.411111,3,False,False,0,0.411111,3
100000004500781100,peripheral,0.0,40,0.054904,"depth=4 cutoff; in_deg=1, in_kzt=74000, out_deg=0; onward transfers unobserved",censored_depth4,1,0,74000,0,5,0,0.000684,0.0,0.0,4,False,True,0,0.0,1
100000004502048100,peripheral,0.0,43,0.048375,"depth=4 cutoff; in_deg=1, in_kzt=13888, out_deg=0; onward transfers unobserved",censored_depth4,1,0,13888,0,1,0,0.000341,0.0,0.0,4,False,True,0,0.0,1
100000004508696100,peripheral,0.0,18,0.057958,"no rule: b=0.000040<0.002, in_deg=1, out_deg=3, in_kzt=7000, out_kzt=111000, out/in=15.86, depth=3, seed=0",below_thresholds,1,3,7000,111000,1,4,0.000424,4e-05,15.857143,3,False,False,0,1.0,3
100000004509286100,peripheral,0.0,2,0.053055,"in_deg=1, out_deg=0, in_kzt=40000<500000, in_tx=1, depth=1<4",single_edge_leaf,1,0,40000,0,1,0,0.000295,0.0,0.0,1,False,False,0,0.0,1
100000004526651100,peripheral,0.0,4,0.049637,"depth=4 cutoff; in_deg=1, in_kzt=33000, out_deg=0; onward transfers unobserved",censored_depth4,1,0,33000,0,1,0,0.000291,0.0,0.0,4,False,True,0,0.0,1
100000004527381100,peripheral,0.0,3,0.058427,"no rule: b=0.000327<0.002, in_deg=1, out_deg=1, in_kzt=119333, out_kzt=273866, out/in=2.29, depth=2, seed=0",below_thresholds,1,1,119333,273866,1,1,0.000377,0.000327,2.294971,2,False,False,1,1.0,2
100000004539443100,peripheral,0.0,2,0.06006,"no rule: b=0.000000<0.002, in_deg=2, out_deg=0, in_kzt=61990, out_kzt=0, out/in=0.00, depth=3, seed=0",below_thresholds,2,0,61990,0,2,0,0.00096,0.0,0.0,3,False,False,0,0.0,2
100000004544958100,peripheral,0.0,11,0.06531,"no rule: b=0.000021<0.002, in_deg=1, out_deg=2, in_kzt=168000, out_kzt=23200, out/in=0.14, depth=2, seed=0",below_thresholds,1,2,168000,23200,3,2,0.001221,2.1e-05,0.138095,2,False,False,0,0.030952,2
100000004549591100,peripheral,0.0,18,0.05187,"depth=4 cutoff; in_deg=1, in_kzt=49000, out_deg=0; onward transfers unobserved",censored_depth4,1,0,49000,0,1,0,0.000446,0.0,0.0,4,False,True,0,0.0,1
100000004552204100,peripheral,0.0,41,0.057179,"no rule: b=0.000021<0.002, in_deg=1, out_deg=2, in_kzt=22500, out_kzt=10000, out/in=0.44, depth=3, seed=0",below_thresholds,1,2,22500,10000,2,2,0.000868,2.1e-05,0.444444,3,False,False,0,0.0,2
100000004553349100,peripheral,0.0,10,0.047341,"in_deg=1, out_deg=0, in_kzt=7755<500000, in_tx=1, depth=3<4",single_edge_leaf,1,0,7755,0,1,0,0.000301,0.0,0.0,3,False,False,0,0.0,1
100000004559194100,peripheral,0.0,5,0.057163,"in_deg=1, out_deg=0, in_kzt=282145<500000, in_tx=6, depth=1<4",single_edge_leaf,1,0,282145,0,6,0,0.000317,0.0,0.0,1,False,False,0,0.0,1
100000004564736100,peripheral,0.0,28,0.049376,"in_deg=1, out_deg=0, in_kzt=15000<500000, in_tx=2, depth=3<4",single_edge_leaf,1,0,15000,0,2,0,0.000378,0.0,0.0,3,False,False,0,0.0,1
100000004569484100,coordinator,0.710315,17,0.590121,"directed betweenness=0.002841>=0.002; in_deg=2, out_deg=4, hub_targets=4",not_peripheral,2,4,98312,156000,3,4,0.000321,0.002841,1.586785,3,False,False,4,0.0,4
100000004569637100,peripheral,0.0,8,0.048523,"depth=4 cutoff; in_deg=1, in_kzt=5500, out_deg=0; onward transfers unobserved",censored_depth4,1,0,5500,0,1,0,0.000556,0.0,0.0,4,False,True,0,0.0,1
100000004571634100,peripheral,0.0,11,0.049425,"depth=4 cutoff; in_deg=1, in_kzt=20000, out_deg=0; onward transfers unobserved",censored_depth4,1,0,20000,0,1,0,0.000376,0.0,0.0,4,False,True,0,0.0,1
100000004573782100,peripheral,0.0,1,0.049584,"in_deg=1, out_deg=0, in_kzt=15000<500000, in_tx=1, depth=2<4",single_edge_leaf,1,0,15000,0,1,0,0.000311,0.0,0.0,2,False,False,0,0.0,1
100000004580202100,peripheral,0.0,28,0.057387,"no rule: b=0.000060<0.002, in_deg=1, out_deg=3, in_kzt=9000, out_kzt=45000, out/in=5.00, depth=2, seed=0",below_thresholds,1,3,9000,45000,1,4,0.000323,6e-05,5.0,2,False,False,0,0.555556,4
100000004580254100,peripheral,0.0,27,0.052447,"no rule: b=0.000000<0.002, in_deg=2, out_deg=0, in_kzt=27940, out_kzt=0, out/in=0.00, depth=3, seed=0",below_thresholds,2,0,27940,0,2,0,0.000314,0.0,0.0,3,False,False,0,0.0,2
100000004584730100,peripheral,0.0,52,0.050473,"depth=4 cutoff; in_deg=1, in_kzt=47000, out_deg=0; onward transfers unobserved",censored_depth4,1,0,47000,0,1,0,0.000305,0.0,0.0,4,False,True,0,0.0,1
100000004586598100,peripheral,0.0,24,0.058233,"depth=4 cutoff; in_deg=1, in_kzt=761255, out_deg=0; onward transfers unobserved",censored_depth4,1,0,761255,0,4,0,0.000542,0.0,0.0,4,False,True,0,0.0,1
100000004587414100,terminal,0.533603,10,0.496044,"in_kzt=533603>=500000; in_deg=2, out_deg=0, depth=3<4; observed endpoint",not_peripheral,2,0,533603,0,2,0,0.000316,0.0,0.0,3,False,False,0,0.0,2
100000004588479100,peripheral,0.0,5,0.056134,"in_deg=1, out_deg=0, in_kzt=177633<500000, in_tx=2, depth=1<4",single_edge_leaf,1,0,177633,0,2,0,0.000306,0.0,0.0,1,False,False,0,0.0,1
100000004591973100,peripheral,0.0,7,0.055804,"no rule: b=0.000021<0.002, in_deg=1, out_deg=1, in_kzt=10000, out_kzt=100000, out/in=10.00, depth=3, seed=0",below_thresholds,1,1,10000,100000,1,1,0.000401,2.1e-05,10.0,3,False,False,0,0.0,2
100000004592467100,peripheral,0.0,2,0.047845,"in_deg=1, out_deg=0, in_kzt=7000<500000, in_tx=1, depth=2<4",single_edge_leaf,1,0,7000,0,1,0,0.000288,0.0,0.0,2,False,False,0,0.0,1
100000004596284100,peripheral,0.0,5,0.052267,"depth=4 cutoff; in_deg=1, in_kzt=30000, out_deg=0; onward transfers unobserved",censored_depth4,1,0,30000,0,1,0,0.000594,0.0,0.0,4,False,True,0,0.0,1
100000004601193100,peripheral,0.0,11,0.054433,"depth=4 cutoff; in_deg=1, in_kzt=84000, out_deg=0; onward transfers unobserved",censored_depth4,1,0,84000,0,3,0,0.000606,0.0,0.0,4,False,True,0,0.0,1
100000004603109100,peripheral,0.0,20,0.081736,"no rule: b=0.000001<0.002, in_deg=3, out_deg=2, in_kzt=2730000, out_kzt=400000, out/in=0.15, depth=3, seed=0",below_thresholds,3,2,2730000,400000,8,2,0.003227,1e-06,0.14652,3,False,False,0,0.057692,4
100000004610802100,peripheral,0.0,57,0.055326,"depth=4 cutoff; in_deg=1, in_kzt=241000, out_deg=0; onward transfers unobserved",censored_depth4,1,0,241000,0,18,0,0.000476,0.0,0.0,4,False,True,0,0.0,1
100000004611571100,peripheral,0.0,0,0.049348,"in_deg=1, out_deg=0, in_kzt=22550<500000, in_tx=1, depth=3<4",single_edge_leaf,1,0,22550,0,1,0,0.000288,0.0,0.0,3,False,False,0,0.0,1
100000004613582100,peripheral,0.0,1,0.05255,"no rule: b=0.000000<0.002, in_deg=1, out_deg=1, in_kzt=5000, out_kzt=9500, out/in=1.90, depth=3, seed=0",below_thresholds,1,1,5000,9500,1,1,0.000556,0.0,1.9,3,False,False,0,0.0,2
100000004616845100,peripheral,0.0,44,0.048647,"depth=4 cutoff; in_deg=1, in_kzt=20200, out_deg=0; onward transfers unobserved",censored_depth4,1,0,20200,0,2,0,0.00029,0.0,0.0,4,False,True,0,0.0,1
100000004622227100,peripheral,0.0,0,0.05758,"no rule: b=0.000049<0.002, in_deg=1, out_deg=3, in_kzt=24931, out_kzt=19000, out/in=0.76, depth=1, seed=0",below_thresholds,1,3,24931,19000,1,3,0.000292,4.9e-05,0.762103,1,False,False,0,0.0,4
100000004629688100,peripheral,0.0,3,0.049481,"no rule: b=0.000000<0.002, in_deg=1, out_deg=1, in_kzt=5000, out_kzt=15000, out/in=3.00, depth=3, seed=0",below_thresholds,1,1,5000,15000,1,2,0.00039,0.0,3.0,3,False,False,0,0.0,1
100000004634420100,peripheral,0.0,21,0.04967,"in_deg=1, out_deg=0, in_kzt=26150<500000, in_tx=1, depth=3<4",single_edge_leaf,1,0,26150,0,1,0,0.000291,0.0,0.0,3,False,False,0,0.0,1
100000004635886100,peripheral,0.0,5,0.04944,"in_deg=1, out_deg=0, in_kzt=23000<500000, in_tx=1, depth=3<4",single_edge_leaf,1,0,23000,0,1,0,0.000294,0.0,0.0,3,False,False,0,0.0,1
100000004644615100,peripheral,0.0,11,0.059962,"no rule: b=0.000001<0.002, in_deg=1, out_deg=2, in_kzt=50810, out_kzt=379665, out/in=7.47, depth=3, seed=0",below_thresholds,1,2,50810,379665,1,14,0.000376,1e-06,7.47225,3,False,False,0,0.342452,3
100000004652395100,peripheral,0.0,0,0.056468,"depth=4 cutoff; in_deg=3, in_kzt=101528, out_deg=0; onward transfers unobserved",censored_depth4,3,0,101528,0,5,0,0.000337,0.0,0.0,4,False,True,0,0.0,3
100000004655046100,peripheral,0.0,17,0.051504,"depth=4 cutoff; in_deg=1, in_kzt=24000, out_deg=0; onward transfers unobserved",censored_depth4,1,0,24000,0,1,0,0.00056,0.0,0.0,4,False,True,0,0.0,1
100000004657034100,peripheral,0.0,10,0.053041,"in_deg=1, out_deg=0, in_kzt=141250<500000, in_tx=1, depth=3<4",single_edge_leaf,1,0,141250,0,1,0,0.000291,0.0,0.0,3,False,False,0,0.0,1
100000004659919100,peripheral,0.0,48,0.059042,"no rule: b=0.000025<0.002, in_deg=1, out_deg=1, in_kzt=110000, out_kzt=39000, out/in=0.35, depth=3, seed=0",below_thresholds,1,1,110000,39000,2,1,0.000728,2.5e-05,0.354545,3,False,False,0,0.0,2
100000004662806100,peripheral,0.0,7,0.060622,"no rule: b=0.000040<0.002, in_deg=2, out_deg=2, in_kzt=106585, out_kzt=59900, out/in=0.56, depth=1, seed=0",below_thresholds,2,2,106585,59900,2,3,0.000307,4e-05,0.561993,1,False,False,0,0.552658,4
100000004664515100,peripheral,0.0,0,0.052928,"in_deg=1, out_deg=0, in_kzt=37691<500000, in_tx=1, depth=1<4",single_edge_leaf,1,0,37691,0,1,0,0.000294,0.0,0.0,1,False,False,0,0.0,1
100000004664905100,peripheral,0.0,5,0.0608,"no rule: b=0.000000<0.002, in_deg=2, out_deg=0, in_kzt=329020, out_kzt=0, out/in=0.00, depth=1, seed=0",below_thresholds,2,0,329020,0,4,0,0.000414,0.0,0.0,1,False,False,0,0.0,2
100000004666651100,peripheral,0.0,74,0.057658,"in_deg=1, out_deg=0, in_kzt=429250<500000, in_tx=1, depth=2<4",single_edge_leaf,1,0,429250,0,1,0,0.00046,0.0,0.0,2,False,False,0,0.0,1
100000004670388100,peripheral,0.0,6,0.060818,"no rule: b=0.000020<0.002, in_deg=1, out_deg=2, in_kzt=160354, out_kzt=720000, out/in=4.49, depth=3, seed=0",below_thresholds,1,2,160354,720000,1,4,0.000516,2e-05,4.490066,3,False,False,0,1.0,2
100000004671609100,peripheral,0.0,23,0.052446,"in_deg=1, out_deg=0, in_kzt=100000<500000, in_tx=1, depth=3<4",single_edge_leaf,1,0,100000,0,1,0,0.000302,0.0,0.0,3,False,False,0,-1.0,1
100000004673335100,peripheral,0.0,32,0.053313,"depth=4 cutoff; in_deg=1, in_kzt=80000, out_deg=0; onward transfers unobserved",censored_depth4,1,0,80000,0,1,0,0.000496,0.0,0.0,4,False,True,0,0.0,1
100000004674178100,peripheral,0.0,13,0.048757,"depth=4 cutoff; in_deg=1, in_kzt=20000, out_deg=0; onward transfers unobserved",censored_depth4,1,0,20000,0,1,0,0.000304,0.0,0.0,4,False,True,0,0.0,1
100000004674389100,peripheral,0.0,11,0.048644,"depth=4 cutoff; in_deg=1, in_kzt=15000, out_deg=0; onward transfers unobserved",censored_depth4,1,0,15000,0,1,0,0.000354,0.0,0.0,4,False,True,0,0.0,1
100000004674412100,peripheral,0.0,11,0.052165,"depth=4 cutoff; in_deg=1, in_kzt=46000, out_deg=0; onward transfers unobserved",censored_depth4,1,0,46000,0,1,0,0.000491,0.0,0.0,4,False,True,0,-1.0,1
100000004674799100,peripheral,0.0,0,0.058536,"in_deg=1, out_deg=0, in_kzt=140000<500000, in_tx=5, depth=2<4",single_edge_leaf,1,0,140000,0,5,0,0.000794,0.0,0.0,2,False,False,0,0.0,1
100000004676985100,transit,0.600279,0,0.393761,"out/in=0.84 in [0.8,1.2]; in_kzt=32260, out_kzt=27102, matched_2d=0.00",not_peripheral,1,1,32260,27102,1,1,0.000289,2e-05,0.840112,3,False,False,0,0.0,2
100000004677680100,peripheral,0.0,11,0.065843,"no rule: b=0.000042<0.002, in_deg=2, out_deg=1, in_kzt=63000, out_kzt=168000, out/in=2.67, depth=1, seed=0",below_thresholds,2,1,63000,168000,2,3,0.001099,4.2e-05,2.666667,1,False,False,0,0.285714,2
100000004679953100,peripheral,0.0,8,0.065246,"no rule: b=0.000360<0.002, in_deg=3, out_deg=3, in_kzt=343538, out_kzt=34100, out/in=0.10, depth=1, seed=0",below_thresholds,3,3,343538,34100,3,3,0.000336,0.00036,0.099261,1,False,False,1,0.062002,6
100000004687099100,peripheral,0.0,1,0.051194,"in_deg=1, out_deg=0, in_kzt=30000<500000, in_tx=1, depth=2<4",single_edge_leaf,1,0,30000,0,1,0,0.000336,0.0,0.0,2,False,False,0,0.0,1
100000004687282100,peripheral,0.0,5,0.050367,"in_deg=1, out_deg=0, in_kzt=20000<500000, in_tx=1, depth=2<4",single_edge_leaf,1,0,20000,0,1,0,0.000334,0.0,0.0,2,False,False,0,0.0,1
100000004689658100,peripheral,0.0,8,0.058713,"no rule: b=0.000020<0.002, in_deg=1, out_deg=1, in_kzt=456100, out_kzt=7092, out/in=0.02, depth=3, seed=0",below_thresholds,1,1,456100,7092,1,1,0.000388,2e-05,0.015549,3,False,False,0,0.0,2
100000004691350100,peripheral,0.0,6,0.053407,"depth=4 cutoff; in_deg=1, in_kzt=13300, out_deg=0; onward transfers unobserved",censored_depth4,1,0,13300,0,1,0,0.000891,0.0,0.0,4,False,True,0,0.0,1
100000004692798100,peripheral,0.0,7,0.074338,"no rule: b=0.000000<0.002, in_deg=2, out_deg=1, in_kzt=240305, out_kzt=15000, out/in=0.06, depth=1, seed=0",below_thresholds,2,1,240305,15000,4,2,0.001934,0.0,0.062421,1,False,False,0,0.020807,2
100000004697956100,transit,1.0,1,0.370698,"out/in=1.00 in [0.8,1.2]; in_kzt=10000, out_kzt=10000, matched_2d=0.00",not_peripheral,1,1,10000,10000,1,1,0.000471,0.0,1.0,3,False,False,0,0.0,1
100000004698193100,peripheral,0.0,1,0.065286,"no rule: b=0.000002<0.002, in_deg=2, out_deg=3, in_kzt=222700, out_kzt=38000, out/in=0.17, depth=2, seed=0",below_thresholds,2,3,222700,38000,15,5,0.000829,2e-06,0.170633,2,False,False,0,0.053884,4
100000004707703100,transit,0.920079,5,0.511083,"out/in=0.97 in [0.8,1.2]; in_kzt=239300, out_kzt=231650, matched_2d=0.59",not_peripheral,2,5,239300,231650,3,6,0.000638,0.000109,0.968032,1,False,False,0,0.58504,7
100000004713684100,peripheral,0.0,0,0.050371,"in_deg=1, out_deg=0, in_kzt=37500<500000, in_tx=1, depth=3<4",single_edge_leaf,1,0,37500,0,1,0,0.000289,0.0,0.0,3,False,False,0,0.0,1
100000004714705100,peripheral,0.0,50,0.0578,"no rule: b=0.000000<0.002, in_deg=0, out_deg=1, in_kzt=0, out_kzt=36550, out/in=NA, depth=0, seed=1",below_thresholds,0,1,0,36550,0,1,0.000287,0.0,-1.0,0,True,False,0,-1.0,1
100000004715209100,peripheral,0.0,51,0.061424,"no rule: b=0.000079<0.002, in_deg=1, out_deg=5, in_kzt=5000, out_kzt=350450, out/in=70.09, depth=3, seed=0",below_thresholds,1,5,5000,350450,1,17,0.000289,7.9e-05,70.09,3,False,False,0,1.0,5
100000004717647100,peripheral,0.0,52,0.072007,"no rule: b=0.000079<0.002, in_deg=1, out_deg=5, in_kzt=300000, out_kzt=2240000, out/in=7.47, depth=3, seed=0",below_thresholds,1,5,300000,2240000,2,10,0.001028,7.9e-05,7.466667,3,False,False,0,0.156667,5
100000004722630100,peripheral,0.0,6,0.056183,"depth=4 cutoff; in_deg=1, in_kzt=340000, out_deg=0; onward transfers unobserved",censored_depth4,1,0,340000,0,2,0,0.000494,0.0,0.0,4,False,True,0,0.0,1
100000004722765100,peripheral,0.0,8,0.066821,"no rule: b=0.000059<0.002, in_deg=1, out_deg=3, in_kzt=230000, out_kzt=2284500, out/in=9.93, depth=3, seed=0",below_thresholds,1,3,230000,2284500,1,9,0.000584,5.9e-05,9.932609,3,False,False,0,0.76087,4
100000004723755100,peripheral,0.0,2,0.059706,"no rule: b=0.000000<0.002, in_deg=0, out_deg=1, in_kzt=0, out_kzt=95000, out/in=NA, depth=0, seed=1",below_thresholds,0,1,0,95000,0,5,0.000287,0.0,-1.0,0,True,False,1,-1.0,1
100000004726132100,peripheral,0.0,0,0.057526,"no rule: b=0.000020<0.002, in_deg=1, out_deg=1, in_kzt=349000, out_kzt=24000, out/in=0.07, depth=3, seed=0",below_thresholds,1,1,349000,24000,1,2,0.000318,2e-05,0.068768,3,False,False,0,0.0,2
100000004732589100,peripheral,0.0,11,0.055796,"in_deg=1, out_deg=0, in_kzt=227520<500000, in_tx=1, depth=2<4",single_edge_leaf,1,0,227520,0,1,0,0.000396,0.0,0.0,2,False,False,0,0.0,1
100000004737477100,transit,0.541413,0,0.432245,"out/in=0.82 in [0.8,1.2]; in_kzt=49598, out_kzt=40500, matched_2d=0.30",not_peripheral,2,1,49598,40500,3,3,0.000294,2e-05,0.816565,1,False,False,0,0.302432,3
100000004737764100,terminal,0.6,2,0.506104,"in_kzt=600000>=500000; in_deg=1, out_deg=0, depth=3<4; observed endpoint",not_peripheral,1,0,600000,0,1,0,0.00068,0.0,0.0,3,False,False,0,-1.0,1
100000004739664100,transit,0.583333,21,0.397759,"out/in=0.83 in [0.8,1.2]; in_kzt=12000, out_kzt=10000, matched_2d=0.00",not_peripheral,1,1,12000,10000,1,1,0.000289,1e-06,0.833333,1,False,False,0,0.0,2
100000004741837100,peripheral,0.0,5,0.052115,"in_deg=1, out_deg=0, in_kzt=25596<500000, in_tx=1, depth=1<4",single_edge_leaf,1,0,25596,0,1,0,0.00029,0.0,0.0,1,False,False,0,0.0,1
100000004744306100,peripheral,0.0,50,0.060441,"no rule: b=0.000040<0.002, in_deg=1, out_deg=2, in_kzt=69000, out_kzt=92000, out/in=1.33, depth=1, seed=0",below_thresholds,1,2,69000,92000,1,3,0.000463,4e-05,1.333333,1,False,False,0,0.0,3
100000004746397100,peripheral,0.0,10,0.056378,"no rule: b=0.000679<0.002, in_deg=1, out_deg=1, in_kzt=219520, out_kzt=7500, out/in=0.03, depth=3, seed=0",below_thresholds,1,1,219520,7500,1,1,0.000294,0.000679,0.034165,3,False,False,1,0.0,2
100000004747154100,peripheral,0.0,51,0.051447,"depth=4 cutoff; in_deg=1, in_kzt=67000, out_deg=0; onward transfers unobserved",censored_depth4,1,0,67000,0,1,0,0.000334,0.0,0.0,4,False,True,0,0.0,1
100000004750321100,peripheral,0.0,17,0.053619,"no rule: b=0.000000<0.002, in_deg=2, out_deg=0, in_kzt=50185, out_kzt=0, out/in=0.00, depth=3, seed=0",below_thresholds,2,0,50185,0,2,0,0.000314,0.0,0.0,3,False,False,0,0.0,2
100000004750897100,peripheral,0.0,3,0.04963,"in_deg=1, out_deg=0, in_kzt=10000<500000, in_tx=1, depth=3<4",single_edge_leaf,1,0,10000,0,1,0,0.000493,0.0,0.0,3,False,False,0,0.0,1
100000004756901100,peripheral,0.0,5,0.054231,"in_deg=1, out_deg=0, in_kzt=153248<500000, in_tx=1, depth=2<4",single_edge_leaf,1,0,153248,0,1,0,0.000312,0.0,0.0,2,False,False,0,0.0,1
100000004759121100,consolidator,0.75,0,0.77643,"in_deg=6>=2*out_deg(2); in_kzt=710000>=100000, out_kzt=312000, out/in=0.44",not_peripheral,6,2,710000,312000,10,6,0.001425,7.8e-05,0.439437,1,False,False,0,0.148936,7
100000004765639100,peripheral,0.0,0,0.051884,"no rule: b=0.000000<0.002, in_deg=1, out_deg=2, in_kzt=5000, out_kzt=11000, out/in=2.20, depth=2, seed=0",below_thresholds,1,2,5000,11000,1,2,0.000363,0.0,2.2,2,False,False,0,1.0,2
100000004770073100,transit,0.997908,0,0.367223,"out/in=1.00 in [0.8,1.2]; in_kzt=5462, out_kzt=5467, matched_2d=1.00",not_peripheral,1,1,5462,5467,1,1,0.000289,2e-05,1.000837,3,False,False,0,1.0,2
100000004777215100,peripheral,0.0,31,0.052469,"depth=4 cutoff; in_deg=1, in_kzt=60000, out_deg=0; onward transfers unobserved",censored_depth4,1,0,60000,0,1,0,0.000467,0.0,0.0,4,False,True,0,0.0,1
100000004779204100,peripheral,0.0,0,0.052385,"no rule: b=0.000020<0.002, in_deg=1, out_deg=1, in_kzt=30450, out_kzt=20000, out/in=0.66, depth=3, seed=0",below_thresholds,1,1,30450,20000,1,2,0.000289,2e-05,0.656814,3,False,False,0,0.328407,2
100000004780083100,peripheral,0.0,57,0.047286,"depth=4 cutoff; in_deg=1, in_kzt=9999, out_deg=0; onward transfers unobserved",censored_depth4,1,0,9999,0,1,0,0.000295,0.0,0.0,4,False,True,0,0.0,1
100000004780327100,peripheral,0.0,47,0.047637,"depth=4 cutoff; in_deg=1, in_kzt=12000, out_deg=0; onward transfers unobserved",censored_depth4,1,0,12000,0,1,0,0.000293,0.0,0.0,4,False,True,0,0.0,1
100000004783447100,peripheral,0.0,21,0.052187,"in_deg=1, out_deg=0, in_kzt=26200<500000, in_tx=1, depth=1<4",single_edge_leaf,1,0,26200,0,1,0,0.000292,0.0,0.0,1,False,False,0,0.0,1
100000004784224100,peripheral,0.0,20,0.057422,"no rule: b=0.000000<0.002, in_deg=1, out_deg=1, in_kzt=23500, out_kzt=100000, out/in=4.26, depth=1, seed=0",below_thresholds,1,1,23500,100000,2,1,0.000306,0.0,4.255319,1,False,False,0,0.0,2
100000004788983100,peripheral,0.0,0,0.04998,"depth=4 cutoff; in_deg=1, in_kzt=27000, out_deg=0; onward transfers unobserved",censored_depth4,1,0,27000,0,1,0,0.000371,0.0,0.0,4,False,True,0,0.0,1
100000004790991100,peripheral,0.0,5,0.056792,"in_deg=1, out_deg=0, in_kzt=239413<500000, in_tx=4, depth=1<4",single_edge_leaf,1,0,239413,0,4,0,0.000313,0.0,0.0,1,False,False,0,0.0,1
100000004791226100,peripheral,0.0,0,0.05099,"depth=4 cutoff; in_deg=1, in_kzt=20000, out_deg=0; onward transfers unobserved",censored_depth4,1,0,20000,0,1,0,0.000544,0.0,0.0,4,False,True,0,0.0,1
100000004792397100,peripheral,0.0,21,0.054339,"in_deg=1, out_deg=0, in_kzt=73520<500000, in_tx=1, depth=1<4",single_edge_leaf,1,0,73520,0,1,0,0.000302,0.0,0.0,1,False,False,0,-1.0,1
100000004797167100,peripheral,0.0,34,0.05196,"depth=4 cutoff; in_deg=1, in_kzt=31000, out_deg=0; onward transfers unobserved",censored_depth4,1,0,31000,0,1,0,0.000554,0.0,0.0,4,False,True,0,0.0,1
100000004798515100,peripheral,0.0,7,0.053924,"depth=4 cutoff; in_deg=1, in_kzt=200000, out_deg=0; onward transfers unobserved",censored_depth4,1,0,200000,0,2,0,0.000365,0.0,0.0,4,False,True,0,0.0,1
100000004800452100,peripheral,0.0,10,0.049383,"depth=4 cutoff; in_deg=1, in_kzt=6545, out_deg=0; onward transfers unobserved",censored_depth4,1,0,6545,0,1,0,0.000611,0.0,0.0,4,False,True,0,0.0,1
100000004800648100,peripheral,0.0,7,0.052827,"depth=4 cutoff; in_deg=1, in_kzt=131000, out_deg=0; onward transfers unobserved",censored_depth4,1,0,131000,0,1,0,0.000338,0.0,0.0,4,False,True,0,0.0,1
100000004806903100,peripheral,0.0,2,0.052039,"in_deg=1, out_deg=0, in_kzt=18000<500000, in_tx=1, depth=2<4",single_edge_leaf,1,0,18000,0,1,0,0.000536,0.0,0.0,2,False,False,0,0.0,1
100000004813068100,peripheral,0.0,20,0.066141,"no rule: b=0.000000<0.002, in_deg=0, out_deg=3, in_kzt=0, out_kzt=297000, out/in=NA, depth=0, seed=1",below_thresholds,0,3,0,297000,0,5,0.000287,0.0,-1.0,0,True,False,0,-1.0,3
100000004816564100,peripheral,0.0,3,0.058519,"no rule: b=0.000020<0.002, in_deg=1, out_deg=1, in_kzt=285480, out_kzt=5000, out/in=0.02, depth=2, seed=0",below_thresholds,1,1,285480,5000,1,1,0.000378,2e-05,0.017514,2,False,False,0,0.017514,2
100000004820260100,transit,0.798783,3,0.520988,"out/in=0.92 in [0.8,1.2]; in_kzt=234200, out_kzt=215350, matched_2d=0.60",not_peripheral,1,3,234200,215350,12,10,0.00141,2e-05,0.919513,2,False,False,0,0.59847,3
100000004825069100,peripheral,0.0,21,0.050835,"in_deg=1, out_deg=0, in_kzt=30000<500000, in_tx=4, depth=2<4",single_edge_leaf,1,0,30000,0,4,0,0.000297,0.0,0.0,2,False,False,0,0.0,1
100000004840086100,peripheral,0.0,0,0.054181,"depth=4 cutoff; in_deg=1, in_kzt=100000, out_deg=0; onward transfers unobserved",censored_depth4,1,0,100000,0,2,0,0.000542,0.0,0.0,4,False,True,0,0.0,1
100000004841728100,peripheral,0.0,21,0.053614,"in_deg=1, out_deg=0, in_kzt=52208<500000, in_tx=1, depth=1<4",single_edge_leaf,1,0,52208,0,1,0,0.000298,0.0,0.0,1,False,False,0,0.0,1
100000004847758100,peripheral,0.0,0,0.071667,"no rule: b=0.001382<0.002, in_deg=4, out_deg=15, in_kzt=115171, out_kzt=488800, out/in=4.24, depth=1, seed=0",below_thresholds,4,15,115171,488800,4,23,0.000306,0.001382,4.244124,1,False,False,3,0.515642,18
100000004848236100,peripheral,0.0,0,0.046857,"depth=4 cutoff; in_deg=1, in_kzt=7500, out_deg=0; onward transfers unobserved",censored_depth4,1,0,7500,0,1,0,0.00031,0.0,0.0,4,False,True,0,0.0,1
100000004850609100,peripheral,0.0,0,0.04747,"depth=4 cutoff; in_deg=1, in_kzt=10000, out_deg=0; onward transfers unobserved",censored_depth4,1,0,10000,0,1,0,0.000314,0.0,0.0,4,False,True,0,0.0,1
100000004856746100,peripheral,0.0,62,0.048732,"depth=4 cutoff; in_deg=1, in_kzt=20000, out_deg=0; onward transfers unobserved",censored_depth4,1,0,20000,0,1,0,0.000301,0.0,0.0,4,False,True,0,-1.0,1
100000004877085100,peripheral,0.0,12,0.057805,"no rule: b=0.000059<0.002, in_deg=1, out_deg=3, in_kzt=25000, out_kzt=95600, out/in=3.82, depth=3, seed=0",below_thresholds,1,3,25000,95600,1,9,0.000296,5.9e-05,3.824,3,False,False,0,1.0,4
100000004889043100,peripheral,0.0,0,0.05686,"no rule: b=0.000000<0.002, in_deg=2, out_deg=0, in_kzt=272000, out_kzt=0, out/in=0.00, depth=3, seed=0",below_thresholds,2,0,272000,0,4,0,0.0003,0.0,0.0,3,False,False,0,0.0,2
100000004890713100,peripheral,0.0,17,0.050146,"depth=4 cutoff; in_deg=1, in_kzt=40485, out_deg=0; onward transfers unobserved",censored_depth4,1,0,40485,0,1,0,0.000302,0.0,0.0,4,False,True,0,0.0,1
100000004891562100,peripheral,0.0,47,0.052393,"depth=4 cutoff; in_deg=1, in_kzt=103400, out_deg=0; onward transfers unobserved",censored_depth4,1,0,103400,0,1,0,0.000342,0.0,0.0,4,False,True,0,0.0,1
100000004892144100,peripheral,0.0,20,0.079094,"no rule: b=0.000000<0.002, in_deg=2, out_deg=1, in_kzt=4500000, out_kzt=180300, out/in=0.04, depth=3, seed=0",below_thresholds,2,1,4500000,180300,7,1,0.002827,0.0,0.040067,3,False,False,0,0.0,2
100000004904960100,peripheral,0.0,0,0.057907,"no rule: b=0.000000<0.002, in_deg=2, out_deg=0, in_kzt=32000, out_kzt=0, out/in=0.00, depth=2, seed=0",below_thresholds,2,0,32000,0,2,0,0.000781,0.0,0.0,2,False,False,0,0.0,2
100000004905207100,peripheral,0.0,40,0.057202,"in_deg=1, out_deg=0, in_kzt=380000<500000, in_tx=1, depth=2<4",single_edge_leaf,1,0,380000,0,1,0,0.000437,0.0,0.0,2,False,False,0,0.0,1
100000004906181100,peripheral,0.0,19,0.067769,"no rule: b=0.000137<0.002, in_deg=1, out_deg=7, in_kzt=100000, out_kzt=2473418, out/in=24.73, depth=3, seed=0",below_thresholds,1,7,100000,2473418,1,33,0.00029,0.000137,24.734179,3,False,False,0,1.0,8
100000004908173100,peripheral,0.0,42,0.049024,"depth=4 cutoff; in_deg=1, in_kzt=21000, out_deg=0; onward transfers unobserved",censored_depth4,1,0,21000,0,1,0,0.000322,0.0,0.0,4,False,True,0,0.0,1
100000004911971100,peripheral,0.0,19,0.049746,"depth=4 cutoff; in_deg=1, in_kzt=35000, out_deg=0; onward transfers unobserved",censored_depth4,1,0,35000,0,3,0,0.00029,0.0,0.0,4,False,True,0,0.0,1
100000004917367100,peripheral,0.0,10,0.055185,"no rule: b=0.000000<0.002, in_deg=2, out_deg=0, in_kzt=120000, out_kzt=0, out/in=0.00, depth=3, seed=0",below_thresholds,2,0,120000,0,2,0,0.000295,0.0,0.0,3,False,False,0,0.0,2
100000004921657100,peripheral,0.0,2,0.052446,"no rule: b=0.000000<0.002, in_deg=1, out_deg=1, in_kzt=8300, out_kzt=22190, out/in=2.67, depth=3, seed=0",below_thresholds,1,1,8300,22190,1,1,0.000363,0.0,2.673494,3,False,False,0,1.0,2
100000004931931100,peripheral,0.0,0,0.053207,"no rule: b=0.000020<0.002, in_deg=1, out_deg=1, in_kzt=23938, out_kzt=45000, out/in=1.88, depth=3, seed=0",below_thresholds,1,1,23938,45000,1,1,0.000293,2e-05,1.879856,3,False,False,0,0.0,2
100000004948177100,consolidator,0.5,5,0.631905,"in_deg=3>=3, in_kzt=437163>=100000; out_deg=0, out_kzt=0, depth=1<4; no observed onward transfers",not_peripheral,3,0,437163,0,8,0,0.000424,0.0,0.0,1,False,False,0,0.0,3
100000004950490100,peripheral,0.0,1,0.048968,"in_deg=1, out_deg=0, in_kzt=10000<500000, in_tx=1, depth=2<4",single_edge_leaf,1,0,10000,0,1,0,0.000332,0.0,0.0,2,False,False,0,0.0,1
100000004959752100,peripheral,0.0,2,0.053974,"in_deg=1, out_deg=0, in_kzt=22200<500000, in_tx=1, depth=3<4",single_edge_leaf,1,0,22200,0,1,0,0.000788,0.0,0.0,3,False,False,0,-1.0,1
100000004962193100,consolidator,1.0,0,0.700327,"in_deg=8>=3, in_kzt=900468>=100000; out_deg=0, out_kzt=0, depth=2<4; no observed onward transfers",not_peripheral,8,0,900468,0,11,0,0.00066,0.0,0.0,2,False,False,0,0.0,8
100000004970752100,peripheral,0.0,0,0.05199,"in_deg=1, out_deg=0, in_kzt=10000<500000, in_tx=1, depth=3<4",single_edge_leaf,1,0,10000,0,1,0,0.000746,0.0,0.0,3,False,False,0,0.0,1
100000004971871100,peripheral,0.0,53,0.058352,"no rule: b=0.000000<0.002, in_deg=1, out_deg=1, in_kzt=25400, out_kzt=5650, out/in=0.22, depth=0, seed=1",below_thresholds,1,1,25400,5650,3,1,0.000746,0.0,0.222441,0,True,False,0,0.222441,1
100000004975919100,peripheral,0.0,8,0.053521,"no rule: b=0.000039<0.002, in_deg=1, out_deg=2, in_kzt=22351, out_kzt=15000, out/in=0.67, depth=3, seed=0",below_thresholds,1,2,22351,15000,1,2,0.000291,3.9e-05,0.671111,3,False,False,0,0.0,3
100000004976946100,peripheral,0.0,65,0.053922,"depth=4 cutoff; in_deg=1, in_kzt=246000, out_deg=0; onward transfers unobserved",censored_depth4,1,0,246000,0,1,0,0.000321,0.0,0.0,4,False,True,0,0.0,1
100000004979264100,peripheral,0.0,42,0.051147,"depth=4 cutoff; in_deg=1, in_kzt=39800, out_deg=0; onward transfers unobserved",censored_depth4,1,0,39800,0,1,0,0.000413,0.0,0.0,4,False,True,0,0.0,1
100000004979283100,peripheral,0.0,17,0.050626,"in_deg=1, out_deg=0, in_kzt=40132<500000, in_tx=1, depth=3<4",single_edge_leaf,1,0,40132,0,1,0,0.000302,0.0,0.0,3,False,False,0,0.0,1
100000004979498100,peripheral,0.0,58,0.069156,"no rule: b=0.000000<0.002, in_deg=1, out_deg=1, in_kzt=700000, out_kzt=200000, out/in=0.29, depth=2, seed=0",below_thresholds,1,1,700000,200000,2,1,0.001328,0.0,0.285714,2,False,False,0,0.285714,2
100000004981068100,peripheral,0.0,8,0.048086,"depth=4 cutoff; in_deg=1, in_kzt=10000, out_deg=0; onward transfers unobserved",censored_depth4,1,0,10000,0,1,0,0.000381,0.0,0.0,4,False,True,0,0.0,1
100000004984689100,peripheral,0.0,8,0.051144,"in_deg=1, out_deg=0, in_kzt=53030<500000, in_tx=1, depth=3<4",single_edge_leaf,1,0,53030,0,1,0,0.000298,0.0,0.0,3,False,False,0,0.0,1
100000004988240100,peripheral,0.0,0,0.050882,"depth=4 cutoff; in_deg=1, in_kzt=20000, out_deg=0; onward transfers unobserved",censored_depth4,1,0,20000,0,1,0,0.000532,0.0,0.0,4,False,True,0,0.0,1
100000004991593100,peripheral,0.0,8,0.050864,"depth=4 cutoff; in_deg=1, in_kzt=45000, out_deg=0; onward transfers unobserved",censored_depth4,1,0,45000,0,2,0,0.000356,0.0,0.0,4,False,True,0,0.0,1
100000004991812100,peripheral,0.0,28,0.048282,"in_deg=1, out_deg=0, in_kzt=10000<500000, in_tx=1, depth=3<4",single_edge_leaf,1,0,10000,0,1,0,0.000348,0.0,0.0,3,False,False,0,0.0,1
100000004993576100,peripheral,0.0,3,0.054662,"in_deg=1, out_deg=0, in_kzt=167000<500000, in_tx=1, depth=2<4",single_edge_leaf,1,0,167000,0,1,0,0.00034,0.0,0.0,2,False,False,0,-1.0,1
100000004997515100,peripheral,0.0,4,0.064742,"no rule: b=0.000091<0.002, in_deg=4, out_deg=4, in_kzt=395000, out_kzt=54500, out/in=0.14, depth=3, seed=0",below_thresholds,4,4,395000,54500,4,4,0.000358,9.1e-05,0.137975,3,False,False,0,0.0,8
100000005008589100,peripheral,0.0,0,0.050779,"in_deg=1, out_deg=0, in_kzt=42807<500000, in_tx=1, depth=3<4",single_edge_leaf,1,0,42807,0,1,0,0.000304,0.0,0.0,3,False,False,0,0.0,1
100000005010159100,peripheral,0.0,8,0.049603,"depth=4 cutoff; in_deg=1, in_kzt=7092, out_deg=0; onward transfers unobserved",censored_depth4,1,0,7092,0,1,0,0.000617,0.0,0.0,4,False,True,0,0.0,1
100000005017150100,peripheral,0.0,75,0.03,"in_deg=0, out_deg=0, in_kzt=0, out_kzt=0; seed=1; no observed edge",isolate,0,0,0,0,0,0,0.0,0.0,-1.0,0,True,False,0,-1.0,0
100000005022552100,peripheral,0.0,5,0.057173,"no rule: b=0.000000<0.002, in_deg=1, out_deg=1, in_kzt=241000, out_kzt=5000, out/in=0.02, depth=3, seed=0",below_thresholds,1,1,241000,5000,3,1,0.000359,0.0,0.020747,3,False,False,0,0.0,2
100000005022964100,peripheral,0.0,2,0.050321,"in_deg=1, out_deg=0, in_kzt=20000<500000, in_tx=1, depth=2<4",single_edge_leaf,1,0,20000,0,1,0,0.000329,0.0,0.0,2,False,False,0,0.0,1
100000005025629100,peripheral,0.0,10,0.046186,"depth=4 cutoff; in_deg=1, in_kzt=5227, out_deg=0; onward transfers unobserved",censored_depth4,1,0,5227,0,1,0,0.000316,0.0,0.0,4,False,True,0,0.0,1
100000005030592100,peripheral,0.0,3,0.048577,"in_deg=1, out_deg=0, in_kzt=10000<500000, in_tx=1, depth=2<4",single_edge_leaf,1,0,10000,0,1,0,0.00029,0.0,0.0,2,False,False,0,-1.0,1
100000005031696100,peripheral,0.0,48,0.059958,"no rule: b=0.000098<0.002, in_deg=1, out_deg=2, in_kzt=5000, out_kzt=115000, out/in=23.00, depth=2, seed=0",below_thresholds,1,2,5000,115000,1,3,0.000542,9.8e-05,23.0,2,False,False,0,1.0,3
100000005032294100,peripheral,0.0,40,0.049546,"in_deg=1, out_deg=0, in_kzt=10000<500000, in_tx=1, depth=2<4",single_edge_leaf,1,0,10000,0,1,0,0.000394,0.0,0.0,2,False,False,0,0.0,1
100000005034574100,peripheral,0.0,73,0.058012,"in_deg=1, out_deg=0, in_kzt=258816<500000, in_tx=16, depth=1<4",single_edge_leaf,1,0,258816,0,16,0,0.000427,0.0,0.0,1,False,False,0,0.0,1
100000005037490100,peripheral,0.0,12,0.052692,"no rule: b=0.000020<0.002, in_deg=1, out_deg=2, in_kzt=15000, out_kzt=30000, out/in=2.00, depth=3, seed=0",below_thresholds,1,2,15000,30000,1,3,0.000325,2e-05,2.0,3,False,False,0,0.933333,2
100000005041147100,peripheral,0.0,0,0.049535,"depth=4 cutoff; in_deg=1, in_kzt=10000, out_deg=0; onward transfers unobserved",censored_depth4,1,0,10000,0,1,0,0.000536,0.0,0.0,4,False,True,0,0.0,1
100000005041905100,peripheral,0.0,21,0.057066,"no rule: b=0.000000<0.002, in_deg=1, out_deg=1, in_kzt=5000, out_kzt=1080351, out/in=216.07, depth=3, seed=0",below_thresholds,1,1,5000,1080351,1,5,0.000288,0.0,216.0702,3,False,False,1,-1.0,1
100000005042822100,peripheral,0.0,35,0.057966,"depth=4 cutoff; in_deg=1, in_kzt=1000000, out_deg=0; onward transfers unobserved",censored_depth4,1,0,1000000,0,1,0,0.000455,0.0,0.0,4,False,True,0,0.0,1
100000005048668100,peripheral,0.0,8,0.062927,"no rule: b=0.000665<0.002, in_deg=2, out_deg=8, in_kzt=16668, out_kzt=159400, out/in=9.56, depth=3, seed=0",below_thresholds,2,8,16668,159400,2,11,0.00029,0.000665,9.563235,3,False,False,2,0.610031,9
100000005049404100,peripheral,0.0,10,0.052022,"depth=4 cutoff; in_deg=1, in_kzt=98000, out_deg=0; onward transfers unobserved",censored_depth4,1,0,98000,0,2,0,0.000314,0.0,0.0,4,False,True,0,0.0,1
100000005052998100,peripheral,0.0,0,0.052235,"no rule: b=0.000004<0.002, in_deg=1, out_deg=1, in_kzt=9500, out_kzt=28400, out/in=2.99, depth=3, seed=0",below_thresholds,1,1,9500,28400,1,1,0.000287,4e-06,2.989474,3,False,False,1,0.0,2
100000005053653100,peripheral,0.0,12,0.056645,"no rule: b=0.000020<0.002, in_deg=2, out_deg=1, in_kzt=63073, out_kzt=25000, out/in=0.40, depth=2, seed=0",below_thresholds,2,1,63073,25000,2,1,0.000315,2e-05,0.396366,2,False,False,0,0.0,3
100000005055454100,peripheral,0.0,26,0.048915,"in_deg=1, out_deg=0, in_kzt=6500<500000, in_tx=1, depth=3<4",single_edge_leaf,1,0,6500,0,1,0,0.000508,0.0,0.0,3,False,False,0,0.0,1
100000005056870100,peripheral,0.0,56,0.051762,"in_deg=1, out_deg=0, in_kzt=20000<500000, in_tx=1, depth=1<4",single_edge_leaf,1,0,20000,0,1,0,0.000305,0.0,0.0,1,False,False,0,0.0,1
100000005059998100,peripheral,0.0,0,0.049817,"in_deg=1, out_deg=0, in_kzt=18000<500000, in_tx=1, depth=2<4",single_edge_leaf,1,0,18000,0,1,0,0.000297,0.0,0.0,2,False,False,0,0.0,1
100000005061890100,peripheral,0.0,2,0.054428,"in_deg=1, out_deg=0, in_kzt=90000<500000, in_tx=1, depth=3<4",single_edge_leaf,1,0,90000,0,1,0,0.000537,0.0,0.0,3,False,False,0,0.0,1
100000005074393100,peripheral,0.0,12,0.074921,"no rule: b=0.000221<0.002, in_deg=4, out_deg=6, in_kzt=563026, out_kzt=685500, out/in=1.22, depth=1, seed=0",below_thresholds,4,6,563026,685500,5,10,0.001065,0.000221,1.217528,1,False,False,0,0.080813,8
100000005075949100,peripheral,0.0,8,0.062512,"depth=4 cutoff; in_deg=1, in_kzt=2226000, out_deg=0; onward transfers unobserved",censored_depth4,1,0,2226000,0,7,0,0.000771,0.0,0.0,4,False,True,0,0.0,1
100000005077484100,peripheral,0.0,26,0.058761,"no rule: b=0.000000<0.002, in_deg=1, out_deg=2, in_kzt=150000, out_kzt=13550, out/in=0.09, depth=2, seed=0",below_thresholds,1,2,150000,13550,1,2,0.000542,0.0,0.090333,2,False,False,0,0.047,2
100000005079473100,peripheral,0.0,8,0.050324,"depth=4 cutoff; in_deg=1, in_kzt=39312, out_deg=0; onward transfers unobserved",censored_depth4,1,0,39312,0,1,0,0.000327,0.0,0.0,4,False,True,0,0.0,1
100000005079754100,peripheral,0.0,2,0.059497,"no rule: b=0.000097<0.002, in_deg=1, out_deg=2, in_kzt=70000, out_kzt=122000, out/in=1.74, depth=1, seed=0",below_thresholds,1,2,70000,122000,1,2,0.000301,9.7e-05,1.742857,1,False,False,0,0.285714,3
100000005082652100,peripheral,0.0,1,0.051051,"in_deg=1, out_deg=0, in_kzt=30000<500000, in_tx=1, depth=3<4",single_edge_leaf,1,0,30000,0,1,0,0.00041,0.0,0.0,3,False,False,0,0.0,1
100000005087431100,peripheral,0.0,76,0.03,"in_deg=0, out_deg=0, in_kzt=0, out_kzt=0; seed=1; no observed edge",isolate,0,0,0,0,0,0,0.0,0.0,-1.0,0,True,False,0,-1.0,0
100000005087923100,peripheral,0.0,49,0.050233,"depth=4 cutoff; in_deg=1, in_kzt=20000, out_deg=0; onward transfers unobserved",censored_depth4,1,0,20000,0,1,0,0.000463,0.0,0.0,4,False,True,0,0.0,1
100000005089460100,peripheral,0.0,21,0.048145,"in_deg=1, out_deg=0, in_kzt=12300<500000, in_tx=1, depth=3<4",single_edge_leaf,1,0,12300,0,1,0,0.000289,0.0,0.0,3,False,False,0,0.0,1
100000005092518100,peripheral,0.0,21,0.052183,"in_deg=1, out_deg=0, in_kzt=26144<500000, in_tx=1, depth=1<4",single_edge_leaf,1,0,26144,0,1,0,0.000292,0.0,0.0,1,False,False,0,0.0,1
100000005093521100,peripheral,0.0,2,0.051078,"in_deg=1, out_deg=0, in_kzt=15200<500000, in_tx=1, depth=1<4",single_edge_leaf,1,0,15200,0,1,0,0.00029,0.0,0.0,1,False,False,0,0.0,1
100000005100475100,peripheral,0.0,1,0.050968,"in_deg=1, out_deg=0, in_kzt=40000<500000, in_tx=1, depth=3<4",single_edge_leaf,1,0,40000,0,1,0,0.000339,0.0,0.0,3,False,False,0,0.0,1
100000005105153100,peripheral,0.0,0,0.051822,"in_deg=1, out_deg=0, in_kzt=30000<500000, in_tx=1, depth=2<4",single_edge_leaf,1,0,30000,0,1,0,0.000403,0.0,0.0,2,False,False,0,0.0,1
100000005124479100,peripheral,0.0,0,0.061113,"no rule: b=0.000048<0.002, in_deg=2, out_deg=2, in_kzt=137753, out_kzt=22000, out/in=0.16, depth=1, seed=0",below_thresholds,2,2,137753,22000,2,2,0.000305,4.8e-05,0.159706,1,False,False,0,0.0,4
100000005127767100,peripheral,0.0,18,0.048283,"in_deg=1, out_deg=0, in_kzt=7000<500000, in_tx=1, depth=3<4",single_edge_leaf,1,0,7000,0,1,0,0.000424,0.0,0.0,3,False,False,0,0.0,1
100000005133757100,peripheral,0.0,8,0.056512,"no rule: b=0.000000<0.002, in_deg=2, out_deg=0, in_kzt=65000, out_kzt=0, out/in=0.00, depth=1, seed=0",below_thresholds,2,0,65000,0,2,0,0.000301,0.0,0.0,1,False,False,0,0.0,2
100000005140601100,peripheral,0.0,8,0.075966,"no rule: b=0.000020<0.002, in_deg=3, out_deg=2, in_kzt=52685, out_kzt=195300, out/in=3.71, depth=2, seed=0",below_thresholds,3,2,52685,195300,4,5,0.002722,2e-05,3.706937,2,False,False,0,0.639366,3
100000005142492100,peripheral,0.0,1,0.066551,"no rule: b=0.000000<0.002, in_deg=1, out_deg=1, in_kzt=10000, out_kzt=57000, out/in=5.70, depth=3, seed=0",below_thresholds,1,1,10000,57000,1,1,0.001936,0.0,5.7,3,False,False,0,1.0,1
100000005142589100,peripheral,0.0,0,0.051991,"in_deg=1, out_deg=0, in_kzt=50000<500000, in_tx=2, depth=2<4",single_edge_leaf,1,0,50000,0,2,0,0.000312,0.0,0.0,2,False,False,0,0.0,1
100000005146665100,peripheral,0.0,44,0.046029,"depth=4 cutoff; in_deg=1, in_kzt=5500, out_deg=0; onward transfers unobserved",censored_depth4,1,0,5500,0,1,0,0.000288,0.0,0.0,4,False,True,0,0.0,1
100000005168487100,peripheral,0.0,11,0.067657,"no rule: b=0.000000<0.002, in_deg=1, out_deg=1, in_kzt=15000, out_kzt=103510, out/in=6.90, depth=2, seed=0",below_thresholds,1,1,15000,103510,1,14,0.001838,0.0,6.900667,2,False,False,0,1.0,1
100000005171642100,transit,0.952641,49,0.569587,"out/in=0.98 in [0.8,1.2]; in_kzt=696800, out_kzt=683600, matched_2d=0.94",not_peripheral,2,1,696800,683600,5,4,0.002828,0.0,0.981056,3,False,False,0,0.944317,2
100000005172860100,peripheral,0.0,0,0.048609,"in_deg=1, out_deg=0, in_kzt=15209<500000, in_tx=1, depth=3<4",single_edge_leaf,1,0,15209,0,1,0,0.000293,0.0,0.0,3,False,False,0,0.0,1
100000005175148100,peripheral,0.0,3,0.059162,"no rule: b=0.000000<0.002, in_deg=2, out_deg=1, in_kzt=79000, out_kzt=15000, out/in=0.19, depth=2, seed=0",below_thresholds,2,1,79000,15000,4,1,0.000722,0.0,0.189873,2,False,False,0,0.189873,2
100000005182219100,peripheral,0.0,10,0.05419,"no rule: b=0.000000<0.002, in_deg=2, out_deg=0, in_kzt=55000, out_kzt=0, out/in=0.00, depth=3, seed=0",below_thresholds,2,0,55000,0,2,0,0.000356,0.0,0.0,3,False,False,0,0.0,2
100000005183943100,terminal,0.6809,22,0.524265,"in_kzt=680900>=500000; in_deg=1, out_deg=0, depth=1<4; observed endpoint",not_peripheral,1,0,680900,0,9,0,0.000613,0.0,0.0,1,False,False,0,0.0,1
100000005186109100,peripheral,0.0,3,0.049326,"in_deg=1, out_deg=0, in_kzt=5000<500000, in_tx=1, depth=3<4",single_edge_leaf,1,0,5000,0,1,0,0.000609,0.0,0.0,3,False,False,0,-1.0,1
100000005186131100,transit,1.0,0,0.376143,"out/in=1.00 in [0.8,1.2]; in_kzt=10000, out_kzt=10000, matched_2d=1.00",not_peripheral,1,1,10000,10000,1,1,0.000287,2e-05,1.0,3,False,False,0,1.0,2
100000005187208100,peripheral,0.0,10,0.048655,"in_deg=1, out_deg=0, in_kzt=14160<500000, in_tx=1, depth=3<4",single_edge_leaf,1,0,14160,0,1,0,0.000313,0.0,0.0,3,False,False,0,0.0,1
100000005189258100,peripheral,0.0,0,0.05071,"depth=4 cutoff; in_deg=1, in_kzt=50000, out_deg=0; onward transfers unobserved",censored_depth4,1,0,50000,0,1,0,0.000317,0.0,0.0,4,False,True,0,0.0,1
100000005198498100,peripheral,0.0,21,0.049867,"in_deg=1, out_deg=0, in_kzt=28800<500000, in_tx=1, depth=3<4",single_edge_leaf,1,0,28800,0,1,0,0.000291,0.0,0.0,3,False,False,0,0.0,1
100000005198906100,peripheral,0.0,10,0.056456,"no rule: b=0.000020<0.002, in_deg=1, out_deg=1, in_kzt=227970, out_kzt=60000, out/in=0.26, depth=3, seed=0",below_thresholds,1,1,227970,60000,1,1,0.000294,2e-05,0.263193,3,False,False,0,0.0,2
100000005203590100,peripheral,0.0,1,0.053091,"in_deg=1, out_deg=0, in_kzt=90000<500000, in_tx=1, depth=2<4",single_edge_leaf,1,0,90000,0,1,0,0.000304,0.0,0.0,2,False,False,0,0.0,1
100000005205745100,peripheral,0.0,1,0.047777,"in_deg=1, out_deg=0, in_kzt=6000<500000, in_tx=1, depth=2<4",single_edge_leaf,1,0,6000,0,1,0,0.000314,0.0,0.0,2,False,False,0,0.0,1
100000005209352100,peripheral,0.0,0,0.04709,"depth=4 cutoff; in_deg=1, in_kzt=5000, out_deg=0; onward transfers unobserved",censored_depth4,1,0,5000,0,1,0,0.000422,0.0,0.0,4,False,True,0,0.0,1
100000005222360100,peripheral,0.0,40,0.055085,"no rule: b=0.001941<0.002, in_deg=1, out_deg=1, in_kzt=5000, out_kzt=27000, out/in=5.40, depth=3, seed=0",below_thresholds,1,1,5000,27000,1,1,0.000604,0.001941,5.4,3,False,False,1,0.0,2
100000005226217100,peripheral,0.0,4,0.049242,"depth=4 cutoff; in_deg=1, in_kzt=17500, out_deg=0; onward transfers unobserved",censored_depth4,1,0,17500,0,1,0,0.000385,0.0,0.0,4,False,True,0,0.0,1
100000005228059100,peripheral,0.0,21,0.052171,"in_deg=1, out_deg=0, in_kzt=26000<500000, in_tx=1, depth=1<4",single_edge_leaf,1,0,26000,0,1,0,0.000292,0.0,0.0,1,False,False,0,0.0,1
100000005233755100,peripheral,0.0,27,0.052032,"no rule: b=0.000020<0.002, in_deg=1, out_deg=1, in_kzt=25000, out_kzt=5000, out/in=0.20, depth=3, seed=0",below_thresholds,1,1,25000,5000,1,1,0.000293,2e-05,0.2,3,False,False,0,0.2,2
100000005235389100,peripheral,0.0,77,0.03,"in_deg=0, out_deg=0, in_kzt=0, out_kzt=0; seed=1; no observed edge",isolate,0,0,0,0,0,0,0.0,0.0,-1.0,0,True,False,0,-1.0,0
100000005237935150,peripheral,0.0,23,0.051135,"in_deg=1, out_deg=0, in_kzt=34508<500000, in_tx=1, depth=2<4",single_edge_leaf,1,0,34508,0,1,0,0.000299,0.0,0.0,2,False,False,0,0.0,1
100000005241556100,peripheral,0.0,34,0.054773,"in_deg=1, out_deg=0, in_kzt=100000<500000, in_tx=1, depth=3<4",single_edge_leaf,1,0,100000,0,1,0,0.000551,0.0,0.0,3,False,False,0,0.0,1
100000005242320100,distributor,1.0,23,0.732323,"out_deg=21>=10, out_kzt=8936295>=500000; out_tx=29, seed=0",not_peripheral,2,21,365700,8936295,2,29,0.000502,3e-05,24.436136,2,False,False,0,1.0,23
100000005264874100,peripheral,0.0,25,0.055581,"no rule: b=0.000001<0.002, in_deg=1, out_deg=2, in_kzt=30000, out_kzt=78000, out/in=2.60, depth=3, seed=0",below_thresholds,1,2,30000,78000,1,3,0.00043,1e-06,2.6,3,False,False,0,0.0,2
100000005264990100,peripheral,0.0,50,0.063373,"no rule: b=0.000079<0.002, in_deg=1, out_deg=2, in_kzt=17070, out_kzt=122000, out/in=7.15, depth=0, seed=1",below_thresholds,1,2,17070,122000,1,2,0.000366,7.9e-05,7.147042,0,True,False,0,0.0,2
100000005265073100,peripheral,0.0,50,0.050064,"no rule: b=0.000021<0.002, in_deg=1, out_deg=1, in_kzt=5000, out_kzt=9000, out/in=1.80, depth=3, seed=0",below_thresholds,1,1,5000,9000,1,1,0.0003,2.1e-05,1.8,3,False,False,0,0.0,2
100000005268319100,peripheral,0.0,0,0.05879,"no rule: b=0.000041<0.002, in_deg=1, out_deg=5, in_kzt=19713, out_kzt=91000, out/in=4.62, depth=3, seed=0",below_thresholds,1,5,19713,91000,2,10,0.000295,4.1e-05,4.61629,3,False,False,1,0.921625,5
100000005272139100,peripheral,0.0,5,0.057203,"depth=4 cutoff; in_deg=1, in_kzt=165000, out_deg=0; onward transfers unobserved",censored_depth4,1,0,165000,0,1,0,0.000759,0.0,0.0,4,False,True,0,0.0,1
100000005287097100,peripheral,0.0,5,0.068505,"no rule: b=0.000797<0.002, in_deg=2, out_deg=9, in_kzt=127173, out_kzt=697300, out/in=5.48, depth=1, seed=0",below_thresholds,2,9,127173,697300,5,42,0.000304,0.000797,5.483082,1,False,False,4,0.772405,9
100000005293969100,peripheral,0.0,0,0.048299,"depth=4 cutoff; in_deg=1, in_kzt=5467, out_deg=0; onward transfers unobserved",censored_depth4,1,0,5467,0,1,0,0.000533,0.0,0.0,4,False,True,0,0.0,1
100000005308954100,peripheral,0.0,5,0.054693,"no rule: b=0.000020<0.002, in_deg=1, out_deg=1, in_kzt=69020, out_kzt=30000, out/in=0.43, depth=3, seed=0",below_thresholds,1,1,69020,30000,1,1,0.000361,2e-05,0.434657,3,False,False,0,0.0,2
100000005314565100,peripheral,0.0,0,0.054705,"in_deg=1, out_deg=0, in_kzt=218500<500000, in_tx=3, depth=3<4",single_edge_leaf,1,0,218500,0,3,0,0.000377,0.0,0.0,3,False,False,0,0.0,1
100000005316708100,peripheral,0.0,1,0.06097,"no rule: b=0.000001<0.002, in_deg=1, out_deg=2, in_kzt=90000, out_kzt=257500, out/in=2.86, depth=1, seed=0",below_thresholds,1,2,90000,257500,1,4,0.000299,1e-06,2.861111,1,False,False,0,0.0,3
100000005317181100,peripheral,0.0,0,0.055776,"no rule: b=0.000020<0.002, in_deg=1, out_deg=1, in_kzt=141250, out_kzt=14500, out/in=0.10, depth=3, seed=0",below_thresholds,1,1,141250,14500,1,1,0.000324,2e-05,0.102655,3,False,False,0,0.0,2
100000005326681100,peripheral,0.0,3,0.050912,"in_deg=1, out_deg=0, in_kzt=31228<500000, in_tx=1, depth=2<4",single_edge_leaf,1,0,31228,0,1,0,0.000297,0.0,0.0,2,False,False,0,0.0,1
100000005328215100,peripheral,0.0,11,0.050649,"in_deg=1, out_deg=0, in_kzt=27000<500000, in_tx=1, depth=2<4",single_edge_leaf,1,0,27000,0,1,0,0.0003,0.0,0.0,2,False,False,0,0.0,1
100000005339662100,peripheral,0.0,3,0.077344,"no rule: b=0.000142<0.002, in_deg=4, out_deg=4, in_kzt=202939, out_kzt=295160, out/in=1.45, depth=1, seed=0",below_thresholds,4,4,202939,295160,9,15,0.001667,0.000142,1.454427,1,False,False,1,0.802518,6
100000005342513100,peripheral,0.0,21,0.061616,"no rule: b=0.000000<0.002, in_deg=1, out_deg=1, in_kzt=235000, out_kzt=30000, out/in=0.13, depth=3, seed=0",below_thresholds,1,1,235000,30000,2,1,0.001103,0.0,0.12766,3,False,False,0,0.12766,1
100000005357034100,peripheral,0.0,0,0.047669,"in_deg=1, out_deg=0, in_kzt=9754<500000, in_tx=1, depth=3<4",single_edge_leaf,1,0,9754,0,1,0,0.000287,0.0,0.0,3,False,False,0,0.0,1
100000005357705100,peripheral,0.0,8,0.061704,"no rule: b=0.000078<0.002, in_deg=1, out_deg=4, in_kzt=52595, out_kzt=387080, out/in=7.36, depth=3, seed=0",below_thresholds,1,4,52595,387080,1,5,0.000298,7.8e-05,7.359635,3,False,False,0,1.0,5
100000005360814100,peripheral,0.0,8,0.053922,"depth=4 cutoff; in_deg=1, in_kzt=144000, out_deg=0; onward transfers unobserved",censored_depth4,1,0,144000,0,3,0,0.000436,0.0,0.0,4,False,True,0,0.0,1
100000005362848100,peripheral,0.0,17,0.049939,"in_deg=1, out_deg=0, in_kzt=29000<500000, in_tx=1, depth=3<4",single_edge_leaf,1,0,29000,0,1,0,0.000298,0.0,0.0,3,False,False,0,0.0,1
100000005363908100,transit,1.0,71,0.408563,"out/in=1.00 in [0.8,1.2]; in_kzt=19500, out_kzt=19500, matched_2d=1.00",not_peripheral,1,1,19500,19500,1,1,0.00034,0.0,1.0,1,False,False,0,1.0,2
100000005367180100,peripheral,0.0,8,0.051342,"depth=4 cutoff; in_deg=1, in_kzt=7700, out_deg=0; onward transfers unobserved",censored_depth4,1,0,7700,0,1,0,0.000786,0.0,0.0,4,False,True,0,0.0,1
100000005367284100,peripheral,0.0,0,0.05505,"no rule: b=0.000039<0.002, in_deg=1, out_deg=2, in_kzt=13700, out_kzt=48300, out/in=3.53, depth=3, seed=0",below_thresholds,1,2,13700,48300,1,5,0.00029,3.9e-05,3.525547,3,False,False,0,1.0,3
100000005367445100,transit,1.0,42,0.458056,"out/in=1.00 in [0.8,1.2]; in_kzt=5000, out_kzt=5000, matched_2d=1.00",not_peripheral,1,1,5000,5000,1,1,0.00187,0.0,1.0,3,False,False,0,1.0,1
100000005370558100,peripheral,0.0,0,0.045959,"depth=4 cutoff; in_deg=1, in_kzt=5000, out_deg=0; onward transfers unobserved",censored_depth4,1,0,5000,0,1,0,0.000301,0.0,0.0,4,False,True,0,0.0,1
100000005370580100,peripheral,0.0,12,0.033237,"in_deg=1, out_deg=0, in_kzt=24075<500000, in_tx=1, depth=0<4",single_edge_leaf,1,0,24075,0,1,0,0.000347,0.0,0.0,0,True,False,0,0.0,0
100000005375968100,peripheral,0.0,0,0.057619,"no rule: b=0.000039<0.002, in_deg=1, out_deg=2, in_kzt=170082, out_kzt=86000, out/in=0.51, depth=3, seed=0",below_thresholds,1,2,170082,86000,1,4,0.000296,3.9e-05,0.505638,3,False,False,0,0.176386,3
100000005382566100,peripheral,0.0,50,0.075518,"no rule: b=0.000047<0.002, in_deg=7, out_deg=1, in_kzt=393066, out_kzt=50000, out/in=0.13, depth=0, seed=1",below_thresholds,7,1,393066,50000,11,1,0.002122,4.7e-05,0.127205,0,True,False,0,0.127205,1
100000005386383100,peripheral,0.0,50,0.059572,"no rule: b=0.000029<0.002, in_deg=2, out_deg=1, in_kzt=37500, out_kzt=29000, out/in=0.77, depth=0, seed=1",below_thresholds,2,1,37500,29000,2,1,0.000527,2.9e-05,0.773333,0,True,False,0,0.0,1
100000005392290100,peripheral,0.0,68,0.0594,"no rule: b=0.000000<0.002, in_deg=0, out_deg=1, in_kzt=0, out_kzt=81465, out/in=NA, depth=0, seed=1",below_thresholds,0,1,0,81465,0,1,0.000287,0.0,-1.0,0,True,False,0,-1.0,1
100000005394708100,peripheral,0.0,50,0.05694,"no rule: b=0.000000<0.002, in_deg=1, out_deg=1, in_kzt=26000, out_kzt=65000, out/in=2.50, depth=1, seed=0",below_thresholds,1,1,26000,65000,1,1,0.000347,0.0,2.5,1,False,False,0,1.0,2
100000005395727100,peripheral,0.0,3,0.033473,"in_deg=1, out_deg=0, in_kzt=17000<500000, in_tx=1, depth=0<4",single_edge_leaf,1,0,17000,0,1,0,0.000373,0.0,0.0,0,True,False,0,-1.0,0
100000005402643100,peripheral,0.0,4,0.056178,"no rule: b=0.000000<0.002, in_deg=1, out_deg=1, in_kzt=127800, out_kzt=90000, out/in=0.70, depth=2, seed=0",below_thresholds,1,1,127800,90000,1,1,0.000299,0.0,0.704225,2,False,False,0,0.0,2
100000005409156100,peripheral,0.0,10,0.057944,"no rule: b=0.000000<0.002, in_deg=2, out_deg=0, in_kzt=260080, out_kzt=0, out/in=0.00, depth=3, seed=0",below_thresholds,2,0,260080,0,2,0,0.000426,0.0,0.0,3,False,False,0,0.0,2
100000005409680100,peripheral,0.0,43,0.035926,"no rule: b=0.000000<0.002, in_deg=2, out_deg=0, in_kzt=55060, out_kzt=0, out/in=0.00, depth=0, seed=1",below_thresholds,2,0,55060,0,2,0,0.000636,0.0,0.0,0,True,False,0,0.0,0
100000005413948100,peripheral,0.0,42,0.067858,"no rule: b=0.000022<0.002, in_deg=2, out_deg=1, in_kzt=28215, out_kzt=5000, out/in=0.18, depth=2, seed=0",below_thresholds,2,1,28215,5000,2,1,0.001877,2.2e-05,0.177211,2,False,False,0,0.0,2
100000005417257100,peripheral,0.0,50,0.062359,"no rule: b=0.000000<0.002, in_deg=0, out_deg=2, in_kzt=0, out_kzt=106000, out/in=NA, depth=0, seed=1",below_thresholds,0,2,0,106000,0,2,0.000287,0.0,-1.0,0,True,False,0,-1.0,2
100000005432267100,peripheral,0.0,2,0.060273,"no rule: b=0.000000<0.002, in_deg=2, out_deg=0, in_kzt=350001, out_kzt=0, out/in=0.00, depth=1, seed=0",below_thresholds,2,0,350001,0,2,0,0.000344,0.0,0.0,1,False,False,0,0.0,2
100000005454368100,peripheral,0.0,12,0.033688,"no rule: b=0.000000<0.002, in_deg=2, out_deg=0, in_kzt=48600, out_kzt=0, out/in=0.00, depth=0, seed=1",below_thresholds,2,0,48600,0,2,0,0.000396,0.0,0.0,0,True,False,0,0.0,0
100000005456919100,peripheral,0.0,9,0.070629,"no rule: b=0.000000<0.002, in_deg=2, out_deg=1, in_kzt=479950, out_kzt=5000, out/in=0.01, depth=1, seed=0",below_thresholds,2,1,479950,5000,10,1,0.001388,0.0,0.010418,1,False,False,0,0.010418,2
100000005473151100,peripheral,0.0,17,0.069029,"no rule: b=0.000246<0.002, in_deg=3, out_deg=4, in_kzt=1220000, out_kzt=225000, out/in=0.18, depth=1, seed=0",below_thresholds,3,4,1220000,225000,4,6,0.00047,0.000246,0.184426,1,False,False,0,0.168033,6
100000005474472100,peripheral,0.0,20,0.055568,"in_deg=1, out_deg=0, in_kzt=100000<500000, in_tx=1, depth=2<4",single_edge_leaf,1,0,100000,0,1,0,0.000547,0.0,0.0,2,False,False,0,0.0,1
100000005475379100,peripheral,0.0,11,0.059241,"no rule: b=0.000067<0.002, in_deg=1, out_deg=3, in_kzt=108370, out_kzt=81000, out/in=0.75, depth=3, seed=0",below_thresholds,1,3,108370,81000,1,3,0.000423,6.7e-05,0.747439,3,False,False,0,0.0,4
100000005480435100,peripheral,0.0,78,0.03,"in_deg=0, out_deg=0, in_kzt=0, out_kzt=0; seed=1; no observed edge",isolate,0,0,0,0,0,0,0.0,0.0,-1.0,0,True,False,0,-1.0,0
100000005481280100,peripheral,0.0,3,0.057356,"no rule: b=0.000044<0.002, in_deg=1, out_deg=3, in_kzt=32700, out_kzt=50000, out/in=1.53, depth=2, seed=0",below_thresholds,1,3,32700,50000,1,3,0.000297,4.4e-05,1.529052,2,False,False,0,0.519878,4
100000005485830100,peripheral,0.0,56,0.068428,"no rule: b=0.000000<0.002, in_deg=0, out_deg=5, in_kzt=0, out_kzt=275885, out/in=NA, depth=0, seed=1",below_thresholds,0,5,0,275885,0,9,0.000287,0.0,-1.0,0,True,False,0,-1.0,5
100000005493505100,peripheral,0.0,12,0.035776,"no rule: b=0.000000<0.002, in_deg=3, out_deg=0, in_kzt=62020, out_kzt=0, out/in=0.00, depth=0, seed=1",below_thresholds,3,0,62020,0,3,0,0.00062,0.0,0.0,0,True,False,0,0.0,0
100000005495211100,peripheral,0.0,0,0.050521,"depth=4 cutoff; in_deg=1, in_kzt=14500, out_deg=0; onward transfers unobserved",censored_depth4,1,0,14500,0,1,0,0.000562,0.0,0.0,4,False,True,0,0.0,1
100000005495722100,peripheral,0.0,79,0.03,"in_deg=0, out_deg=0, in_kzt=0, out_kzt=0; seed=1; no observed edge",isolate,0,0,0,0,0,0,0.0,0.0,-1.0,0,True,False,0,-1.0,0
100000005496254100,peripheral,0.0,0,0.050713,"in_deg=1, out_deg=0, in_kzt=12700<500000, in_tx=1, depth=1<4",single_edge_leaf,1,0,12700,0,1,0,0.000289,0.0,0.0,1,False,False,0,0.0,1
100000005497148100,peripheral,0.0,10,0.050873,"depth=4 cutoff; in_deg=1, in_kzt=24000, out_deg=0; onward transfers unobserved",censored_depth4,1,0,24000,0,2,0,0.000492,0.0,0.0,4,False,True,0,0.0,1
100000005498992100,distributor,0.8,4,0.749346,"out_deg=16>=10, out_kzt=2262868>=500000; out_tx=19, seed=1",not_peripheral,0,16,0,2262868,0,19,0.000287,0.0,-1.0,0,True,False,2,-1.0,16
100000005505655100,peripheral,0.0,13,0.05537,"no rule: b=0.000274<0.002, in_deg=2, out_deg=1, in_kzt=33070, out_kzt=20000, out/in=0.60, depth=1, seed=0",below_thresholds,2,1,33070,20000,2,1,0.000323,0.000274,0.604778,1,False,False,0,0.395222,2
100000005507142100,peripheral,0.0,25,0.061199,"no rule: b=0.000005<0.002, in_deg=3, out_deg=3, in_kzt=51000, out_kzt=100000, out/in=1.96, depth=2, seed=0",below_thresholds,3,3,51000,100000,3,4,0.000561,5e-06,1.960784,2,False,False,0,0.0,4
100000005514161100,consolidator,0.666667,1,0.69046,"in_deg=4>=2*out_deg(1); in_kzt=401500>=100000, out_kzt=50000, out/in=0.12",not_peripheral,4,1,401500,50000,7,1,0.00081,4.1e-05,0.124533,1,False,False,0,0.0,5
100000005519347100,peripheral,0.0,5,0.062324,"no rule: b=0.000002<0.002, in_deg=2, out_deg=1, in_kzt=73100, out_kzt=99000, out/in=1.35, depth=0, seed=1",below_thresholds,2,1,73100,99000,2,1,0.000559,2e-06,1.354309,0,True,False,0,0.0,1
100000005519998100,transit,0.917582,62,0.47499,"out/in=1.03 in [0.8,1.2]; in_kzt=182000, out_kzt=188000, matched_2d=0.38",not_peripheral,3,3,182000,188000,5,8,0.000655,6.1e-05,1.032967,2,False,False,0,0.382716,4
100000005523088100,peripheral,0.0,50,0.046085,"in_deg=1, out_deg=0, in_kzt=700000<500000, in_tx=2, depth=0<4",single_edge_leaf,1,0,700000,0,2,0,0.001727,0.0,0.0,0,True,False,0,0.0,0
100000005527892100,peripheral,0.0,34,0.069225,"no rule: b=0.000504<0.002, in_deg=3, out_deg=8, in_kzt=220001, out_kzt=552419, out/in=2.51, depth=1, seed=0",below_thresholds,3,8,220001,552419,3,8,0.000314,0.000504,2.510984,1,False,False,3,0.454543,11
100000005530114100,peripheral,0.0,27,0.059055,"no rule: b=0.000005<0.002, in_deg=2, out_deg=1, in_kzt=136970, out_kzt=25000, out/in=0.18, depth=3, seed=0",below_thresholds,2,1,136970,25000,2,1,0.000497,5e-06,0.182522,3,False,False,0,0.182522,3
100000005532138100,peripheral,0.0,1,0.049623,"in_deg=1, out_deg=0, in_kzt=25046<500000, in_tx=1, depth=3<4",single_edge_leaf,1,0,25046,0,1,0,0.000295,0.0,0.0,3,False,False,0,0.0,1
100000005539201100,peripheral,0.0,5,0.055717,"no rule: b=0.000043<0.002, in_deg=1, out_deg=1, in_kzt=45504, out_kzt=25000, out/in=0.55, depth=1, seed=0",below_thresholds,1,1,45504,25000,1,1,0.000292,4.3e-05,0.549402,1,False,False,0,0.0,2
100000005539910100,peripheral,0.0,2,0.059336,"no rule: b=0.000049<0.002, in_deg=1, out_deg=2, in_kzt=102000, out_kzt=22000, out/in=0.22, depth=2, seed=0",below_thresholds,1,2,102000,22000,1,2,0.000501,4.9e-05,0.215686,2,False,False,0,0.0,3
100000005543136100,peripheral,0.0,12,0.055214,"no rule: b=0.000000<0.002, in_deg=0, out_deg=1, in_kzt=0, out_kzt=10000, out/in=NA, depth=0, seed=1",below_thresholds,0,1,0,10000,0,1,0.000287,0.0,-1.0,0,True,False,0,-1.0,1
100000005546031100,peripheral,0.0,71,0.062157,"no rule: b=0.000001<0.002, in_deg=3, out_deg=1, in_kzt=66800, out_kzt=8000, out/in=0.12, depth=1, seed=0",below_thresholds,3,1,66800,8000,6,1,0.000716,1e-06,0.11976,1,False,False,0,0.11976,3
100000005547096100,peripheral,0.0,71,0.062877,"no rule: b=0.000000<0.002, in_deg=1, out_deg=2, in_kzt=8000, out_kzt=226300, out/in=28.29, depth=2, seed=0",below_thresholds,1,2,8000,226300,1,3,0.000896,0.0,28.2875,2,False,False,0,0.0,2
100000005550592100,peripheral,0.0,80,0.03,"in_deg=0, out_deg=0, in_kzt=0, out_kzt=0; seed=1; no observed edge",isolate,0,0,0,0,0,0,0.0,0.0,-1.0,0,True,False,0,-1.0,0
100000005553088100,peripheral,0.0,8,0.048412,"depth=4 cutoff; in_deg=1, in_kzt=17500, out_deg=0; onward transfers unobserved",censored_depth4,1,0,17500,0,1,0,0.000296,0.0,0.0,4,False,True,0,0.0,1
100000005560900100,peripheral,0.0,81,0.03,"in_deg=0, out_deg=0, in_kzt=0, out_kzt=0; seed=1; no observed edge",isolate,0,0,0,0,0,0,0.0,0.0,-1.0,0,True,False,0,-1.0,0
100000005561741100,peripheral,0.0,17,0.05079,"in_deg=1, out_deg=0, in_kzt=25000<500000, in_tx=1, depth=2<4",single_edge_leaf,1,0,25000,0,1,0,0.000331,0.0,0.0,2,False,False,0,0.0,1
100000005567828100,peripheral,0.0,17,0.052014,"depth=4 cutoff; in_deg=1, in_kzt=94000, out_deg=0; onward transfers unobserved",censored_depth4,1,0,94000,0,1,0,0.000322,0.0,0.0,4,False,True,0,-1.0,1
100000005568407100,peripheral,0.0,82,0.03,"in_deg=0, out_deg=0, in_kzt=0, out_kzt=0; seed=1; no observed edge",isolate,0,0,0,0,0,0,0.0,0.0,-1.0,0,True,False,0,-1.0,0
100000005572303100,peripheral,0.0,5,0.055261,"no rule: b=0.000039<0.002, in_deg=1, out_deg=1, in_kzt=75000, out_kzt=20000, out/in=0.27, depth=2, seed=0",below_thresholds,1,1,75000,20000,1,1,0.000315,3.9e-05,0.266667,2,False,False,0,0.0,2
100000005578559100,distributor,0.893164,17,0.69742,"out_deg=21>=10, out_kzt=893164>=500000; out_tx=23, seed=0",not_peripheral,2,21,131000,893164,2,23,0.000393,0.000983,6.818043,2,False,False,1,1.0,23
100000005584222100,peripheral,0.0,0,0.065797,"no rule: b=0.000039<0.002, in_deg=2, out_deg=2, in_kzt=192717, out_kzt=108587, out/in=0.56, depth=1, seed=0",below_thresholds,2,2,192717,108587,6,3,0.000879,3.9e-05,0.563453,1,False,False,0,0.415116,3
100000005588444100,peripheral,0.0,1,0.050633,"in_deg=1, out_deg=0, in_kzt=12300<500000, in_tx=1, depth=1<4",single_edge_leaf,1,0,12300,0,1,0,0.000288,0.0,0.0,1,False,False,0,0.0,1
100000005589319100,peripheral,0.0,2,0.049348,"depth=4 cutoff; in_deg=1, in_kzt=26000, out_deg=0; onward transfers unobserved",censored_depth4,1,0,26000,0,1,0,0.000311,0.0,0.0,4,False,True,0,0.0,1
100000005602999100,peripheral,0.0,54,0.052099,"no rule: b=0.000043<0.002, in_deg=1, out_deg=2, in_kzt=5000, out_kzt=16000, out/in=3.20, depth=2, seed=0",below_thresholds,1,2,5000,16000,1,3,0.000306,4.3e-05,3.2,2,False,False,0,1.0,2
100000005608515100,peripheral,0.0,1,0.052322,"in_deg=1, out_deg=0, in_kzt=64000<500000, in_tx=4, depth=2<4",single_edge_leaf,1,0,64000,0,4,0,0.000294,0.0,0.0,2,False,False,0,0.0,1
100000005610717100,consolidator,0.666667,0,0.626032,"in_deg=4>=2*out_deg(1); in_kzt=484500>=100000, out_kzt=265200, out/in=0.55",not_peripheral,4,1,484500,265200,6,7,0.000346,2e-05,0.547368,3,False,False,0,0.458617,5
100000005612411100,peripheral,0.0,2,0.069192,"no rule: b=0.000158<0.002, in_deg=3, out_deg=8, in_kzt=115500, out_kzt=506997, out/in=4.39, depth=1, seed=0",below_thresholds,3,8,115500,506997,4,8,0.000329,0.000158,4.389584,1,False,False,0,1.0,11
100000005614315100,peripheral,0.0,5,0.058874,"in_deg=1, out_deg=0, in_kzt=455000<500000, in_tx=1, depth=2<4",single_edge_leaf,1,0,455000,0,1,0,0.000578,0.0,0.0,2,False,False,0,0.0,1
100000005616568100,peripheral,0.0,10,0.056506,"depth=4 cutoff; in_deg=1, in_kzt=530000, out_deg=0; onward transfers unobserved",censored_depth4,1,0,530000,0,1,0,0.000434,0.0,0.0,4,False,True,0,0.0,1
100000005619339100,transit,0.7787,5,0.375723,"out/in=1.09 in [0.8,1.2]; in_kzt=5000, out_kzt=5443",not_peripheral,1,1,5000,5443,1,1,0.000322,0.0,1.08852,2,False,False,0,-1.0,2
100000005620225100,peripheral,0.0,0,0.055953,"no rule: b=0.000000<0.002, in_deg=2, out_deg=0, in_kzt=49846, out_kzt=0, out/in=0.00, depth=1, seed=0",below_thresholds,2,0,49846,0,2,0,0.000298,0.0,0.0,1,False,False,0,0.0,2
100000005621418100,peripheral,0.0,14,0.049614,"depth=4 cutoff; in_deg=1, in_kzt=30000, out_deg=0; onward transfers unobserved",censored_depth4,1,0,30000,0,1,0,0.000309,0.0,0.0,4,False,True,0,0.0,1
100000005628518100,peripheral,0.0,43,0.054101,"in_deg=1, out_deg=0, in_kzt=77000<500000, in_tx=3, depth=3<4",single_edge_leaf,1,0,77000,0,3,0,0.000535,0.0,0.0,3,False,False,0,0.0,1
100000005634552100,peripheral,0.0,0,0.065287,"no rule: b=0.000030<0.002, in_deg=1, out_deg=3, in_kzt=25850, out_kzt=1196000, out/in=46.27, depth=1, seed=0",below_thresholds,1,3,25850,1196000,1,4,0.00029,3e-05,46.266925,1,False,False,0,0.0,4
100000005636951100,peripheral,0.0,49,0.053253,"depth=4 cutoff; in_deg=1, in_kzt=40000, out_deg=0; onward transfers unobserved",censored_depth4,1,0,40000,0,1,0,0.000638,0.0,0.0,4,False,True,0,0.0,1
100000005660203100,peripheral,0.0,5,0.065264,"no rule: b=0.000020<0.002, in_deg=1, out_deg=2, in_kzt=572899, out_kzt=41000, out/in=0.07, depth=2, seed=0",below_thresholds,1,2,572899,41000,12,5,0.000953,2e-05,0.071566,2,False,False,0,0.078409,2
100000005661528100,peripheral,0.0,8,0.049594,"in_deg=1, out_deg=0, in_kzt=25000<500000, in_tx=1, depth=3<4",single_edge_leaf,1,0,25000,0,1,0,0.000292,0.0,0.0,3,False,False,0,0.0,1
100000005661829100,transit,0.829849,43,0.410391,"out/in=1.07 in [0.8,1.2]; in_kzt=37790, out_kzt=40362, matched_2d=0.89",not_peripheral,1,2,37790,40362,1,4,0.000293,2e-06,1.06806,3,False,False,0,0.894152,3
100000005664632100,peripheral,0.0,74,0.055256,"in_deg=1, out_deg=0, in_kzt=198620<500000, in_tx=18, depth=2<4",single_edge_leaf,1,0,198620,0,18,0,0.000367,0.0,0.0,2,False,False,0,0.0,1
100000005664922100,peripheral,0.0,20,0.066864,"no rule: b=0.000004<0.002, in_deg=2, out_deg=3, in_kzt=22000, out_kzt=537000, out/in=24.41, depth=2, seed=0",below_thresholds,2,3,22000,537000,2,4,0.000809,4e-06,24.409091,2,False,False,0,0.0,4
100000005665181100,peripheral,0.0,10,0.067486,"no rule: b=0.000273<0.002, in_deg=4, out_deg=11, in_kzt=45498, out_kzt=181915, out/in=4.00, depth=2, seed=0",below_thresholds,4,11,45498,181915,5,11,0.0004,0.000273,3.998308,2,False,False,0,0.277778,14
100000005667841100,peripheral,0.0,42,0.05623,"no rule: b=0.000000<0.002, in_deg=2, out_deg=0, in_kzt=186000, out_kzt=0, out/in=0.00, depth=3, seed=0",below_thresholds,2,0,186000,0,2,0,0.000314,0.0,0.0,3,False,False,0,0.0,2
100000005668605100,peripheral,0.0,50,0.037841,"no rule: b=0.000000<0.002, in_deg=3, out_deg=0, in_kzt=94500, out_kzt=0, out/in=0.00, depth=0, seed=1",below_thresholds,3,0,94500,0,3,0,0.000842,0.0,0.0,0,True,False,0,0.0,0
100000005669845100,peripheral,0.0,26,0.051896,"in_deg=1, out_deg=0, in_kzt=20000<500000, in_tx=1, depth=1<4",single_edge_leaf,1,0,20000,0,1,0,0.000319,0.0,0.0,1,False,False,0,0.0,1
100000005674387100,peripheral,0.0,21,0.049674,"in_deg=1, out_deg=0, in_kzt=26200<500000, in_tx=1, depth=3<4",single_edge_leaf,1,0,26200,0,1,0,0.000291,0.0,0.0,3,False,False,0,0.0,1
100000005685783100,peripheral,0.0,21,0.051437,"depth=4 cutoff; in_deg=1, in_kzt=26150, out_deg=0; onward transfers unobserved",censored_depth4,1,0,26150,0,1,0,0.000534,0.0,0.0,4,False,True,0,0.0,1
100000005704413100,coordinator,0.651666,17,0.763006,"directed betweenness=0.002607>=0.002; in_deg=3, out_deg=32, hub_targets=0",not_peripheral,3,32,97835,1363593,4,35,0.000602,0.002607,13.937728,3,False,False,0,1.0,34
100000005709551100,peripheral,0.0,12,0.049592,"in_deg=1, out_deg=0, in_kzt=24560<500000, in_tx=1, depth=3<4",single_edge_leaf,1,0,24560,0,1,0,0.000296,0.0,0.0,3,False,False,0,0.0,1
100000005711521100,peripheral,0.0,12,0.055861,"depth=4 cutoff; in_deg=1, in_kzt=238000, out_deg=0; onward transfers unobserved",censored_depth4,1,0,238000,0,1,0,0.000536,0.0,0.0,4,False,True,0,0.0,1
100000005723580100,peripheral,0.0,42,0.050263,"depth=4 cutoff; in_deg=1, in_kzt=35000, out_deg=0; onward transfers unobserved",censored_depth4,1,0,35000,0,1,0,0.000346,0.0,0.0,4,False,True,0,0.0,1
100000005730108100,peripheral,0.0,0,0.048785,"in_deg=1, out_deg=0, in_kzt=8000<500000, in_tx=1, depth=2<4",single_edge_leaf,1,0,8000,0,1,0,0.00036,0.0,0.0,2,False,False,0,0.0,1
100000005744674100,peripheral,0.0,50,0.058428,"no rule: b=0.000000<0.002, in_deg=0, out_deg=1, in_kzt=0, out_kzt=50066, out/in=NA, depth=0, seed=1",below_thresholds,0,1,0,50066,0,2,0.000287,0.0,-1.0,0,True,False,0,-1.0,1
100000005745873100,peripheral,0.0,65,0.053697,"depth=4 cutoff; in_deg=1, in_kzt=223000, out_deg=0; onward transfers unobserved",censored_depth4,1,0,223000,0,1,0,0.000318,0.0,0.0,4,False,True,0,0.0,1
100000005754335100,peripheral,0.0,66,0.051785,"in_deg=1, out_deg=0, in_kzt=44037<500000, in_tx=1, depth=3<4",single_edge_leaf,1,0,44037,0,1,0,0.000406,0.0,0.0,3,False,False,0,0.0,1
100000005756189100,peripheral,0.0,10,0.053902,"no rule: b=0.000020<0.002, in_deg=1, out_deg=1, in_kzt=65000, out_kzt=49050, out/in=0.75, depth=3, seed=0",below_thresholds,1,1,65000,49050,1,1,0.000289,2e-05,0.754615,3,False,False,0,0.754615,2
100000005756535100,peripheral,0.0,21,0.051492,"in_deg=1, out_deg=0, in_kzt=20000<500000, in_tx=1, depth=3<4",single_edge_leaf,1,0,20000,0,1,0,0.000544,0.0,0.0,3,False,False,0,0.0,1
100000005767403100,peripheral,0.0,62,0.064039,"depth=4 cutoff; in_deg=1, in_kzt=1100000, out_deg=0; onward transfers unobserved",censored_depth4,1,0,1100000,0,2,0,0.001086,0.0,0.0,4,False,True,0,0.0,1
100000005778283100,consolidator,0.5,1,0.640183,"in_deg=3>=3, in_kzt=615760>=100000; out_deg=0, out_kzt=0, depth=1<4; no observed onward transfers",not_peripheral,3,0,615760,0,3,0,0.000439,0.0,0.0,1,False,False,0,0.0,3
100000005782781100,distributor,0.5,1,0.692909,"out_deg=10>=10, out_kzt=1263597>=500000; out_tx=10, seed=0",not_peripheral,6,10,171888,1263597,10,10,0.00049,0.000578,7.351281,2,False,False,1,0.940659,16
100000005782886100,peripheral,0.0,4,0.048614,"depth=4 cutoff; in_deg=1, in_kzt=14000, out_deg=0; onward transfers unobserved",censored_depth4,1,0,14000,0,1,0,0.000365,0.0,0.0,4,False,True,0,0.0,1
100000005783452100,peripheral,0.0,23,0.056613,"depth=4 cutoff; in_deg=2, in_kzt=286500, out_deg=0; onward transfers unobserved",censored_depth4,2,0,286500,0,2,0,0.000316,0.0,0.0,4,False,True,0,0.0,2
100000005799271100,peripheral,0.0,11,0.053897,"in_deg=1, out_deg=0, in_kzt=45000<500000, in_tx=2, depth=2<4",single_edge_leaf,1,0,45000,0,2,0,0.000539,0.0,0.0,2,False,False,0,0.0,1
100000005807278100,peripheral,0.0,56,0.049931,"in_deg=1, out_deg=0, in_kzt=8385<500000, in_tx=1, depth=1<4",single_edge_leaf,1,0,8385,0,1,0,0.000294,0.0,0.0,1,False,False,0,0.0,1
100000005809252100,peripheral,0.0,10,0.053009,"in_deg=1, out_deg=0, in_kzt=25000<500000, in_tx=1, depth=2<4",single_edge_leaf,1,0,25000,0,1,0,0.00057,0.0,0.0,2,False,False,0,-1.0,1
100000005815602100,peripheral,0.0,5,0.058235,"no rule: b=0.000020<0.002, in_deg=1, out_deg=1, in_kzt=20000, out_kzt=165000, out/in=8.25, depth=3, seed=0",below_thresholds,1,1,20000,165000,1,1,0.000555,2e-05,8.25,3,False,False,0,0.0,2
100000005820746100,peripheral,0.0,20,0.06486,"no rule: b=0.000000<0.002, in_deg=1, out_deg=1, in_kzt=1989000, out_kzt=60000, out/in=0.03, depth=3, seed=0",below_thresholds,1,1,1989000,60000,2,1,0.000994,0.0,0.030166,3,False,False,0,0.0,1
100000005830339100,consolidator,0.833333,2,0.636728,"in_deg=5>=2*out_deg(1); in_kzt=476341>=100000, out_kzt=339251, out/in=0.71",not_peripheral,5,1,476341,339251,12,1,0.000365,4e-06,0.712202,3,False,False,0,0.0,6
100000005834479100,peripheral,0.0,8,0.053456,"no rule: b=0.000002<0.002, in_deg=1, out_deg=2, in_kzt=7500, out_kzt=14470, out/in=1.93, depth=2, seed=0",below_thresholds,1,2,7500,14470,1,2,0.000288,2e-06,1.929333,2,False,False,0,0.0,3
100000005844459100,peripheral,0.0,0,0.059509,"no rule: b=0.000000<0.002, in_deg=2, out_deg=0, in_kzt=243400, out_kzt=0, out/in=0.00, depth=1, seed=0",below_thresholds,2,0,243400,0,2,0,0.00034,0.0,0.0,1,False,False,0,0.0,2
100000005847078100,peripheral,0.0,21,0.048712,"in_deg=1, out_deg=0, in_kzt=16300<500000, in_tx=1, depth=3<4",single_edge_leaf,1,0,16300,0,1,0,0.000289,0.0,0.0,3,False,False,0,0.0,1
100000005849100100,peripheral,0.0,2,0.052866,"in_deg=1, out_deg=0, in_kzt=33300<500000, in_tx=1, depth=2<4",single_edge_leaf,1,0,33300,0,1,0,0.000493,0.0,0.0,2,False,False,0,0.0,1
100000005849862100,peripheral,0.0,1,0.050196,"depth=4 cutoff; in_deg=1, in_kzt=13000, out_deg=0; onward transfers unobserved",censored_depth4,1,0,13000,0,2,0,0.000551,0.0,0.0,4,False,True,0,0.0,1
100000005852946100,peripheral,0.0,2,0.051984,"in_deg=1, out_deg=0, in_kzt=23746<500000, in_tx=1, depth=1<4",single_edge_leaf,1,0,23746,0,1,0,0.000292,0.0,0.0,1,False,False,0,0.0,1
100000005857058100,peripheral,0.0,0,0.057005,"no rule: b=0.000000<0.002, in_deg=3, out_deg=0, in_kzt=80222, out_kzt=0, out/in=0.00, depth=3, seed=0",below_thresholds,3,0,80222,0,3,0,0.000392,0.0,0.0,3,False,False,0,0.0,3
100000005873152100,transit,1.0,11,0.388855,"out/in=1.00 in [0.8,1.2]; in_kzt=10000, out_kzt=10000, matched_2d=0.00",not_peripheral,1,1,10000,10000,1,1,0.000469,0.0,1.0,3,False,False,0,0.0,2
100000005877725100,peripheral,0.0,21,0.054234,"in_deg=1, out_deg=0, in_kzt=70000<500000, in_tx=1, depth=1<4",single_edge_leaf,1,0,70000,0,1,0,0.000302,0.0,0.0,1,False,False,0,0.0,1
100000005878334100,peripheral,0.0,34,0.052332,"depth=4 cutoff; in_deg=1, in_kzt=76400, out_deg=0; onward transfers unobserved",censored_depth4,1,0,76400,0,2,0,0.000401,0.0,0.0,4,False,True,0,0.0,1
100000005882013100,peripheral,0.0,12,0.058427,"no rule: b=0.000000<0.002, in_deg=2, out_deg=1, in_kzt=135000, out_kzt=10000, out/in=0.07, depth=2, seed=0",below_thresholds,2,1,135000,10000,3,1,0.000529,0.0,0.074074,2,False,False,0,0.074074,2
100000005888829100,peripheral,0.0,4,0.053404,"depth=4 cutoff; in_deg=1, in_kzt=197000, out_deg=0; onward transfers unobserved",censored_depth4,1,0,197000,0,1,0,0.000313,0.0,0.0,4,False,True,0,0.0,1
100000005893892100,peripheral,0.0,10,0.052395,"in_deg=1, out_deg=0, in_kzt=102780<500000, in_tx=1, depth=3<4",single_edge_leaf,1,0,102780,0,1,0,0.00029,0.0,0.0,3,False,False,0,0.0,1
100000005895525100,peripheral,0.0,56,0.056161,"in_deg=1, out_deg=0, in_kzt=120000<500000, in_tx=3, depth=1<4",single_edge_leaf,1,0,120000,0,3,0,0.000393,0.0,0.0,1,False,False,0,0.0,1
100000005897462100,peripheral,0.0,11,0.054916,"in_deg=1, out_deg=0, in_kzt=98400<500000, in_tx=1, depth=1<4",single_edge_leaf,1,0,98400,0,1,0,0.000302,0.0,0.0,1,False,False,0,0.0,1
100000005901606100,peripheral,0.0,21,0.052821,"in_deg=1, out_deg=0, in_kzt=35660<500000, in_tx=1, depth=1<4",single_edge_leaf,1,0,35660,0,1,0,0.000294,0.0,0.0,1,False,False,0,0.0,1
100000005904580100,peripheral,0.0,7,0.057138,"no rule: b=0.000000<0.002, in_deg=2, out_deg=0, in_kzt=72000, out_kzt=0, out/in=0.00, depth=2, seed=0",below_thresholds,2,0,72000,0,2,0,0.000525,0.0,0.0,2,False,False,0,0.0,2
100000005910114100,coordinator,1.0,0,0.730434,"directed betweenness=0.005942>=0.002; in_deg=3, out_deg=19, hub_targets=7",not_peripheral,3,19,326144,1469993,3,56,0.000363,0.005942,4.50719,3,False,False,7,0.816081,22
100000005910895100,peripheral,0.0,54,0.048788,"depth=4 cutoff; in_deg=1, in_kzt=5100, out_deg=0; onward transfers unobserved",censored_depth4,1,0,5100,0,1,0,0.0006,0.0,0.0,4,False,True,0,-1.0,1
100000005911352100,peripheral,0.0,18,0.058283,"no rule: b=0.000099<0.002, in_deg=2, out_deg=3, in_kzt=15000, out_kzt=24000, out/in=1.60, depth=2, seed=0",below_thresholds,2,3,15000,24000,2,3,0.000554,9.9e-05,1.6,2,False,False,0,0.0,4
100000005931985100,peripheral,0.0,23,0.05285,"in_deg=1, out_deg=0, in_kzt=76000<500000, in_tx=1, depth=2<4",single_edge_leaf,1,0,76000,0,1,0,0.000314,0.0,0.0,2,False,False,0,-1.0,1
100000005932987100,peripheral,0.0,62,0.051556,"in_deg=1, out_deg=0, in_kzt=25000<500000, in_tx=3, depth=2<4",single_edge_leaf,1,0,25000,0,3,0,0.000414,0.0,0.0,2,False,False,0,0.0,1
100000005933757100,coordinator,0.98987,40,0.82441,"directed betweenness=0.003959>=0.002; in_deg=4, out_deg=34, hub_targets=0",not_peripheral,4,34,1246000,3002628,6,46,0.001003,0.003959,2.409814,2,False,False,0,1.0,36
100000005939154100,peripheral,0.0,5,0.050196,"in_deg=1, out_deg=0, in_kzt=22000<500000, in_tx=2, depth=2<4",single_edge_leaf,1,0,22000,0,2,0,0.000295,0.0,0.0,2,False,False,0,0.0,1
100000005940652100,peripheral,0.0,42,0.049888,"in_deg=1, out_deg=0, in_kzt=8395<500000, in_tx=1, depth=1<4",single_edge_leaf,1,0,8395,0,1,0,0.000289,0.0,0.0,1,False,False,0,0.0,1
100000005941908100,peripheral,0.0,40,0.051517,"in_deg=1, out_deg=0, in_kzt=10000<500000, in_tx=1, depth=3<4",single_edge_leaf,1,0,10000,0,1,0,0.000695,0.0,0.0,3,False,False,0,0.0,1
100000005942793100,peripheral,0.0,0,0.057885,"no rule: b=0.000000<0.002, in_deg=4, out_deg=0, in_kzt=55000, out_kzt=0, out/in=0.00, depth=2, seed=0",below_thresholds,4,0,55000,0,4,0,0.000334,0.0,0.0,2,False,False,0,0.0,4
100000005958064100,peripheral,0.0,40,0.059962,"no rule: b=0.000026<0.002, in_deg=1, out_deg=2, in_kzt=5746, out_kzt=163987, out/in=28.54, depth=1, seed=0",below_thresholds,1,2,5746,163987,1,3,0.000287,2.6e-05,28.539304,1,False,False,0,0.0,3
100000005961971100,peripheral,0.0,21,0.05341,"in_deg=1, out_deg=0, in_kzt=47353<500000, in_tx=1, depth=1<4",single_edge_leaf,1,0,47353,0,1,0,0.000297,0.0,0.0,1,False,False,0,0.0,1
100000005974542100,peripheral,0.0,28,0.054049,"in_deg=1, out_deg=0, in_kzt=94500<500000, in_tx=3, depth=3<4",single_edge_leaf,1,0,94500,0,3,0,0.000486,0.0,0.0,3,False,False,0,0.0,1
100000005979037100,peripheral,0.0,8,0.051167,"depth=4 cutoff; in_deg=1, in_kzt=60300, out_deg=0; onward transfers unobserved",censored_depth4,1,0,60300,0,1,0,0.000326,0.0,0.0,4,False,True,0,0.0,1
100000005995391100,peripheral,0.0,21,0.048821,"in_deg=1, out_deg=0, in_kzt=17200<500000, in_tx=1, depth=3<4",single_edge_leaf,1,0,17200,0,1,0,0.00029,0.0,0.0,3,False,False,0,0.0,1
100000005996909100,peripheral,0.0,3,0.046806,"in_deg=1, out_deg=0, in_kzt=5500<500000, in_tx=1, depth=3<4",single_edge_leaf,1,0,5500,0,1,0,0.000317,0.0,0.0,3,False,False,0,0.0,1
100000006008169100,peripheral,0.0,7,0.054206,"in_deg=1, out_deg=0, in_kzt=70000<500000, in_tx=1, depth=1<4",single_edge_leaf,1,0,70000,0,1,0,0.000299,0.0,0.0,1,False,False,0,0.0,1
100000006020215100,transit,0.683333,12,0.408061,"out/in=1.13 in [0.8,1.2]; in_kzt=30000, out_kzt=33800, matched_2d=0.00",not_peripheral,1,2,30000,33800,1,2,0.000298,6.2e-05,1.126667,3,False,False,0,0.0,3
100000006030946100,peripheral,0.0,21,0.054332,"in_deg=1, out_deg=0, in_kzt=73289<500000, in_tx=1, depth=1<4",single_edge_leaf,1,0,73289,0,1,0,0.000302,0.0,0.0,1,False,False,0,0.0,1
100000006048193100,peripheral,0.0,0,0.050658,"in_deg=1, out_deg=0, in_kzt=41559<500000, in_tx=1, depth=3<4",single_edge_leaf,1,0,41559,0,1,0,0.000298,0.0,0.0,3,False,False,0,0.0,1
100000006069103100,transit,0.550057,5,0.536133,"out/in=1.18 in [0.8,1.2]; in_kzt=228818, out_kzt=270000, matched_2d=0.20",not_peripheral,3,3,228818,270000,3,4,0.001156,5.9e-05,1.179977,1,False,False,0,0.196663,5
100000006100920100,peripheral,0.0,0,0.052692,"in_deg=1, out_deg=0, in_kzt=100000<500000, in_tx=1, depth=3<4",single_edge_leaf,1,0,100000,0,1,0,0.000328,0.0,0.0,3,False,False,0,0.0,1
100000006111439100,transit,0.583131,0,0.432955,"out/in=1.17 in [0.8,1.2]; in_kzt=20570, out_kzt=24000, matched_2d=0.00",not_peripheral,3,4,20570,24000,3,4,0.000367,1.8e-05,1.166748,3,False,False,0,0.0,6
100000006111442100,peripheral,0.0,42,0.051511,"in_deg=1, out_deg=0, in_kzt=64000<500000, in_tx=1, depth=3<4",single_edge_leaf,1,0,64000,0,1,0,0.000297,0.0,0.0,3,False,False,0,0.0,1
100000006122699100,peripheral,0.0,7,0.055134,"no rule: b=0.000000<0.002, in_deg=2, out_deg=0, in_kzt=45865, out_kzt=0, out/in=0.00, depth=2, seed=0",below_thresholds,2,0,45865,0,2,0,0.000406,0.0,0.0,2,False,False,0,0.0,2
100000006126743100,peripheral,0.0,10,0.051132,"in_deg=1, out_deg=0, in_kzt=55000<500000, in_tx=1, depth=3<4",single_edge_leaf,1,0,55000,0,1,0,0.000289,0.0,0.0,3,False,False,0,0.0,1
100000006161893100,peripheral,0.0,5,0.051522,"in_deg=1, out_deg=0, in_kzt=14000<500000, in_tx=1, depth=2<4",single_edge_leaf,1,0,14000,0,1,0,0.000534,0.0,0.0,2,False,False,0,0.0,1
100000006165886100,peripheral,0.0,0,0.057813,"no rule: b=0.000001<0.002, in_deg=2, out_deg=1, in_kzt=184481, out_kzt=75000, out/in=0.41, depth=3, seed=0",below_thresholds,2,1,184481,75000,2,1,0.0003,1e-06,0.406546,3,False,False,0,0.0,3
100000006169033100,peripheral,0.0,66,0.062565,"no rule: b=0.000040<0.002, in_deg=1, out_deg=3, in_kzt=49000, out_kzt=1140271, out/in=23.27, depth=3, seed=0",below_thresholds,1,3,49000,1140271,1,10,0.00042,4e-05,23.270837,3,False,False,0,0.0,3
100000006171671100,peripheral,0.0,0,0.049491,"depth=4 cutoff; in_deg=1, in_kzt=10000, out_deg=0; onward transfers unobserved",censored_depth4,1,0,10000,0,1,0,0.000531,0.0,0.0,4,False,True,0,0.0,1
100000006177176100,peripheral,0.0,5,0.049992,"in_deg=1, out_deg=0, in_kzt=8911<500000, in_tx=1, depth=1<4",single_edge_leaf,1,0,8911,0,1,0,0.000288,0.0,0.0,1,False,False,0,0.0,1
100000006209210100,peripheral,0.0,1,0.054667,"in_deg=1, out_deg=0, in_kzt=229111<500000, in_tx=1, depth=3<4",single_edge_leaf,1,0,229111,0,1,0,0.000362,0.0,0.0,3,False,False,0,0.0,1
100000006225798100,peripheral,0.0,27,0.063544,"no rule: b=0.000039<0.002, in_deg=3, out_deg=2, in_kzt=722000, out_kzt=26300, out/in=0.04, depth=3, seed=0",below_thresholds,3,2,722000,26300,4,2,0.000362,3.9e-05,0.036427,3,False,False,0,0.0,5
100000006232642100,peripheral,0.0,66,0.056168,"depth=4 cutoff; in_deg=1, in_kzt=456000, out_deg=0; onward transfers unobserved",censored_depth4,1,0,456000,0,4,0,0.00043,0.0,0.0,4,False,True,0,0.0,1
100000006232815100,peripheral,0.0,26,0.071106,"no rule: b=0.000003<0.002, in_deg=1, out_deg=5, in_kzt=160000, out_kzt=296500, out/in=1.85, depth=0, seed=1",below_thresholds,1,5,160000,296500,2,5,0.000559,3e-06,1.853125,0,True,False,0,0.0,5
100000006240939100,peripheral,0.0,49,0.065066,"no rule: b=0.000004<0.002, in_deg=1, out_deg=5, in_kzt=160000, out_kzt=778015, out/in=4.86, depth=2, seed=0",below_thresholds,1,5,160000,778015,1,5,0.00032,4e-06,4.862594,2,False,False,0,1.0,6
100000006248077100,peripheral,0.0,5,0.051836,"in_deg=1, out_deg=0, in_kzt=50000<500000, in_tx=1, depth=2<4",single_edge_leaf,1,0,50000,0,1,0,0.000295,0.0,0.0,2,False,False,0,0.0,1
100000006249740100,peripheral,0.0,83,0.063824,"no rule: b=0.000000<0.002, in_deg=0, out_deg=3, in_kzt=0, out_kzt=93007, out/in=NA, depth=0, seed=1",below_thresholds,0,3,0,93007,0,5,0.000287,0.0,-1.0,0,True,False,0,-1.0,3
100000006257675100,peripheral,0.0,31,0.052005,"depth=4 cutoff; in_deg=1, in_kzt=70000, out_deg=0; onward transfers unobserved",censored_depth4,1,0,70000,0,2,0,0.000384,0.0,0.0,4,False,True,0,0.0,1
100000006274203100,peripheral,0.0,43,0.068073,"no rule: b=0.000038<0.002, in_deg=2, out_deg=3, in_kzt=3417512, out_kzt=72000, out/in=0.02, depth=3, seed=0",below_thresholds,2,3,3417512,72000,41,3,0.000635,3.8e-05,0.021068,3,False,False,0,0.001791,4
100000006288612100,peripheral,0.0,7,0.049572,"depth=4 cutoff; in_deg=1, in_kzt=30805, out_deg=0; onward transfers unobserved",censored_depth4,1,0,30805,0,3,0,0.000299,0.0,0.0,4,False,True,0,0.0,1
100000006308406100,peripheral,0.0,31,0.055388,"depth=4 cutoff; in_deg=1, in_kzt=183000, out_deg=0; onward transfers unobserved",censored_depth4,1,0,183000,0,2,0,0.000542,0.0,0.0,4,False,True,0,0.0,1
100000006326645100,peripheral,0.0,21,0.052113,"in_deg=1, out_deg=0, in_kzt=25264<500000, in_tx=1, depth=1<4",single_edge_leaf,1,0,25264,0,1,0,0.000292,0.0,0.0,1,False,False,0,0.0,1
100000006351075100,peripheral,0.0,65,0.050032,"depth=4 cutoff; in_deg=1, in_kzt=40000, out_deg=0; onward transfers unobserved",censored_depth4,1,0,40000,0,2,0,0.000292,0.0,0.0,4,False,True,0,-1.0,1
100000006369769100,peripheral,0.0,21,0.053059,"in_deg=1, out_deg=0, in_kzt=40000<500000, in_tx=1, depth=1<4",single_edge_leaf,1,0,40000,0,1,0,0.000295,0.0,0.0,1,False,False,0,0.0,1
100000006381453100,peripheral,0.0,4,0.052933,"depth=4 cutoff; in_deg=1, in_kzt=45000, out_deg=0; onward transfers unobserved",censored_depth4,1,0,45000,0,1,0,0.000579,0.0,0.0,4,False,True,0,0.0,1
100000006385877100,peripheral,0.0,4,0.069131,"no rule: b=0.000000<0.002, in_deg=1, out_deg=1, in_kzt=53707, out_kzt=36603, out/in=0.68, depth=2, seed=0",below_thresholds,1,1,53707,36603,5,5,0.002137,0.0,0.681535,2,False,False,0,0.210912,1
100000006412162100,peripheral,0.0,47,0.048098,"depth=4 cutoff; in_deg=1, in_kzt=15000, out_deg=0; onward transfers unobserved",censored_depth4,1,0,15000,0,2,0,0.000295,0.0,0.0,4,False,True,0,-1.0,1
100000006416061100,peripheral,0.0,0,0.050802,"depth=4 cutoff; in_deg=1, in_kzt=30000, out_deg=0; onward transfers unobserved",censored_depth4,1,0,30000,0,1,0,0.000437,0.0,0.0,4,False,True,0,0.0,1
100000006424479100,peripheral,0.0,12,0.066669,"no rule: b=0.000074<0.002, in_deg=1, out_deg=2, in_kzt=500000, out_kzt=220000, out/in=0.44, depth=2, seed=0",below_thresholds,1,2,500000,220000,2,3,0.000948,7.4e-05,0.44,2,False,False,0,0.0,3
100000006443391100,peripheral,0.0,4,0.076014,"no rule: b=0.000001<0.002, in_deg=3, out_deg=2, in_kzt=86776, out_kzt=60042, out/in=0.69, depth=1, seed=0",below_thresholds,3,2,86776,60042,7,6,0.002435,1e-06,0.691917,1,False,False,0,0.061979,3
100000006444163100,peripheral,0.0,37,0.047018,"in_deg=1, out_deg=0, in_kzt=6026<500000, in_tx=1, depth=3<4",single_edge_leaf,1,0,6026,0,1,0,0.000321,0.0,0.0,3,False,False,0,0.0,1
100000006445501100,peripheral,0.0,11,0.05475,"in_deg=1, out_deg=0, in_kzt=91000<500000, in_tx=1, depth=1<4",single_edge_leaf,1,0,91000,0,1,0,0.000301,0.0,0.0,1,False,False,0,0.0,1
100000006446271100,peripheral,0.0,2,0.057062,"no rule: b=0.000000<0.002, in_deg=2, out_deg=0, in_kzt=80000, out_kzt=0, out/in=0.00, depth=1, seed=0",below_thresholds,2,0,80000,0,2,0,0.000315,0.0,0.0,1,False,False,0,0.0,2
100000006471232100,peripheral,0.0,21,0.050629,"in_deg=1, out_deg=0, in_kzt=41800<500000, in_tx=1, depth=3<4",single_edge_leaf,1,0,41800,0,1,0,0.000293,0.0,0.0,3,False,False,0,0.0,1
100000006476758100,peripheral,0.0,11,0.048576,"in_deg=1, out_deg=0, in_kzt=5200<500000, in_tx=1, depth=3<4",single_edge_leaf,1,0,5200,0,1,0,0.00052,0.0,0.0,3,False,False,0,0.0,1
100000006490557100,peripheral,0.0,1,0.047169,"in_deg=1, out_deg=0, in_kzt=5000<500000, in_tx=1, depth=2<4",single_edge_leaf,1,0,5000,0,1,0,0.000287,0.0,0.0,2,False,False,0,0.0,1
100000006490615100,peripheral,0.0,12,0.05108,"depth=4 cutoff; in_deg=1, in_kzt=41600, out_deg=0; onward transfers unobserved",censored_depth4,1,0,41600,0,6,0,0.000396,0.0,0.0,4,False,True,0,0.0,1
100000006491272100,peripheral,0.0,21,0.049674,"in_deg=1, out_deg=0, in_kzt=26200<500000, in_tx=1, depth=3<4",single_edge_leaf,1,0,26200,0,1,0,0.000291,0.0,0.0,3,False,False,0,0.0,1
100000006491963100,peripheral,0.0,47,0.048232,"depth=4 cutoff; in_deg=1, in_kzt=16000, out_deg=0; onward transfers unobserved",censored_depth4,1,0,16000,0,3,0,0.000295,0.0,0.0,4,False,True,0,0.0,1
100000006492770100,peripheral,0.0,0,0.056859,"no rule: b=0.000020<0.002, in_deg=1, out_deg=1, in_kzt=269000, out_kzt=20000, out/in=0.07, depth=3, seed=0",below_thresholds,1,1,269000,20000,1,1,0.000302,2e-05,0.074349,3,False,False,0,0.074349,2
100000006512787100,peripheral,0.0,0,0.050884,"depth=4 cutoff; in_deg=1, in_kzt=20000, out_deg=0; onward transfers unobserved",censored_depth4,1,0,20000,0,2,0,0.000532,0.0,0.0,4,False,True,0,0.0,1
100000006518161100,transit,0.992852,5,0.515867,"out/in=1.00 in [0.8,1.2]; in_kzt=594200, out_kzt=595899, matched_2d=0.46",not_peripheral,3,2,594200,595899,13,13,0.000814,5.9e-05,1.002859,1,False,False,0,0.456448,4
100000006522972100,peripheral,0.0,10,0.04778,"in_deg=1, out_deg=0, in_kzt=9515<500000, in_tx=1, depth=3<4",single_edge_leaf,1,0,9515,0,1,0,0.000305,0.0,0.0,3,False,False,0,0.0,1
100000006523053100,peripheral,0.0,2,0.049531,"in_deg=1, out_deg=0, in_kzt=5000<500000, in_tx=1, depth=2<4",single_edge_leaf,1,0,5000,0,1,0,0.000541,0.0,0.0,2,False,False,0,0.0,1
100000006527156100,peripheral,0.0,8,0.050463,"depth=4 cutoff; in_deg=1, in_kzt=48500, out_deg=0; onward transfers unobserved",censored_depth4,1,0,48500,0,1,0,0.000297,0.0,0.0,4,False,True,0,0.0,1
100000006530134100,peripheral,0.0,10,0.055606,"no rule: b=0.000000<0.002, in_deg=2, out_deg=0, in_kzt=144663, out_kzt=0, out/in=0.00, depth=3, seed=0",below_thresholds,2,0,144663,0,2,0,0.0003,0.0,0.0,3,False,False,0,0.0,2
100000006532229100,peripheral,0.0,42,0.052547,"in_deg=1, out_deg=0, in_kzt=105000<500000, in_tx=1, depth=3<4",single_edge_leaf,1,0,105000,0,1,0,0.000302,0.0,0.0,3,False,False,0,0.0,1
100000006534886100,peripheral,0.0,5,0.062066,"no rule: b=0.000000<0.002, in_deg=1, out_deg=1, in_kzt=71700, out_kzt=167500, out/in=2.34, depth=2, seed=0",below_thresholds,1,1,71700,167500,5,8,0.001134,0.0,2.336123,2,False,False,0,0.871064,1
100000006557763100,peripheral,0.0,2,0.049123,"in_deg=1, out_deg=0, in_kzt=10000<500000, in_tx=1, depth=2<4",single_edge_leaf,1,0,10000,0,1,0,0.000349,0.0,0.0,2,False,False,0,0.0,1
100000006562026100,peripheral,0.0,83,0.060408,"no rule: b=0.000000<0.002, in_deg=2, out_deg=0, in_kzt=75000, out_kzt=0, out/in=0.00, depth=1, seed=0",below_thresholds,2,0,75000,0,6,0,0.000688,0.0,0.0,1,False,False,0,0.0,2
100000006564102100,peripheral,0.0,2,0.056165,"in_deg=1, out_deg=0, in_kzt=233235<500000, in_tx=1, depth=2<4",single_edge_leaf,1,0,233235,0,1,0,0.00043,0.0,0.0,2,False,False,0,0.0,1
100000006567935100,peripheral,0.0,32,0.054759,"in_deg=1, out_deg=0, in_kzt=200000<500000, in_tx=1, depth=2<4",single_edge_leaf,1,0,200000,0,1,0,0.000312,0.0,0.0,2,False,False,0,0.0,1
100000006573438100,peripheral,0.0,66,0.046457,"in_deg=1, out_deg=0, in_kzt=5000<500000, in_tx=1, depth=3<4",single_edge_leaf,1,0,5000,0,1,0,0.0003,0.0,0.0,3,False,False,0,0.0,1
100000006579678100,peripheral,0.0,5,0.071126,"no rule: b=0.000457<0.002, in_deg=2, out_deg=6, in_kzt=192930, out_kzt=1668800, out/in=8.65, depth=1, seed=0",below_thresholds,2,6,192930,1668800,2,15,0.000628,0.000457,8.649769,1,False,False,1,0.222516,6
100000006595426100,peripheral,0.0,0,0.053269,"in_deg=1, out_deg=0, in_kzt=84800<500000, in_tx=3, depth=2<4",single_edge_leaf,1,0,84800,0,3,0,0.000336,0.0,0.0,2,False,False,0,0.0,1
100000006612238100,peripheral,0.0,21,0.054588,"no rule: b=0.000000<0.002, in_deg=1, out_deg=1, in_kzt=160000, out_kzt=25000, out/in=0.16, depth=2, seed=0",below_thresholds,1,1,160000,25000,1,1,0.000341,0.0,0.15625,2,False,False,1,0.15625,1
100000006638021100,peripheral,0.0,60,0.059373,"depth=4 cutoff; in_deg=2, in_kzt=388500, out_deg=0; onward transfers unobserved",censored_depth4,2,0,388500,0,2,0,0.000547,0.0,0.0,4,False,True,0,-1.0,2
100000006641671100,transit,0.659091,8,0.413601,"out/in=1.14 in [0.8,1.2]; in_kzt=22000, out_kzt=25000, matched_2d=0.91",not_peripheral,2,1,22000,25000,2,3,0.000442,6e-06,1.136364,3,False,False,0,0.909091,3
100000006656003100,peripheral,0.0,21,0.051636,"no rule: b=0.000000<0.002, in_deg=1, out_deg=1, in_kzt=20000, out_kzt=9000, out/in=0.45, depth=1, seed=0",below_thresholds,1,1,20000,9000,1,1,0.000291,0.0,0.45,1,False,False,1,0.45,1
100000006658598100,peripheral,0.0,5,0.050012,"in_deg=1, out_deg=0, in_kzt=9000<500000, in_tx=1, depth=1<4",single_edge_leaf,1,0,9000,0,1,0,0.000288,0.0,0.0,1,False,False,0,0.0,1
100000006664478100,transit,0.772727,49,0.43911,"out/in=1.09 in [0.8,1.2]; in_kzt=55000, out_kzt=60000, matched_2d=0.73",not_peripheral,1,2,55000,60000,3,2,0.00062,1e-06,1.090909,3,False,False,0,0.727273,3
100000006679055100,peripheral,0.0,2,0.050518,"in_deg=1, out_deg=0, in_kzt=25000<500000, in_tx=1, depth=2<4",single_edge_leaf,1,0,25000,0,1,0,0.000302,0.0,0.0,2,False,False,0,0.0,1
100000006684930100,peripheral,0.0,12,0.04867,"in_deg=1, out_deg=0, in_kzt=10000<500000, in_tx=1, depth=2<4",single_edge_leaf,1,0,10000,0,1,0,0.0003,0.0,0.0,2,False,False,0,0.0,1
100000006687202100,peripheral,0.0,0,0.053513,"in_deg=1, out_deg=0, in_kzt=50000<500000, in_tx=1, depth=1<4",single_edge_leaf,1,0,50000,0,1,0,0.000296,0.0,0.0,1,False,False,0,0.0,1
100000006689603100,peripheral,0.0,8,0.054826,"depth=4 cutoff; in_deg=1, in_kzt=400000, out_deg=0; onward transfers unobserved",censored_depth4,1,0,400000,0,2,0,0.000314,0.0,0.0,4,False,True,0,0.0,1
100000006693788100,peripheral,0.0,0,0.049666,"depth=4 cutoff; in_deg=1, in_kzt=10764, out_deg=0; onward transfers unobserved",censored_depth4,1,0,10764,0,1,0,0.000534,0.0,0.0,4,False,True,0,0.0,1
100000006701983100,peripheral,0.0,21,0.049735,"in_deg=1, out_deg=0, in_kzt=27000<500000, in_tx=1, depth=3<4",single_edge_leaf,1,0,27000,0,1,0,0.000291,0.0,0.0,3,False,False,0,0.0,1
100000006704530100,transit,0.875139,14,0.464014,"out/in=0.95 in [0.8,1.2]; in_kzt=450500, out_kzt=428000, matched_2d=0.00",not_peripheral,1,3,450500,428000,1,5,0.0004,6e-05,0.950055,3,False,False,0,0.0,4
100000006706519100,peripheral,0.0,0,0.050753,"depth=4 cutoff; in_deg=1, in_kzt=36000, out_deg=0; onward transfers unobserved",censored_depth4,1,0,36000,0,3,0,0.000392,0.0,0.0,4,False,True,0,0.0,1
100000006707582100,distributor,0.7,11,0.704591,"out_deg=14>=10, out_kzt=961138>=500000; out_tx=15, seed=0",not_peripheral,2,14,39520,961138,2,15,0.00054,0.00037,24.320294,1,False,False,0,0.44332,15
100000006710485100,peripheral,0.0,21,0.049126,"in_deg=1, out_deg=0, in_kzt=20000<500000, in_tx=1, depth=3<4",single_edge_leaf,1,0,20000,0,1,0,0.00029,0.0,0.0,3,False,False,0,0.0,1
100000006714366100,peripheral,0.0,12,0.050281,"no rule: b=0.000020<0.002, in_deg=1, out_deg=1, in_kzt=10500, out_kzt=5000, out/in=0.48, depth=3, seed=0",below_thresholds,1,1,10500,5000,1,1,0.000291,2e-05,0.47619,3,False,False,0,0.47619,2
100000006734214100,peripheral,0.0,10,0.067945,"no rule: b=0.000060<0.002, in_deg=5, out_deg=3, in_kzt=610000, out_kzt=36000, out/in=0.06, depth=3, seed=0",below_thresholds,5,3,610000,36000,10,4,0.000609,6e-05,0.059016,3,False,False,0,0.042623,8
100000006734554100,peripheral,0.0,26,0.054722,"no rule: b=0.000001<0.002, in_deg=1, out_deg=1, in_kzt=16500, out_kzt=25000, out/in=1.52, depth=1, seed=0",below_thresholds,1,1,16500,25000,1,1,0.000313,1e-06,1.515152,1,False,False,0,0.0,2
100000006735545100,peripheral,0.0,8,0.045902,"depth=4 cutoff; in_deg=1, in_kzt=5000, out_deg=0; onward transfers unobserved",censored_depth4,1,0,5000,0,1,0,0.000295,0.0,0.0,4,False,True,0,0.0,1
100000006745291100,peripheral,0.0,11,0.054543,"in_deg=1, out_deg=0, in_kzt=82534<500000, in_tx=1, depth=1<4",single_edge_leaf,1,0,82534,0,1,0,0.000299,0.0,0.0,1,False,False,0,0.0,1
100000006746688100,peripheral,0.0,21,0.050589,"in_deg=1, out_deg=0, in_kzt=41000<500000, in_tx=1, depth=3<4",single_edge_leaf,1,0,41000,0,1,0,0.000293,0.0,0.0,3,False,False,0,0.0,1
100000006755850100,peripheral,0.0,10,0.059516,"in_deg=1, out_deg=0, in_kzt=443476<500000, in_tx=3, depth=2<4",single_edge_leaf,1,0,443476,0,3,0,0.000652,0.0,0.0,2,False,False,0,0.0,1
100000006756956100,peripheral,0.0,0,0.05243,"depth=4 cutoff; in_deg=1, in_kzt=121200, out_deg=0; onward transfers unobserved",censored_depth4,1,0,121200,0,9,0,0.000312,0.0,0.0,4,False,True,0,0.0,1
100000006787636100,peripheral,0.0,5,0.050609,"in_deg=1, out_deg=0, in_kzt=20000<500000, in_tx=1, depth=2<4",single_edge_leaf,1,0,20000,0,1,0,0.00036,0.0,0.0,2,False,False,0,0.0,1
100000006788200100,peripheral,0.0,1,0.06561,"no rule: b=0.000099<0.002, in_deg=4, out_deg=3, in_kzt=272156, out_kzt=64500, out/in=0.24, depth=1, seed=0",below_thresholds,4,3,272156,64500,4,4,0.000339,9.9e-05,0.236997,1,False,False,0,0.0,7
100000006789108100,peripheral,0.0,11,0.052904,"in_deg=1, out_deg=0, in_kzt=37500<500000, in_tx=1, depth=1<4",single_edge_leaf,1,0,37500,0,1,0,0.000293,0.0,0.0,1,False,False,0,0.0,1
100000006831291100,peripheral,0.0,83,0.056023,"no rule: b=0.000000<0.002, in_deg=0, out_deg=1, in_kzt=0, out_kzt=15000, out/in=NA, depth=0, seed=1",below_thresholds,0,1,0,15000,0,3,0.000287,0.0,-1.0,0,True,False,0,-1.0,1
100000006844004100,peripheral,0.0,0,0.051586,"in_deg=1, out_deg=0, in_kzt=20600<500000, in_tx=1, depth=3<4",single_edge_leaf,1,0,20600,0,1,0,0.000548,0.0,0.0,3,False,False,0,0.0,1
100000006844768100,peripheral,0.0,0,0.067827,"no rule: b=0.000040<0.002, in_deg=1, out_deg=2, in_kzt=282000, out_kzt=188000, out/in=0.67, depth=2, seed=0",below_thresholds,1,2,282000,188000,5,5,0.00138,4e-05,0.666667,2,False,False,0,0.223404,2
100000006852430100,peripheral,0.0,11,0.053502,"in_deg=1, out_deg=0, in_kzt=37000<500000, in_tx=1, depth=2<4",single_edge_leaf,1,0,37000,0,1,0,0.000539,0.0,0.0,2,False,False,0,0.0,1
100000006866783100,coordinator,1.0,0,0.881414,"directed betweenness=0.006149>=0.002; in_deg=13, out_deg=67, hub_targets=7",not_peripheral,13,67,838812,3948037,31,90,0.000874,0.006149,4.706701,0,True,False,7,1.0,67
100000006866831100,peripheral,0.0,0,0.048981,"depth=4 cutoff; in_deg=1, in_kzt=16500, out_deg=0; onward transfers unobserved",censored_depth4,1,0,16500,0,1,0,0.000369,0.0,0.0,4,False,True,0,0.0,1
100000006882208100,peripheral,0.0,5,0.052204,"in_deg=1, out_deg=0, in_kzt=18000<500000, in_tx=1, depth=3<4",single_edge_leaf,1,0,18000,0,1,0,0.000643,0.0,0.0,3,False,False,0,0.0,1
100000006888238100,peripheral,0.0,53,0.056204,"no rule: b=0.000000<0.002, in_deg=1, out_deg=1, in_kzt=18000, out_kzt=30000, out/in=1.67, depth=2, seed=0",below_thresholds,1,1,18000,30000,1,1,0.000612,0.0,1.666667,2,False,False,0,0.0,2
100000006889963100,consolidator,0.666667,10,0.680384,"in_deg=4>=2*out_deg(1); in_kzt=1431000>=100000, out_kzt=443476, out/in=0.31",not_peripheral,4,1,1431000,443476,6,3,0.000429,2.6e-05,0.309906,1,False,False,0,0.309906,5
100000006894637100,peripheral,0.0,0,0.051079,"in_deg=1, out_deg=0, in_kzt=52831<500000, in_tx=1, depth=3<4",single_edge_leaf,1,0,52831,0,1,0,0.000292,0.0,0.0,3,False,False,0,0.0,1
100000006901046100,peripheral,0.0,5,0.069917,"no rule: b=0.000000<0.002, in_deg=1, out_deg=1, in_kzt=75800, out_kzt=5500, out/in=0.07, depth=2, seed=0",below_thresholds,1,1,75800,5500,3,1,0.003045,0.0,0.072559,2,False,False,0,0.0,1
100000006903193100,peripheral,0.0,0,0.047153,"depth=4 cutoff; in_deg=1, in_kzt=9000, out_deg=0; onward transfers unobserved",censored_depth4,1,0,9000,0,1,0,0.000303,0.0,0.0,4,False,True,0,0.0,1
100000006912294100,peripheral,0.0,4,0.055205,"no rule: b=0.000001<0.002, in_deg=1, out_deg=2, in_kzt=6335, out_kzt=30000, out/in=4.74, depth=2, seed=0",below_thresholds,1,2,6335,30000,1,2,0.000505,1e-06,4.735529,2,False,False,0,0.0,2
100000006918814100,peripheral,0.0,2,0.048772,"depth=4 cutoff; in_deg=1, in_kzt=20000, out_deg=0; onward transfers unobserved",censored_depth4,1,0,20000,0,2,0,0.000306,0.0,0.0,4,False,True,0,0.0,1
100000006919124100,peripheral,0.0,0,0.049555,"in_deg=1, out_deg=0, in_kzt=25000<500000, in_tx=1, depth=3<4",single_edge_leaf,1,0,25000,0,1,0,0.000288,0.0,0.0,3,False,False,0,0.0,1
100000006952718100,peripheral,0.0,5,0.054211,"in_deg=1, out_deg=0, in_kzt=71489<500000, in_tx=1, depth=1<4",single_edge_leaf,1,0,71489,0,1,0,0.000295,0.0,0.0,1,False,False,0,0.0,1
100000006965162100,peripheral,0.0,15,0.047935,"in_deg=1, out_deg=0, in_kzt=10000<500000, in_tx=1, depth=3<4",single_edge_leaf,1,0,10000,0,1,0,0.000311,0.0,0.0,3,False,False,0,0.0,1
100000006967370100,peripheral,0.0,27,0.052618,"no rule: b=0.000020<0.002, in_deg=1, out_deg=1, in_kzt=33225, out_kzt=13526, out/in=0.41, depth=3, seed=0",below_thresholds,1,1,33225,13526,1,1,0.000295,2e-05,0.407111,3,False,False,0,0.407111,2
100000006972210100,consolidator,0.5,4,0.627037,"in_deg=3>=3, in_kzt=488775>=100000; out_deg=0, out_kzt=0, depth=1<4; no observed onward transfers",not_peripheral,3,0,488775,0,4,0,0.000348,0.0,0.0,1,False,False,0,0.0,3
100000006977207100,distributor,0.75,34,0.699132,"out_deg=15>=10, out_kzt=4157018>=500000; out_tx=15, seed=0",not_peripheral,1,15,414000,4157018,1,15,0.000349,3.3e-05,10.041106,2,False,False,0,0.0,16
100000006989106100,peripheral,0.0,1,0.054216,"in_deg=1, out_deg=0, in_kzt=64000<500000, in_tx=2, depth=2<4",single_edge_leaf,1,0,64000,0,2,0,0.000498,0.0,0.0,2,False,False,0,0.0,1
100000006989232100,peripheral,0.0,0,0.049323,"in_deg=1, out_deg=0, in_kzt=22194<500000, in_tx=1, depth=3<4",single_edge_leaf,1,0,22194,0,1,0,0.000289,0.0,0.0,3,False,False,0,0.0,1
100000006994985100,peripheral,0.0,1,0.05615,"no rule: b=0.000020<0.002, in_deg=1, out_deg=1, in_kzt=48500, out_kzt=10200, out/in=0.21, depth=2, seed=0",below_thresholds,1,1,48500,10200,2,2,0.000504,2e-05,0.210309,2,False,False,0,0.210309,2
100000007005380100,peripheral,0.0,10,0.047754,"in_deg=1, out_deg=0, in_kzt=9400<500000, in_tx=1, depth=3<4",single_edge_leaf,1,0,9400,0,1,0,0.000304,0.0,0.0,3,False,False,0,0.0,1
100000007018630100,peripheral,0.0,36,0.061192,"no rule: b=0.000000<0.002, in_deg=0, out_deg=1, in_kzt=0, out_kzt=200000, out/in=NA, depth=0, seed=1",below_thresholds,0,1,0,200000,0,5,0.000287,0.0,-1.0,0,True,False,0,-1.0,1
100000007020162100,peripheral,0.0,40,0.052245,"in_deg=1, out_deg=0, in_kzt=86395<500000, in_tx=1, depth=3<4",single_edge_leaf,1,0,86395,0,1,0,0.000311,0.0,0.0,3,False,False,0,0.0,1
100000007022818100,peripheral,0.0,21,0.048821,"in_deg=1, out_deg=0, in_kzt=17200<500000, in_tx=1, depth=3<4",single_edge_leaf,1,0,17200,0,1,0,0.00029,0.0,0.0,3,False,False,0,0.0,1
100000007034089100,peripheral,0.0,4,0.055938,"depth=4 cutoff; in_deg=2, in_kzt=198000, out_deg=0; onward transfers unobserved",censored_depth4,2,0,198000,0,2,0,0.000323,0.0,0.0,4,False,True,0,0.0,2
100000007042175100,peripheral,0.0,0,0.053113,"depth=4 cutoff; in_deg=1, in_kzt=60000, out_deg=0; onward transfers unobserved",censored_depth4,1,0,60000,0,1,0,0.000536,0.0,0.0,4,False,True,0,0.0,1
100000007055802100,consolidator,1.0,0,0.767127,"in_deg=6>=2*out_deg(1); in_kzt=2024999>=100000, out_kzt=605000, out/in=0.30",not_peripheral,6,1,2024999,605000,34,7,0.001187,4e-06,0.298766,1,False,False,0,0.201482,6
100000007071852100,peripheral,0.0,8,0.054619,"depth=4 cutoff; in_deg=1, in_kzt=195000, out_deg=0; onward transfers unobserved",censored_depth4,1,0,195000,0,1,0,0.000445,0.0,0.0,4,False,True,0,0.0,1
100000007129492100,peripheral,0.0,11,0.057709,"no rule: b=0.000026<0.002, in_deg=2, out_deg=1, in_kzt=50990, out_kzt=37000, out/in=0.73, depth=1, seed=0",below_thresholds,2,1,50990,37000,2,1,0.000296,2.6e-05,0.725632,1,False,False,0,0.509708,3
100000007131370100,transit,1.0,3,0.417409,"out/in=1.00 in [0.8,1.2]; in_kzt=30000, out_kzt=30000, matched_2d=0.00",not_peripheral,1,1,30000,30000,1,1,0.000904,0.0,1.0,3,False,False,0,0.0,1
100000007138613100,peripheral,0.0,0,0.064144,"no rule: b=0.000040<0.002, in_deg=3, out_deg=2, in_kzt=1002000, out_kzt=179000, out/in=0.18, depth=3, seed=0",below_thresholds,3,2,1002000,179000,3,2,0.000356,4e-05,0.178643,3,False,False,0,0.0,5
100000007140834100,peripheral,0.0,1,0.051744,"in_deg=1, out_deg=0, in_kzt=10200<500000, in_tx=2, depth=3<4",single_edge_leaf,1,0,10200,0,2,0,0.000715,0.0,0.0,3,False,False,0,0.0,1
100000007153161100,peripheral,0.0,0,0.05251,"depth=4 cutoff; in_deg=1, in_kzt=44997, out_deg=0; onward transfers unobserved",censored_depth4,1,0,44997,0,1,0,0.000533,0.0,0.0,4,False,True,0,0.0,1
100000007170072100,transit,0.9875,8,0.425067,"out/in=0.99 in [0.8,1.2]; in_kzt=100000, out_kzt=99500, matched_2d=0.99",not_peripheral,1,2,100000,99500,1,9,0.000309,3.9e-05,0.995,3,False,False,0,0.995,3
100000007173936100,peripheral,0.0,32,0.048559,"in_deg=1, out_deg=0, in_kzt=10000<500000, in_tx=1, depth=2<4",single_edge_leaf,1,0,10000,0,1,0,0.000288,0.0,0.0,2,False,False,0,0.0,1
100000007175718100,peripheral,0.0,56,0.051762,"in_deg=1, out_deg=0, in_kzt=20000<500000, in_tx=1, depth=1<4",single_edge_leaf,1,0,20000,0,1,0,0.000305,0.0,0.0,1,False,False,0,0.0,1
100000007181706100,peripheral,0.0,2,0.058687,"no rule: b=0.000000<0.002, in_deg=2, out_deg=0, in_kzt=176272, out_kzt=0, out/in=0.00, depth=1, seed=0",below_thresholds,2,0,176272,0,2,0,0.00032,0.0,0.0,1,False,False,0,0.0,2
100000007197866100,peripheral,0.0,8,0.051568,"no rule: b=0.000020<0.002, in_deg=1, out_deg=1, in_kzt=20000, out_kzt=15000, out/in=0.75, depth=3, seed=0",below_thresholds,1,1,20000,15000,1,1,0.000291,2e-05,0.75,3,False,False,0,0.75,2
100000007229557100,consolidator,0.5,46,0.618208,"in_deg=3>=3, in_kzt=878000>=100000; out_deg=0, out_kzt=0, depth=3<4; no observed onward transfers",not_peripheral,3,0,878000,0,3,0,0.000396,0.0,0.0,3,False,False,0,0.0,3
100000007242833100,peripheral,0.0,7,0.057855,"no rule: b=0.000020<0.002, in_deg=1, out_deg=1, in_kzt=107500, out_kzt=45000, out/in=0.42, depth=2, seed=0",below_thresholds,1,1,107500,45000,3,2,0.000516,2e-05,0.418605,2,False,False,0,0.418605,2
100000007267915100,peripheral,0.0,27,0.053409,"no rule: b=0.000002<0.002, in_deg=2, out_deg=1, in_kzt=21000, out_kzt=10000, out/in=0.48, depth=3, seed=0",below_thresholds,2,1,21000,10000,3,1,0.000293,2e-06,0.47619,3,False,False,0,0.238095,3
100000007274584100,peripheral,0.0,2,0.052949,"in_deg=1, out_deg=0, in_kzt=38000<500000, in_tx=1, depth=1<4",single_edge_leaf,1,0,38000,0,1,0,0.000294,0.0,0.0,1,False,False,0,0.0,1
100000007281639100,peripheral,0.0,5,0.059142,"no rule: b=0.000000<0.002, in_deg=2, out_deg=0, in_kzt=216770, out_kzt=0, out/in=0.00, depth=1, seed=0",below_thresholds,2,0,216770,0,4,0,0.000325,0.0,0.0,1,False,False,0,0.0,2
100000007283257100,peripheral,0.0,73,0.057079,"in_deg=1, out_deg=0, in_kzt=192000<500000, in_tx=7, depth=1<4",single_edge_leaf,1,0,192000,0,7,0,0.000391,0.0,0.0,1,False,False,0,0.0,1
100000007289427100,peripheral,0.0,2,0.049784,"in_deg=1, out_deg=0, in_kzt=12300<500000, in_tx=1, depth=2<4",single_edge_leaf,1,0,12300,0,1,0,0.000375,0.0,0.0,2,False,False,0,0.0,1
100000007303047100,peripheral,0.0,21,0.051089,"in_deg=1, out_deg=0, in_kzt=52250<500000, in_tx=1, depth=3<4",single_edge_leaf,1,0,52250,0,1,0,0.000295,0.0,0.0,3,False,False,0,0.0,1
100000007311010100,peripheral,0.0,2,0.058316,"no rule: b=0.000024<0.002, in_deg=2, out_deg=1, in_kzt=64480, out_kzt=20000, out/in=0.31, depth=1, seed=0",below_thresholds,2,1,64480,20000,2,1,0.000311,2.4e-05,0.310174,1,False,False,0,0.0,3
100000007322059100,peripheral,0.0,41,0.056794,"no rule: b=0.000041<0.002, in_deg=2, out_deg=1, in_kzt=29000, out_kzt=22500, out/in=0.78, depth=2, seed=0",below_thresholds,2,1,29000,22500,2,2,0.000683,4.1e-05,0.775862,2,False,False,0,0.534483,2
100000007330432100,peripheral,0.0,84,0.057696,"depth=4 cutoff; in_deg=1, in_kzt=584900, out_deg=0; onward transfers unobserved",censored_depth4,1,0,584900,0,1,0,0.000541,0.0,0.0,4,False,True,0,0.0,1
100000007333038100,peripheral,0.0,23,0.054506,"no rule: b=0.000002<0.002, in_deg=1, out_deg=2, in_kzt=17500, out_kzt=34994, out/in=2.00, depth=3, seed=0",below_thresholds,1,2,17500,34994,1,2,0.000301,2e-06,1.999657,3,False,False,0,0.0,3
100000007334196100,peripheral,0.0,11,0.055831,"in_deg=1, out_deg=0, in_kzt=150002<500000, in_tx=1, depth=1<4",single_edge_leaf,1,0,150002,0,1,0,0.00031,0.0,0.0,1,False,False,0,0.0,1
100000007337374100,peripheral,0.0,21,0.049994,"in_deg=1, out_deg=0, in_kzt=20000<500000, in_tx=2, depth=2<4",single_edge_leaf,1,0,20000,0,2,0,0.000294,0.0,0.0,2,False,False,0,0.0,1
100000007347733100,peripheral,0.0,83,0.052439,"in_deg=1, out_deg=0, in_kzt=23007<500000, in_tx=1, depth=1<4",single_edge_leaf,1,0,23007,0,1,0,0.000347,0.0,0.0,1,False,False,0,-1.0,1
100000007357489100,peripheral,0.0,4,0.055492,"depth=4 cutoff; in_deg=2, in_kzt=164500, out_deg=0; onward transfers unobserved",censored_depth4,2,0,164500,0,2,0,0.000314,0.0,0.0,4,False,True,0,0.0,2
100000007381662100,peripheral,0.0,0,0.047509,"depth=4 cutoff; in_deg=1, in_kzt=11000, out_deg=0; onward transfers unobserved",censored_depth4,1,0,11000,0,1,0,0.000298,0.0,0.0,4,False,True,0,-1.0,1
100000007382152100,peripheral,0.0,0,0.047489,"in_deg=1, out_deg=0, in_kzt=5860<500000, in_tx=1, depth=2<4",single_edge_leaf,1,0,5860,0,1,0,0.000288,0.0,0.0,2,False,False,0,-1.0,1
100000007382543100,peripheral,0.0,15,0.072018,"no rule: b=0.000249<0.002, in_deg=3, out_deg=5, in_kzt=218000, out_kzt=427000, out/in=1.96, depth=2, seed=0",below_thresholds,3,5,218000,427000,3,8,0.001195,0.000249,1.958716,2,False,False,0,0.458716,6
100000007390016100,peripheral,0.0,85,0.070306,"no rule: b=0.000000<0.002, in_deg=1, out_deg=1, in_kzt=511000, out_kzt=346500, out/in=0.68, depth=3, seed=0",below_thresholds,1,1,511000,346500,13,14,0.00187,0.0,0.678082,3,False,False,0,0.381605,1
100000007392365100,peripheral,0.0,65,0.066364,"no rule: b=0.000117<0.002, in_deg=1, out_deg=6, in_kzt=9613, out_kzt=1765600, out/in=183.67, depth=3, seed=0",below_thresholds,1,6,9613,1765600,1,9,0.000287,0.000117,183.66795,3,False,False,0,0.0,7
100000007442518100,peripheral,0.0,32,0.077322,"no rule: b=0.000257<0.002, in_deg=5, out_deg=9, in_kzt=510000, out_kzt=4419999, out/in=8.67, depth=1, seed=0",below_thresholds,5,9,510000,4419999,8,12,0.000652,0.000257,8.666665,1,False,False,0,0.656863,14
100000007472293100,peripheral,0.0,60,0.060292,"no rule: b=0.000049<0.002, in_deg=1, out_deg=3, in_kzt=5000, out_kzt=345900, out/in=69.18, depth=3, seed=0",below_thresholds,1,3,5000,345900,1,3,0.000288,4.9e-05,69.18,3,False,False,0,0.0,4
100000007484343100,peripheral,0.0,0,0.052145,"no rule: b=0.000000<0.002, in_deg=2, out_deg=0, in_kzt=26757, out_kzt=0, out/in=0.00, depth=3, seed=0",below_thresholds,2,0,26757,0,2,0,0.00029,0.0,0.0,3,False,False,0,0.0,2
100000007487729100,peripheral,0.0,0,0.049622,"in_deg=1, out_deg=0, in_kzt=25000<500000, in_tx=1, depth=3<4",single_edge_leaf,1,0,25000,0,1,0,0.000295,0.0,0.0,3,False,False,0,0.0,1
100000007507343100,peripheral,0.0,58,0.06076,"in_deg=1, out_deg=0, in_kzt=370000<500000, in_tx=1, depth=1<4",single_edge_leaf,1,0,370000,0,1,0,0.000646,0.0,0.0,1,False,False,0,0.0,1
100000007510567100,peripheral,0.0,17,0.050686,"depth=4 cutoff; in_deg=1, in_kzt=52000, out_deg=0; onward transfers unobserved",censored_depth4,1,0,52000,0,1,0,0.000306,0.0,0.0,4,False,True,0,0.0,1
100000007510875100,peripheral,0.0,4,0.046992,"in_deg=1, out_deg=0, in_kzt=5000<500000, in_tx=1, depth=3<4",single_edge_leaf,1,0,5000,0,1,0,0.000358,0.0,0.0,3,False,False,0,0.0,1
100000007511163100,peripheral,0.0,5,0.060419,"no rule: b=0.000139<0.002, in_deg=2, out_deg=3, in_kzt=63666, out_kzt=82052, out/in=1.29, depth=1, seed=0",below_thresholds,2,3,63666,82052,2,3,0.000341,0.000139,1.288788,1,False,False,1,0.769642,4
100000007511780100,peripheral,0.0,37,0.055232,"depth=4 cutoff; in_deg=1, in_kzt=155000, out_deg=0; onward transfers unobserved",censored_depth4,1,0,155000,0,2,0,0.000561,0.0,0.0,4,False,True,0,0.0,1
100000007534354100,peripheral,0.0,11,0.05959,"no rule: b=0.000002<0.002, in_deg=1, out_deg=3, in_kzt=50000, out_kzt=147810, out/in=2.96, depth=2, seed=0",below_thresholds,1,3,50000,147810,1,3,0.000305,2e-06,2.9562,2,False,False,0,0.0,4
100000007536804100,peripheral,0.0,1,0.059023,"no rule: b=0.000001<0.002, in_deg=1, out_deg=2, in_kzt=100000, out_kzt=55000, out/in=0.55, depth=1, seed=0",below_thresholds,1,2,100000,55000,1,2,0.000293,1e-06,0.55,1,False,False,0,0.45,3
100000007539296100,peripheral,0.0,10,0.052801,"depth=4 cutoff; in_deg=1, in_kzt=46000, out_deg=0; onward transfers unobserved",censored_depth4,1,0,46000,0,2,0,0.00056,0.0,0.0,4,False,True,0,0.0,1
100000007544358100,transit,0.786822,5,0.464877,"out/in=1.09 in [0.8,1.2]; in_kzt=322500, out_kzt=350000, matched_2d=0.07",not_peripheral,2,1,322500,350000,2,3,0.000342,2e-05,1.085271,1,False,False,0,0.069767,3
100000007591246100,peripheral,0.0,12,0.055221,"no rule: b=0.000001<0.002, in_deg=1, out_deg=1, in_kzt=12190, out_kzt=120000, out/in=9.84, depth=3, seed=0",below_thresholds,1,1,12190,120000,1,1,0.000299,1e-06,9.844135,3,False,False,0,0.0,2
100000007593823100,peripheral,0.0,0,0.06581,"no rule: b=0.000693<0.002, in_deg=3, out_deg=13, in_kzt=25000, out_kzt=162900, out/in=6.52, depth=3, seed=0",below_thresholds,3,13,25000,162900,3,21,0.000292,0.000693,6.516,3,False,False,2,0.6,15
100000007594394100,consolidator,1.0,43,0.688068,"in_deg=6>=2*out_deg(1); in_kzt=395385>=100000, out_kzt=3376312, out/in=8.54",not_peripheral,6,1,395385,3376312,6,40,0.000407,3.7e-05,8.539302,2,False,False,0,1.0,6
100000007597382100,peripheral,0.0,10,0.048618,"in_deg=1, out_deg=0, in_kzt=15700<500000, in_tx=1, depth=3<4",single_edge_leaf,1,0,15700,0,1,0,0.000287,0.0,0.0,3,False,False,0,0.0,1
100000007617808100,peripheral,0.0,5,0.056841,"in_deg=1, out_deg=0, in_kzt=450000<500000, in_tx=1, depth=2<4",single_edge_leaf,1,0,450000,0,1,0,0.000362,0.0,0.0,2,False,False,0,0.0,1
100000007618425100,peripheral,0.0,27,0.050536,"in_deg=1, out_deg=0, in_kzt=39348<500000, in_tx=1, depth=3<4",single_edge_leaf,1,0,39348,0,1,0,0.000296,0.0,0.0,3,False,False,0,0.0,1
100000007629096100,consolidator,0.666667,37,0.807099,"in_deg=4>=2*out_deg(1); in_kzt=1075170>=100000, out_kzt=765205, out/in=0.71",not_peripheral,4,1,1075170,765205,5,5,0.002502,1.6e-05,0.711706,2,False,False,0,0.374098,4
100000007629121100,peripheral,0.0,2,0.051705,"in_deg=1, out_deg=0, in_kzt=29000<500000, in_tx=1, depth=2<4",single_edge_leaf,1,0,29000,0,1,0,0.000398,0.0,0.0,2,False,False,0,0.0,1
100000007631637100,peripheral,0.0,21,0.051098,"in_deg=1, out_deg=0, in_kzt=15341<500000, in_tx=1, depth=1<4",single_edge_leaf,1,0,15341,0,1,0,0.00029,0.0,0.0,1,False,False,0,0.0,1
100000007639767100,coordinator,0.638561,37,0.69916,"directed betweenness=0.002554>=0.002; in_deg=4, out_deg=10, hub_targets=6",not_peripheral,4,10,90913,822244,4,13,0.000303,0.002554,9.044295,1,False,False,6,0.440278,11
100000007641183100,peripheral,0.0,5,0.052296,"in_deg=1, out_deg=0, in_kzt=28000<500000, in_tx=1, depth=1<4",single_edge_leaf,1,0,28000,0,1,0,0.00029,0.0,0.0,1,False,False,0,0.0,1
100000007641801100,peripheral,0.0,1,0.056299,"in_deg=1, out_deg=0, in_kzt=200000<500000, in_tx=1, depth=1<4",single_edge_leaf,1,0,200000,0,1,0,0.000298,0.0,0.0,1,False,False,0,0.0,1
100000007647294100,peripheral,0.0,38,0.057745,"in_deg=1, out_deg=0, in_kzt=385000<500000, in_tx=1, depth=3<4",single_edge_leaf,1,0,385000,0,1,0,0.000582,0.0,0.0,3,False,False,0,0.0,1
100000007648946100,peripheral,0.0,12,0.05451,"no rule: b=0.000003<0.002, in_deg=1, out_deg=1, in_kzt=19550, out_kzt=25000, out/in=1.28, depth=1, seed=0",below_thresholds,1,1,19550,25000,1,1,0.000291,3e-06,1.278772,1,False,False,0,0.0,2
100000007653003100,peripheral,0.0,27,0.052456,"in_deg=1, out_deg=0, in_kzt=100000<500000, in_tx=1, depth=3<4",single_edge_leaf,1,0,100000,0,1,0,0.000303,0.0,0.0,3,False,False,0,0.0,1
100000007653094100,peripheral,0.0,12,0.050862,"depth=4 cutoff; in_deg=1, in_kzt=16000, out_deg=0; onward transfers unobserved",censored_depth4,1,0,16000,0,1,0,0.000578,0.0,0.0,4,False,True,0,0.0,1
100000007689942100,peripheral,0.0,43,0.057655,"no rule: b=0.000020<0.002, in_deg=1, out_deg=2, in_kzt=5000, out_kzt=25000, out/in=5.00, depth=3, seed=0",below_thresholds,1,2,5000,25000,1,2,0.000897,2e-05,5.0,3,False,False,0,0.0,2
100000007731977100,peripheral,0.0,0,0.050904,"depth=4 cutoff; in_deg=1, in_kzt=50000, out_deg=0; onward transfers unobserved",censored_depth4,1,0,50000,0,1,0,0.000338,0.0,0.0,4,False,True,0,0.0,1
100000007737775100,peripheral,0.0,54,0.046858,"in_deg=1, out_deg=0, in_kzt=6000<500000, in_tx=1, depth=3<4",single_edge_leaf,1,0,6000,0,1,0,0.000304,0.0,0.0,3,False,False,0,0.0,1
100000007745062100,peripheral,0.0,7,0.054986,"depth=4 cutoff; in_deg=1, in_kzt=100000, out_deg=0; onward transfers unobserved",censored_depth4,1,0,100000,0,1,0,0.000628,0.0,0.0,4,False,True,0,0.0,1
100000007747786100,distributor,1.0,1,0.785381,"out_deg=31>=10, out_kzt=4238009>=500000; out_tx=35, seed=1",not_peripheral,0,31,0,4238009,0,35,0.000287,0.0,-1.0,0,True,False,0,-1.0,31
100000007749092100,peripheral,0.0,5,0.066809,"no rule: b=0.000000<0.002, in_deg=1, out_deg=1, in_kzt=7650, out_kzt=70375, out/in=9.20, depth=2, seed=0",below_thresholds,1,1,7650,70375,1,5,0.001829,0.0,9.199346,2,False,False,0,0.0,1
100000007749747100,peripheral,0.0,42,0.051904,"depth=4 cutoff; in_deg=1, in_kzt=50000, out_deg=0; onward transfers unobserved",censored_depth4,1,0,50000,0,1,0,0.000446,0.0,0.0,4,False,True,0,0.0,1
100000007754369100,peripheral,0.0,0,0.051991,"in_deg=1, out_deg=0, in_kzt=82424<500000, in_tx=1, depth=3<4",single_edge_leaf,1,0,82424,0,1,0,0.000294,0.0,0.0,3,False,False,0,0.0,1
100000007777377100,peripheral,0.0,5,0.061039,"no rule: b=0.000138<0.002, in_deg=1, out_deg=2, in_kzt=456290, out_kzt=10000, out/in=0.02, depth=2, seed=0",below_thresholds,1,2,456290,10000,7,2,0.000363,0.000138,0.021916,2,False,False,0,0.021916,3
100000007793871100,peripheral,0.0,11,0.053377,"in_deg=1, out_deg=0, in_kzt=26000<500000, in_tx=3, depth=3<4",single_edge_leaf,1,0,26000,0,3,0,0.00069,0.0,0.0,3,False,False,0,0.0,1
100000007797290100,peripheral,0.0,0,0.055721,"no rule: b=0.000020<0.002, in_deg=1, out_deg=1, in_kzt=100000, out_kzt=20000, out/in=0.20, depth=2, seed=0",below_thresholds,1,1,100000,20000,1,1,0.000302,2e-05,0.2,2,False,False,0,0.0,2
100000007811950100,peripheral,0.0,13,0.052863,"depth=4 cutoff; in_deg=1, in_kzt=50000, out_deg=0; onward transfers unobserved",censored_depth4,1,0,50000,0,1,0,0.000549,0.0,0.0,4,False,True,0,-1.0,1
100000007841978100,peripheral,0.0,10,0.056871,"depth=4 cutoff; in_deg=1, in_kzt=449000, out_deg=0; onward transfers unobserved",censored_depth4,1,0,449000,0,1,0,0.000509,0.0,0.0,4,False,True,0,-1.0,1
100000007861311100,peripheral,0.0,1,0.052231,"in_deg=1, out_deg=0, in_kzt=45000<500000, in_tx=1, depth=2<4",single_edge_leaf,1,0,45000,0,1,0,0.00036,0.0,0.0,2,False,False,0,0.0,1
100000007863304100,peripheral,0.0,10,0.04955,"in_deg=1, out_deg=0, in_kzt=25000<500000, in_tx=1, depth=3<4",single_edge_leaf,1,0,25000,0,1,0,0.000288,0.0,0.0,3,False,False,0,0.0,1
100000007864477100,peripheral,0.0,0,0.062934,"no rule: b=0.000077<0.002, in_deg=2, out_deg=6, in_kzt=76000, out_kzt=203500, out/in=2.68, depth=3, seed=0",below_thresholds,2,6,76000,203500,2,10,0.000306,7.7e-05,2.677632,3,False,False,1,0.921053,8
100000007865484100,peripheral,0.0,65,0.056087,"depth=4 cutoff; in_deg=1, in_kzt=584600, out_deg=0; onward transfers unobserved",censored_depth4,1,0,584600,0,2,0,0.000368,0.0,0.0,4,False,True,0,0.0,1
100000007867364100,peripheral,0.0,43,0.051597,"depth=4 cutoff; in_deg=1, in_kzt=41852, out_deg=0; onward transfers unobserved",censored_depth4,1,0,41852,0,1,0,0.000451,0.0,0.0,4,False,True,0,0.0,1
100000007898453100,peripheral,0.0,2,0.058341,"no rule: b=0.000024<0.002, in_deg=1, out_deg=2, in_kzt=24750, out_kzt=320000, out/in=12.93, depth=2, seed=0",below_thresholds,1,2,24750,320000,1,2,0.000334,2.4e-05,12.929293,2,False,False,0,1.0,2
100000007908818100,peripheral,0.0,2,0.070776,"no rule: b=0.000181<0.002, in_deg=4, out_deg=6, in_kzt=727475, out_kzt=302000, out/in=0.42, depth=1, seed=0",below_thresholds,4,6,727475,302000,4,13,0.000477,0.000181,0.415135,1,False,False,0,0.020619,10
100000007930878100,peripheral,0.0,22,0.049016,"in_deg=1, out_deg=0, in_kzt=5000<500000, in_tx=1, depth=2<4",single_edge_leaf,1,0,5000,0,1,0,0.000486,0.0,0.0,2,False,False,0,0.0,1
100000007938486100,peripheral,0.0,21,0.053032,"in_deg=1, out_deg=0, in_kzt=39500<500000, in_tx=1, depth=1<4",single_edge_leaf,1,0,39500,0,1,0,0.000295,0.0,0.0,1,False,False,0,0.0,1
100000007939160100,peripheral,0.0,22,0.064931,"no rule: b=0.000000<0.002, in_deg=1, out_deg=2, in_kzt=795000, out_kzt=14300, out/in=0.02, depth=1, seed=0",below_thresholds,1,2,795000,14300,2,2,0.000668,0.0,0.017987,1,False,False,0,0.0,2
100000007953156100,peripheral,0.0,40,0.053951,"no rule: b=0.000020<0.002, in_deg=1, out_deg=1, in_kzt=18000, out_kzt=10000, out/in=0.56, depth=2, seed=0",below_thresholds,1,1,18000,10000,1,1,0.00048,2e-05,0.555556,2,False,False,0,0.0,2
100000007960337100,peripheral,0.0,8,0.049903,"depth=4 cutoff; in_deg=1, in_kzt=35500, out_deg=0; onward transfers unobserved",censored_depth4,1,0,35500,0,1,0,0.000304,0.0,0.0,4,False,True,0,0.0,1
100000007982728100,peripheral,0.0,1,0.074609,"no rule: b=0.000000<0.002, in_deg=0, out_deg=8, in_kzt=0, out_kzt=1804384, out/in=NA, depth=0, seed=1",below_thresholds,0,8,0,1804384,0,12,0.000287,0.0,-1.0,0,True,False,1,-1.0,8
100000007982908100,peripheral,0.0,21,0.050909,"in_deg=1, out_deg=0, in_kzt=31080<500000, in_tx=1, depth=2<4",single_edge_leaf,1,0,31080,0,1,0,0.000297,0.0,0.0,2,False,False,0,0.0,1
100000007988344100,peripheral,0.0,0,0.04955,"depth=4 cutoff; in_deg=1, in_kzt=20000, out_deg=0; onward transfers unobserved",censored_depth4,1,0,20000,0,3,0,0.000389,0.0,0.0,4,False,True,0,0.0,1
100000007997939100,peripheral,0.0,4,0.048414,"depth=4 cutoff; in_deg=1, in_kzt=13000, out_deg=0; onward transfers unobserved",censored_depth4,1,0,13000,0,1,0,0.00036,0.0,0.0,4,False,True,0,0.0,1
100000007998965100,consolidator,0.833333,11,0.644446,"in_deg=5>=2*out_deg(1); in_kzt=278000>=100000, out_kzt=26000, out/in=0.09",not_peripheral,5,1,278000,26000,7,3,0.000474,2e-05,0.093525,2,False,False,0,0.035971,6
100000007999728100,peripheral,0.0,40,0.049459,"in_deg=1, out_deg=0, in_kzt=23250<500000, in_tx=1, depth=3<4",single_edge_leaf,1,0,23250,0,1,0,0.000293,0.0,0.0,3,False,False,0,0.0,1
100000008002020100,peripheral,0.0,7,0.056752,"no rule: b=0.000002<0.002, in_deg=1, out_deg=1, in_kzt=73860, out_kzt=17000, out/in=0.23, depth=1, seed=0",below_thresholds,1,1,73860,17000,1,1,0.000299,2e-06,0.230165,1,False,False,0,0.0,2
100000008003034100,coordinator,0.506821,12,0.620138,"directed betweenness=0.002027>=0.002; in_deg=1, out_deg=4, hub_targets=2",not_peripheral,1,4,12201,135000,1,4,0.000288,0.002027,11.064667,1,False,False,2,1.0,5
100000008008463100,peripheral,0.0,1,0.052015,"in_deg=1, out_deg=0, in_kzt=54180<500000, in_tx=1, depth=2<4",single_edge_leaf,1,0,54180,0,1,0,0.000297,0.0,0.0,2,False,False,0,0.0,1
100000008011159100,peripheral,0.0,66,0.065911,"no rule: b=0.000124<0.002, in_deg=3, out_deg=5, in_kzt=363000, out_kzt=153037, out/in=0.42, depth=2, seed=0",below_thresholds,3,5,363000,153037,6,5,0.000488,0.000124,0.42159,2,False,False,0,0.046832,7
100000008011573100,peripheral,0.0,27,0.048557,"in_deg=1, out_deg=0, in_kzt=15000<500000, in_tx=1, depth=3<4",single_edge_leaf,1,0,15000,0,1,0,0.00029,0.0,0.0,3,False,False,0,0.0,1
100000008027922100,peripheral,0.0,28,0.053126,"depth=4 cutoff; in_deg=1, in_kzt=70000, out_deg=0; onward transfers unobserved",censored_depth4,1,0,70000,0,1,0,0.000505,0.0,0.0,4,False,True,0,0.0,1
100000008028628100,peripheral,0.0,21,0.053807,"in_deg=1, out_deg=0, in_kzt=57224<500000, in_tx=1, depth=1<4",single_edge_leaf,1,0,57224,0,1,0,0.000299,0.0,0.0,1,False,False,0,0.0,1
100000008029279100,peripheral,0.0,8,0.048805,"in_deg=1, out_deg=0, in_kzt=17000<500000, in_tx=1, depth=3<4",single_edge_leaf,1,0,17000,0,1,0,0.00029,0.0,0.0,3,False,False,0,0.0,1
100000008038077100,peripheral,0.0,10,0.055672,"in_deg=1, out_deg=0, in_kzt=499850<500000, in_tx=2, depth=3<4",single_edge_leaf,1,0,499850,0,2,0,0.000303,0.0,0.0,3,False,False,0,0.0,1
100000008042075100,peripheral,0.0,20,0.04639,"in_deg=1, out_deg=0, in_kzt=5000<500000, in_tx=1, depth=3<4",single_edge_leaf,1,0,5000,0,1,0,0.000293,0.0,0.0,3,False,False,0,0.0,1
100000008043184100,peripheral,0.0,27,0.051022,"in_deg=1, out_deg=0, in_kzt=50564<500000, in_tx=1, depth=3<4",single_edge_leaf,1,0,50564,0,1,0,0.000295,0.0,0.0,3,False,False,0,0.0,1
100000008050986100,peripheral,0.0,10,0.051952,"depth=4 cutoff; in_deg=1, in_kzt=95000, out_deg=0; onward transfers unobserved",censored_depth4,1,0,95000,0,2,0,0.000313,0.0,0.0,4,False,True,0,0.0,1
100000008055972100,peripheral,0.0,21,0.049831,"in_deg=1, out_deg=0, in_kzt=28300<500000, in_tx=1, depth=3<4",single_edge_leaf,1,0,28300,0,1,0,0.000291,0.0,0.0,3,False,False,0,0.0,1
100000008060273100,peripheral,0.0,2,0.048672,"in_deg=1, out_deg=0, in_kzt=10000<500000, in_tx=2, depth=2<4",single_edge_leaf,1,0,10000,0,2,0,0.0003,0.0,0.0,2,False,False,0,0.0,1
100000008066326100,peripheral,0.0,0,0.051562,"in_deg=1, out_deg=0, in_kzt=19320<500000, in_tx=1, depth=1<4",single_edge_leaf,1,0,19320,0,1,0,0.00029,0.0,0.0,1,False,False,0,0.0,1
100000008070101100,peripheral,0.0,4,0.052374,"in_deg=1, out_deg=0, in_kzt=100000<500000, in_tx=1, depth=3<4",single_edge_leaf,1,0,100000,0,1,0,0.000294,0.0,0.0,3,False,False,0,0.0,1
100000008071620100,peripheral,0.0,0,0.053383,"in_deg=1, out_deg=0, in_kzt=46968<500000, in_tx=1, depth=1<4",single_edge_leaf,1,0,46968,0,1,0,0.000296,0.0,0.0,1,False,False,0,0.0,1
100000008071749100,peripheral,0.0,17,0.049125,"depth=4 cutoff; in_deg=1, in_kzt=24943, out_deg=0; onward transfers unobserved",censored_depth4,1,0,24943,0,1,0,0.000296,0.0,0.0,4,False,True,0,0.0,1
100000008074304100,peripheral,0.0,10,0.046459,"depth=4 cutoff; in_deg=1, in_kzt=5500, out_deg=0; onward transfers unobserved",censored_depth4,1,0,5500,0,1,0,0.000334,0.0,0.0,4,False,True,0,0.0,1
100000008077552100,peripheral,0.0,8,0.054234,"in_deg=1, out_deg=0, in_kzt=214000<500000, in_tx=1, depth=3<4",single_edge_leaf,1,0,214000,0,1,0,0.000331,0.0,0.0,3,False,False,0,0.0,1
100000008086440100,transit,0.518945,0,0.455779,"out/in=0.81 in [0.8,1.2]; in_kzt=199733, out_kzt=161300, matched_2d=0.19",not_peripheral,1,5,199733,161300,1,6,0.000339,0.000107,0.807578,3,False,False,3,0.190254,5
100000008088082100,peripheral,0.0,12,0.053494,"no rule: b=0.000020<0.002, in_deg=1, out_deg=1, in_kzt=39138, out_kzt=50000, out/in=1.28, depth=3, seed=0",below_thresholds,1,1,39138,50000,1,1,0.000301,2e-05,1.277531,3,False,False,0,0.0,2
100000008094734100,consolidator,0.666667,0,0.625718,"in_deg=4>=3, in_kzt=236249>=100000; out_deg=0, out_kzt=0, depth=1<4; no observed onward transfers",not_peripheral,4,0,236249,0,4,0,0.000346,0.0,0.0,1,False,False,0,0.0,4
100000008097580100,peripheral,0.0,8,0.056109,"no rule: b=0.000000<0.002, in_deg=2, out_deg=0, in_kzt=32000, out_kzt=0, out/in=0.00, depth=3, seed=0",below_thresholds,2,0,32000,0,4,0,0.000678,0.0,0.0,3,False,False,0,0.0,2
100000008104567100,coordinator,0.515182,17,0.617763,"directed betweenness=0.002061>=0.002; in_deg=3, out_deg=3, hub_targets=1",not_peripheral,3,3,53550,40000,3,4,0.00054,0.002061,0.746965,2,False,False,1,0.22409,6
100000008106997100,peripheral,0.0,0,0.055426,"no rule: b=0.000020<0.002, in_deg=2, out_deg=1, in_kzt=35600, out_kzt=20600, out/in=0.58, depth=2, seed=0",below_thresholds,2,1,35600,20600,2,1,0.000307,2e-05,0.578652,2,False,False,0,1.0,3
100000008111003100,consolidator,1.0,0,0.639807,"in_deg=6>=2*out_deg(1); in_kzt=222716>=100000, out_kzt=35000, out/in=0.16",not_peripheral,6,1,222716,35000,9,1,0.000472,0.000897,0.157151,2,False,False,1,0.157151,6
100000008116374100,peripheral,0.0,5,0.052521,"in_deg=1, out_deg=0, in_kzt=31284<500000, in_tx=1, depth=1<4",single_edge_leaf,1,0,31284,0,1,0,0.00029,0.0,0.0,1,False,False,0,0.0,1
100000008117324100,peripheral,0.0,86,0.03,"in_deg=0, out_deg=0, in_kzt=0, out_kzt=0; seed=1; no observed edge",isolate,0,0,0,0,0,0,0.0,0.0,-1.0,0,True,False,0,-1.0,0
100000008121806100,peripheral,0.0,8,0.060858,"no rule: b=0.000794<0.002, in_deg=1, out_deg=4, in_kzt=67000, out_kzt=248509, out/in=3.71, depth=3, seed=0",below_thresholds,1,4,67000,248509,1,6,0.000302,0.000794,3.70909,3,False,False,2,1.0,5
100000008129393100,peripheral,0.0,83,0.050458,"in_deg=1, out_deg=0, in_kzt=10000<500000, in_tx=1, depth=1<4",single_edge_leaf,1,0,10000,0,1,0,0.000313,0.0,0.0,1,False,False,0,-1.0,1
100000008130868100,peripheral,0.0,23,0.05041,"depth=4 cutoff; in_deg=1, in_kzt=22782, out_deg=0; onward transfers unobserved",censored_depth4,1,0,22782,0,1,0,0.000454,0.0,0.0,4,False,True,0,0.0,1
100000008136608100,peripheral,0.0,17,0.055475,"depth=4 cutoff; in_deg=1, in_kzt=170000, out_deg=0; onward transfers unobserved",censored_depth4,1,0,170000,0,1,0,0.000567,0.0,0.0,4,False,True,0,0.0,1
100000008137435100,peripheral,0.0,28,0.069399,"no rule: b=0.000304<0.002, in_deg=2, out_deg=6, in_kzt=93906, out_kzt=1419700, out/in=15.12, depth=1, seed=0",below_thresholds,2,6,93906,1419700,2,7,0.000316,0.000304,15.11831,1,False,False,0,1.0,8
100000008141170100,peripheral,0.0,5,0.051883,"in_deg=1, out_deg=0, in_kzt=11000<500000, in_tx=1, depth=2<4",single_edge_leaf,1,0,11000,0,1,0,0.000625,0.0,0.0,2,False,False,0,0.0,1
100000008144528100,consolidator,0.833333,5,0.716673,"in_deg=5>=3, in_kzt=1068203>=100000; out_deg=0, out_kzt=0, depth=2<4; no observed onward transfers",not_peripheral,5,0,1068203,0,13,0,0.00106,0.0,0.0,2,False,False,0,0.0,5
100000008151098100,peripheral,0.0,14,0.049628,"depth=4 cutoff; in_deg=1, in_kzt=30000, out_deg=0; onward transfers unobserved",censored_depth4,1,0,30000,0,1,0,0.000311,0.0,0.0,4,False,True,0,0.0,1
100000008165763100,distributor,0.85,2,0.774822,"out_deg=17>=10, out_kzt=1267858>=500000; out_tx=17, seed=0",not_peripheral,15,17,1165815,1267858,26,17,0.000914,0.000351,1.087529,1,False,False,0,0.541141,32
100000008168850100,peripheral,0.0,10,0.055383,"depth=4 cutoff; in_deg=1, in_kzt=187910, out_deg=0; onward transfers unobserved",censored_depth4,1,0,187910,0,2,0,0.000535,0.0,0.0,4,False,True,0,0.0,1
100000008169544100,peripheral,0.0,5,0.061076,"no rule: b=0.000120<0.002, in_deg=1, out_deg=4, in_kzt=137104, out_kzt=42800, out/in=0.31, depth=1, seed=0",below_thresholds,1,4,137104,42800,2,7,0.000302,0.00012,0.312172,1,False,False,3,0.089713,4
100000008172352100,peripheral,0.0,41,0.068001,"no rule: b=0.000190<0.002, in_deg=3, out_deg=7, in_kzt=90265, out_kzt=289510, out/in=3.21, depth=1, seed=0",below_thresholds,3,7,90265,289510,3,8,0.000377,0.00019,3.207334,1,False,False,0,1.0,10
100000008172721100,peripheral,0.0,8,0.053874,"depth=4 cutoff; in_deg=1, in_kzt=168335, out_deg=0; onward transfers unobserved",censored_depth4,1,0,168335,0,1,0,0.000397,0.0,0.0,4,False,True,0,0.0,1
100000008173359100,peripheral,0.0,5,0.049237,"in_deg=1, out_deg=0, in_kzt=6110<500000, in_tx=1, depth=1<4",single_edge_leaf,1,0,6110,0,1,0,0.000288,0.0,0.0,1,False,False,0,0.0,1
100000008174521100,peripheral,0.0,5,0.054198,"in_deg=1, out_deg=0, in_kzt=82110<500000, in_tx=1, depth=2<4",single_edge_leaf,1,0,82110,0,1,0,0.000442,0.0,0.0,2,False,False,0,0.0,1
100000008175078100,peripheral,0.0,19,0.059345,"depth=4 cutoff; in_deg=1, in_kzt=1846711, out_deg=0; onward transfers unobserved",censored_depth4,1,0,1846711,0,15,0,0.000471,0.0,0.0,4,False,True,0,0.0,1
100000008183752100,peripheral,0.0,46,0.054768,"depth=4 cutoff; in_deg=1, in_kzt=140000, out_deg=0; onward transfers unobserved",censored_depth4,1,0,140000,0,1,0,0.000533,0.0,0.0,4,False,True,0,0.0,1
100000008188026100,peripheral,0.0,3,0.064887,"no rule: b=0.000083<0.002, in_deg=2, out_deg=4, in_kzt=86468, out_kzt=337983, out/in=3.91, depth=1, seed=0",below_thresholds,2,4,86468,337983,5,4,0.000301,8.3e-05,3.908766,1,False,False,0,0.0,6
100000008190411100,peripheral,0.0,51,0.054473,"depth=4 cutoff; in_deg=1, in_kzt=198450, out_deg=0; onward transfers unobserved",censored_depth4,1,0,198450,0,12,0,0.000426,0.0,0.0,4,False,True,0,0.0,1
100000008190442100,peripheral,0.0,21,0.048256,"in_deg=1, out_deg=0, in_kzt=13000<500000, in_tx=1, depth=3<4",single_edge_leaf,1,0,13000,0,1,0,0.000289,0.0,0.0,3,False,False,0,0.0,1
100000008192264100,transit,0.614581,10,0.420379,"out/in=1.15 in [0.8,1.2]; in_kzt=162810, out_kzt=187910, matched_2d=1.00",not_peripheral,1,1,162810,187910,1,2,0.000292,2e-05,1.154167,3,False,False,0,1.0,2
100000008193258100,peripheral,0.0,27,0.054279,"no rule: b=0.000020<0.002, in_deg=1, out_deg=1, in_kzt=75000, out_kzt=30000, out/in=0.40, depth=3, seed=0",below_thresholds,1,1,75000,30000,2,1,0.000299,2e-05,0.4,3,False,False,0,0.0,2
100000008193577100,peripheral,0.0,9,0.073555,"no rule: b=0.000001<0.002, in_deg=2, out_deg=5, in_kzt=154300, out_kzt=480180, out/in=3.11, depth=1, seed=0",below_thresholds,2,5,154300,480180,6,16,0.001255,1e-06,3.11199,1,False,False,0,0.323979,5
100000008200810100,peripheral,0.0,23,0.05563,"in_deg=1, out_deg=0, in_kzt=475000<500000, in_tx=1, depth=3<4",single_edge_leaf,1,0,475000,0,1,0,0.00031,0.0,0.0,3,False,False,0,0.0,1
100000008205000100,peripheral,0.0,87,0.03,"in_deg=0, out_deg=0, in_kzt=0, out_kzt=0; seed=1; no observed edge",isolate,0,0,0,0,0,0,0.0,0.0,-1.0,0,True,False,0,-1.0,0
100000008205937100,peripheral,0.0,12,0.051478,"in_deg=1, out_deg=0, in_kzt=35000<500000, in_tx=3, depth=2<4",single_edge_leaf,1,0,35000,0,3,0,0.000333,0.0,0.0,2,False,False,0,0.0,1
100000008213966100,consolidator,0.5,15,0.756717,"in_deg=3>=2*out_deg(1); in_kzt=187004>=100000, out_kzt=436900, out/in=2.34",not_peripheral,3,1,187004,436900,7,8,0.001943,4.4e-05,2.336314,2,False,False,0,0.732143,3
100000008219168100,peripheral,0.0,1,0.053578,"in_deg=1, out_deg=0, in_kzt=53200<500000, in_tx=2, depth=1<4",single_edge_leaf,1,0,53200,0,2,0,0.00029,0.0,0.0,1,False,False,0,0.0,1
100000008221543100,terminal,0.542,27,0.52206,"in_kzt=542000>=500000; in_deg=2, out_deg=0, depth=1<4; observed endpoint",not_peripheral,2,0,542000,0,2,0,0.000373,0.0,0.0,1,False,False,0,0.0,2
100000008221765100,peripheral,0.0,10,0.055085,"depth=4 cutoff; in_deg=1, in_kzt=156354, out_deg=0; onward transfers unobserved",censored_depth4,1,0,156354,0,1,0,0.000543,0.0,0.0,4,False,True,0,0.0,1
100000008223661100,peripheral,0.0,42,0.062828,"no rule: b=0.000331<0.002, in_deg=2, out_deg=5, in_kzt=202000, out_kzt=262580, out/in=1.30, depth=3, seed=0",below_thresholds,2,5,202000,262580,2,5,0.000316,0.000331,1.299901,3,False,False,2,0.243718,7
100000008223756100,peripheral,0.0,8,0.057796,"no rule: b=0.000000<0.002, in_deg=2, out_deg=0, in_kzt=331682, out_kzt=0, out/in=0.00, depth=3, seed=0",below_thresholds,2,0,331682,0,2,0,0.000358,0.0,0.0,3,False,False,0,0.0,2
100000008229700100,peripheral,0.0,7,0.054389,"no rule: b=0.000000<0.002, in_deg=1, out_deg=1, in_kzt=23500, out_kzt=7200, out/in=0.31, depth=1, seed=0",below_thresholds,1,1,23500,7200,1,1,0.000291,0.0,0.306383,1,False,False,0,0.0,2
100000008232832100,peripheral,0.0,42,0.061618,"no rule: b=0.000000<0.002, in_deg=1, out_deg=1, in_kzt=337000, out_kzt=138000, out/in=0.41, depth=1, seed=0",below_thresholds,1,1,337000,138000,2,1,0.000496,0.0,0.409496,1,False,False,0,0.0,2
100000008237827100,peripheral,0.0,2,0.053055,"in_deg=1, out_deg=0, in_kzt=40001<500000, in_tx=1, depth=1<4",single_edge_leaf,1,0,40001,0,1,0,0.000295,0.0,0.0,1,False,False,0,0.0,1
100000008238112100,peripheral,0.0,10,0.053647,"in_deg=1, out_deg=0, in_kzt=190000<500000, in_tx=1, depth=3<4",single_edge_leaf,1,0,190000,0,1,0,0.000293,0.0,0.0,3,False,False,0,0.0,1
100000008238989100,peripheral,0.0,28,0.054878,"in_deg=1, out_deg=0, in_kzt=200000<500000, in_tx=2, depth=2<4",single_edge_leaf,1,0,200000,0,2,0,0.000325,0.0,0.0,2,False,False,0,0.0,1
100000008244300100,peripheral,0.0,0,0.062369,"no rule: b=0.000000<0.002, in_deg=5, out_deg=0, in_kzt=65430, out_kzt=0, out/in=0.00, depth=1, seed=0",below_thresholds,5,0,65430,0,6,0,0.000481,0.0,0.0,1,False,False,0,0.0,5
100000008251939100,peripheral,0.0,17,0.050342,"depth=4 cutoff; in_deg=1, in_kzt=44360, out_deg=0; onward transfers unobserved",censored_depth4,1,0,44360,0,1,0,0.000304,0.0,0.0,4,False,True,0,0.0,1
100000008254069100,peripheral,0.0,50,0.060413,"no rule: b=0.000095<0.002, in_deg=1, out_deg=5, in_kzt=10200, out_kzt=107500, out/in=10.54, depth=2, seed=0",below_thresholds,1,5,10200,107500,2,6,0.000344,9.5e-05,10.539216,2,False,False,0,0.980392,5
100000008254576100,peripheral,0.0,38,0.05378,"no rule: b=0.000020<0.002, in_deg=1, out_deg=1, in_kzt=8000, out_kzt=60000, out/in=7.50, depth=3, seed=0",below_thresholds,1,1,8000,60000,1,1,0.000293,2e-05,7.5,3,False,False,0,-1.0,2
100000008255655100,peripheral,0.0,27,0.048281,"depth=4 cutoff; in_deg=1, in_kzt=5400, out_deg=0; onward transfers unobserved",censored_depth4,1,0,5400,0,1,0,0.000534,0.0,0.0,4,False,True,0,0.0,1
100000008258083100,peripheral,0.0,32,0.071336,"no rule: b=0.000079<0.002, in_deg=2, out_deg=2, in_kzt=3149500, out_kzt=2045650, out/in=0.65, depth=2, seed=0",below_thresholds,2,2,3149500,2045650,13,6,0.001054,7.9e-05,0.649516,2,False,False,0,0.037308,3
100000008258458100,peripheral,0.0,70,0.062002,"no rule: b=0.000039<0.002, in_deg=1, out_deg=2, in_kzt=19000, out_kzt=1557988, out/in=82.00, depth=3, seed=0",below_thresholds,1,2,19000,1557988,1,4,0.000293,3.9e-05,81.999368,3,False,False,0,1.0,3
100000008259451100,peripheral,0.0,40,0.051261,"in_deg=1, out_deg=0, in_kzt=55000<500000, in_tx=1, depth=3<4",single_edge_leaf,1,0,55000,0,1,0,0.000302,0.0,0.0,3,False,False,0,0.0,1
100000008279405100,peripheral,0.0,8,0.054458,"in_deg=1, out_deg=0, in_kzt=234738<500000, in_tx=2, depth=3<4",single_edge_leaf,1,0,234738,0,2,0,0.000335,0.0,0.0,3,False,False,0,0.0,1
100000008283183100,peripheral,0.0,21,0.050764,"in_deg=1, out_deg=0, in_kzt=29000<500000, in_tx=1, depth=2<4",single_edge_leaf,1,0,29000,0,1,0,0.000297,0.0,0.0,2,False,False,0,0.0,1
100000008289539100,peripheral,0.0,3,0.049389,"in_deg=1, out_deg=0, in_kzt=14912<500000, in_tx=1, depth=2<4",single_edge_leaf,1,0,14912,0,1,0,0.000292,0.0,0.0,2,False,False,0,0.0,1
100000008293431100,peripheral,0.0,0,0.061088,"no rule: b=0.000058<0.002, in_deg=1, out_deg=5, in_kzt=15000, out_kzt=297000, out/in=19.80, depth=3, seed=0",below_thresholds,1,5,15000,297000,1,7,0.000288,5.8e-05,19.8,3,False,False,2,-1.0,5
100000008295429100,peripheral,0.0,10,0.054927,"in_deg=1, out_deg=0, in_kzt=352000<500000, in_tx=1, depth=3<4",single_edge_leaf,1,0,352000,0,1,0,0.000298,0.0,0.0,3,False,False,0,0.0,1
100000008297199100,peripheral,0.0,0,0.050693,"in_deg=1, out_deg=0, in_kzt=42268<500000, in_tx=1, depth=3<4",single_edge_leaf,1,0,42268,0,1,0,0.000298,0.0,0.0,3,False,False,0,0.0,1
100000008304115100,peripheral,0.0,7,0.053544,"in_deg=1, out_deg=0, in_kzt=51000<500000, in_tx=1, depth=1<4",single_edge_leaf,1,0,51000,0,1,0,0.000295,0.0,0.0,1,False,False,0,0.0,1
100000008304139100,distributor,1.0,2,0.72729,"out_deg=24>=10, out_kzt=1692997>=500000; out_tx=43, seed=0",not_peripheral,4,24,189330,1692997,4,43,0.000315,0.001333,8.942055,1,False,False,7,0.904394,27
100000008306857100,peripheral,0.0,23,0.05281,"in_deg=1, out_deg=0, in_kzt=125000<500000, in_tx=1, depth=3<4",single_edge_leaf,1,0,125000,0,1,0,0.000293,0.0,0.0,3,False,False,0,0.0,1
100000008308418100,peripheral,0.0,0,0.051791,"depth=4 cutoff; in_deg=1, in_kzt=50000, out_deg=0; onward transfers unobserved",censored_depth4,1,0,50000,0,1,0,0.000434,0.0,0.0,4,False,True,0,0.0,1
100000008309514100,peripheral,0.0,21,0.048821,"in_deg=1, out_deg=0, in_kzt=17200<500000, in_tx=1, depth=3<4",single_edge_leaf,1,0,17200,0,1,0,0.00029,0.0,0.0,3,False,False,0,0.0,1
100000008314203100,peripheral,0.0,42,0.066639,"no rule: b=0.000000<0.002, in_deg=2, out_deg=2, in_kzt=382076, out_kzt=327000, out/in=0.86, depth=0, seed=1",below_thresholds,2,2,382076,327000,10,13,0.000505,0.0,0.855851,0,True,False,0,0.363802,2
100000008314863100,peripheral,0.0,2,0.050243,"in_deg=1, out_deg=0, in_kzt=12000<500000, in_tx=1, depth=3<4",single_edge_leaf,1,0,12000,0,1,0,0.000519,0.0,0.0,3,False,False,0,0.0,1
100000008321975100,peripheral,0.0,31,0.046326,"depth=4 cutoff; in_deg=1, in_kzt=5900, out_deg=0; onward transfers unobserved",censored_depth4,1,0,5900,0,1,0,0.000305,0.0,0.0,4,False,True,0,0.0,1
100000008324800100,consolidator,0.5,85,0.754257,"in_deg=3>=2*out_deg(1); in_kzt=526500>=100000, out_kzt=511000, out/in=0.97",not_peripheral,3,1,526500,511000,17,13,0.001877,2e-05,0.97056,2,False,False,0,0.598291,3
100000008327791100,peripheral,0.0,27,0.049753,"depth=4 cutoff; in_deg=1, in_kzt=11000, out_deg=0; onward transfers unobserved",censored_depth4,1,0,11000,0,1,0,0.000539,0.0,0.0,4,False,True,0,0.0,1
100000008331280100,peripheral,0.0,14,0.050333,"depth=4 cutoff; in_deg=1, in_kzt=41000, out_deg=0; onward transfers unobserved",censored_depth4,1,0,41000,0,2,0,0.000319,0.0,0.0,4,False,True,0,0.0,1
100000008332511100,peripheral,0.0,1,0.060044,"in_deg=1, out_deg=0, in_kzt=100000<500000, in_tx=1, depth=3<4",single_edge_leaf,1,0,100000,0,1,0,0.001117,0.0,0.0,3,False,False,0,0.0,1
100000008333492100,peripheral,0.0,60,0.054775,"depth=4 cutoff; in_deg=1, in_kzt=216400, out_deg=0; onward transfers unobserved",censored_depth4,1,0,216400,0,1,0,0.00044,0.0,0.0,4,False,True,0,-1.0,1
100000008335401100,peripheral,0.0,17,0.056436,"in_deg=1, out_deg=0, in_kzt=150000<500000, in_tx=3, depth=2<4",single_edge_leaf,1,0,150000,0,3,0,0.000554,0.0,0.0,2,False,False,0,0.0,1
100000008336318100,peripheral,0.0,4,0.053253,"depth=4 cutoff; in_deg=1, in_kzt=170000, out_deg=0; onward transfers unobserved",censored_depth4,1,0,170000,0,1,0,0.000328,0.0,0.0,4,False,True,0,0.0,1
100000008337304100,peripheral,0.0,8,0.052557,"depth=4 cutoff; in_deg=1, in_kzt=105465, out_deg=0; onward transfers unobserved",censored_depth4,1,0,105465,0,2,0,0.000356,0.0,0.0,4,False,True,0,0.0,1
100000008343415100,peripheral,0.0,34,0.053197,"depth=4 cutoff; in_deg=1, in_kzt=100000, out_deg=0; onward transfers unobserved",censored_depth4,1,0,100000,0,3,0,0.000436,0.0,0.0,4,False,True,0,0.0,1
100000008343874100,peripheral,0.0,34,0.060095,"no rule: b=0.000040<0.002, in_deg=2, out_deg=2, in_kzt=283535, out_kzt=176400, out/in=0.62, depth=3, seed=0",below_thresholds,2,2,283535,176400,2,5,0.000309,4e-05,0.622145,3,False,False,0,0.505758,4
100000008346837100,coordinator,1.0,12,0.764851,"directed betweenness=0.009135>=0.002; in_deg=9, out_deg=25, hub_targets=4",not_peripheral,9,25,254359,1258643,12,26,0.00055,0.009135,4.948294,2,False,False,4,0.827767,32
100000008349675100,peripheral,0.0,1,0.05574,"no rule: b=0.000000<0.002, in_deg=1, out_deg=1, in_kzt=46520, out_kzt=36650, out/in=0.79, depth=1, seed=0",below_thresholds,1,1,46520,36650,1,2,0.00029,0.0,0.787833,1,False,False,0,0.397678,2
100000008349740100,peripheral,0.0,19,0.051162,"depth=4 cutoff; in_deg=1, in_kzt=70000, out_deg=0; onward transfers unobserved",censored_depth4,1,0,70000,0,2,0,0.000294,0.0,0.0,4,False,True,0,0.0,1
100000008352542100,peripheral,0.0,2,0.052197,"in_deg=1, out_deg=0, in_kzt=50220<500000, in_tx=1, depth=2<4",single_edge_leaf,1,0,50220,0,1,0,0.000333,0.0,0.0,2,False,False,0,0.0,1
100000008356606100,peripheral,0.0,12,0.059809,"no rule: b=0.000000<0.002, in_deg=2, out_deg=0, in_kzt=168500, out_kzt=0, out/in=0.00, depth=2, seed=0",below_thresholds,2,0,168500,0,2,0,0.00063,0.0,0.0,2,False,False,0,0.0,2
100000008376089100,peripheral,0.0,32,0.053899,"in_deg=1, out_deg=0, in_kzt=135000<500000, in_tx=1, depth=2<4",single_edge_leaf,1,0,135000,0,1,0,0.000304,0.0,0.0,2,False,False,0,0.0,1
100000008376785100,peripheral,0.0,10,0.055811,"depth=4 cutoff; in_deg=1, in_kzt=234250, out_deg=0; onward transfers unobserved",censored_depth4,1,0,234250,0,2,0,0.000534,0.0,0.0,4,False,True,0,0.0,1
100000008379273100,transit,0.861111,17,0.435169,"out/in=1.06 in [0.8,1.2]; in_kzt=36000, out_kzt=38000, matched_2d=0.00",not_peripheral,2,4,36000,38000,2,4,0.0003,0.00173,1.055556,3,False,False,1,0.0,6
100000008383405100,peripheral,0.0,20,0.052233,"in_deg=1, out_deg=0, in_kzt=25000<500000, in_tx=2, depth=1<4",single_edge_leaf,1,0,25000,0,2,0,0.000307,0.0,0.0,1,False,False,0,0.0,1
100000008388049100,peripheral,0.0,23,0.055727,"in_deg=1, out_deg=0, in_kzt=496400<500000, in_tx=1, depth=3<4",single_edge_leaf,1,0,496400,0,1,0,0.000311,0.0,0.0,3,False,False,0,0.0,1
100000008389800100,peripheral,0.0,5,0.066997,"no rule: b=0.000162<0.002, in_deg=3, out_deg=7, in_kzt=189000, out_kzt=401620, out/in=2.12, depth=2, seed=0",below_thresholds,3,7,189000,401620,3,8,0.000507,0.000162,2.124974,2,False,False,0,0.885714,8
100000008405209100,peripheral,0.0,27,0.051174,"in_deg=1, out_deg=0, in_kzt=54400<500000, in_tx=1, depth=3<4",single_edge_leaf,1,0,54400,0,1,0,0.000295,0.0,0.0,3,False,False,0,0.0,1
100000008406609100,peripheral,0.0,50,0.052345,"in_deg=1, out_deg=0, in_kzt=34000<500000, in_tx=1, depth=2<4",single_edge_leaf,1,0,34000,0,1,0,0.000432,0.0,0.0,2,False,False,0,0.0,1
100000008413748100,distributor,0.9,27,0.698007,"out_deg=18>=10, out_kzt=1377320>=500000; out_tx=21, seed=0",not_peripheral,2,18,26480,1377320,2,21,0.000393,0.000635,52.013603,2,False,False,2,1.0,20
100000008416433100,peripheral,0.0,40,0.04915,"in_deg=1, out_deg=0, in_kzt=20000<500000, in_tx=1, depth=3<4",single_edge_leaf,1,0,20000,0,1,0,0.000293,0.0,0.0,3,False,False,0,0.0,1
100000008417029100,peripheral,0.0,4,0.052506,"in_deg=1, out_deg=0, in_kzt=100000<500000, in_tx=1, depth=3<4",single_edge_leaf,1,0,100000,0,1,0,0.000308,0.0,0.0,3,False,False,0,0.0,1
100000008417359100,peripheral,0.0,27,0.056733,"no rule: b=0.000000<0.002, in_deg=1, out_deg=2, in_kzt=40810, out_kzt=110760, out/in=2.71, depth=3, seed=0",below_thresholds,1,2,40810,110760,2,3,0.000293,0.0,2.714041,3,False,False,0,1.0,3
100000008418835100,peripheral,0.0,3,0.068822,"no rule: b=0.000322<0.002, in_deg=1, out_deg=4, in_kzt=1372000, out_kzt=186179, out/in=0.14, depth=0, seed=1",below_thresholds,1,4,1372000,186179,67,6,0.000531,0.000322,0.135699,0,True,False,2,0.11602,4
100000008418934100,peripheral,0.0,4,0.056015,"in_deg=1, out_deg=0, in_kzt=360000<500000, in_tx=1, depth=2<4",single_edge_leaf,1,0,360000,0,1,0,0.000321,0.0,0.0,2,False,False,0,0.0,1
100000008422226100,peripheral,0.0,0,0.052087,"in_deg=1, out_deg=0, in_kzt=87450<500000, in_tx=1, depth=3<4",single_edge_leaf,1,0,87450,0,1,0,0.000292,0.0,0.0,3,False,False,0,0.0,1
100000008427027100,peripheral,0.0,2,0.056986,"in_deg=1, out_deg=0, in_kzt=300000<500000, in_tx=1, depth=3<4",single_edge_leaf,1,0,300000,0,1,0,0.000554,0.0,0.0,3,False,False,0,0.0,1
100000008430691100,peripheral,0.0,84,0.058535,"no rule: b=0.000020<0.002, in_deg=1, out_deg=2, in_kzt=20000, out_kzt=604900, out/in=30.25, depth=3, seed=0",below_thresholds,1,2,20000,604900,1,2,0.000308,2e-05,30.245,3,False,False,0,1.0,2
100000008432942100,peripheral,0.0,0,0.050718,"in_deg=1, out_deg=0, in_kzt=44542<500000, in_tx=2, depth=3<4",single_edge_leaf,1,0,44542,0,2,0,0.000289,0.0,0.0,3,False,False,0,0.0,1
100000008436257100,peripheral,0.0,27,0.052731,"no rule: b=0.000000<0.002, in_deg=2, out_deg=0, in_kzt=35000, out_kzt=0, out/in=0.00, depth=3, seed=0",below_thresholds,2,0,35000,0,2,0,0.000296,0.0,0.0,3,False,False,0,0.0,2
100000008438656100,peripheral,0.0,2,0.058634,"no rule: b=0.000024<0.002, in_deg=2, out_deg=1, in_kzt=80000, out_kzt=5000, out/in=0.06, depth=1, seed=0",below_thresholds,2,1,80000,5000,2,1,0.000299,2.4e-05,0.0625,1,False,False,0,0.0625,3
100000008443341100,peripheral,0.0,0,0.06251,"no rule: b=0.000366<0.002, in_deg=2, out_deg=3, in_kzt=34500, out_kzt=50000, out/in=1.45, depth=1, seed=0",below_thresholds,2,3,34500,50000,2,4,0.000672,0.000366,1.449275,1,False,False,1,0.710145,4
100000008454065100,peripheral,0.0,40,0.049528,"in_deg=1, out_deg=0, in_kzt=24050<500000, in_tx=1, depth=3<4",single_edge_leaf,1,0,24050,0,1,0,0.000294,0.0,0.0,3,False,False,0,0.0,1
100000008459449100,peripheral,0.0,0,0.051199,"in_deg=1, out_deg=0, in_kzt=53700<500000, in_tx=1, depth=3<4",single_edge_leaf,1,0,53700,0,1,0,0.000301,0.0,0.0,3,False,False,0,0.0,1
100000008460102100,peripheral,0.0,47,0.071397,"no rule: b=0.000994<0.002, in_deg=1, out_deg=31, in_kzt=17500, out_kzt=476570, out/in=27.23, depth=3, seed=0",below_thresholds,1,31,17500,476570,1,34,0.000301,0.000994,27.232571,3,False,False,0,1.0,32
100000008461217100,peripheral,0.0,48,0.050819,"depth=4 cutoff; in_deg=1, in_kzt=18000, out_deg=0; onward transfers unobserved",censored_depth4,1,0,18000,0,1,0,0.000548,0.0,0.0,4,False,True,0,0.0,1
100000008461532100,peripheral,0.0,14,0.073548,"no rule: b=0.000276<0.002, in_deg=2, out_deg=8, in_kzt=565300, out_kzt=2530090, out/in=4.48, depth=2, seed=0",below_thresholds,2,8,565300,2530090,2,9,0.000748,0.000276,4.475659,2,False,False,0,1.0,9
100000008463968100,peripheral,0.0,21,0.047728,"in_deg=1, out_deg=0, in_kzt=10000<500000, in_tx=1, depth=3<4",single_edge_leaf,1,0,10000,0,1,0,0.000288,0.0,0.0,3,False,False,0,-1.0,1
100000008465789100,distributor,0.8,42,0.678003,"out_deg=16>=10, out_kzt=1858100>=500000; out_tx=17, seed=0",not_peripheral,1,16,30099,1858100,1,17,0.000291,0.00086,61.732948,3,False,False,2,1.0,17
100000008466579100,distributor,0.85,42,0.698405,"out_deg=17>=10, out_kzt=1933000>=500000; out_tx=20, seed=0",not_peripheral,2,17,36952,1933000,2,20,0.000356,0.000514,52.311106,2,False,False,3,1.0,19
100000008468762100,peripheral,0.0,46,0.056034,"no rule: b=0.000000<0.002, in_deg=2, out_deg=0, in_kzt=170000, out_kzt=0, out/in=0.00, depth=3, seed=0",below_thresholds,2,0,170000,0,2,0,0.000312,0.0,0.0,3,False,False,0,0.0,2
100000008469048100,peripheral,0.0,0,0.056498,"depth=4 cutoff; in_deg=1, in_kzt=265200, out_deg=0; onward transfers unobserved",censored_depth4,1,0,265200,0,7,0,0.000581,0.0,0.0,4,False,True,0,0.0,1
100000008470470100,peripheral,0.0,21,0.052695,"in_deg=1, out_deg=0, in_kzt=33547<500000, in_tx=1, depth=1<4",single_edge_leaf,1,0,33547,0,1,0,0.000294,0.0,0.0,1,False,False,0,0.0,1
100000008471634100,peripheral,0.0,13,0.056442,"depth=4 cutoff; in_deg=1, in_kzt=20000, out_deg=0; onward transfers unobserved",censored_depth4,1,0,20000,0,1,0,0.001129,0.0,0.0,4,False,True,0,0.0,1
100000008472324100,peripheral,0.0,10,0.053805,"in_deg=1, out_deg=0, in_kzt=205200<500000, in_tx=1, depth=3<4",single_edge_leaf,1,0,205200,0,1,0,0.000294,0.0,0.0,3,False,False,0,0.0,1
100000008473207100,peripheral,0.0,2,0.057076,"in_deg=1, out_deg=0, in_kzt=202000<500000, in_tx=4, depth=2<4",single_edge_leaf,1,0,202000,0,4,0,0.000559,0.0,0.0,2,False,False,0,0.0,1
100000008473765100,peripheral,0.0,8,0.049963,"in_deg=1, out_deg=0, in_kzt=30000<500000, in_tx=1, depth=3<4",single_edge_leaf,1,0,30000,0,1,0,0.000293,0.0,0.0,3,False,False,0,0.0,1
100000008474308100,peripheral,0.0,0,0.050709,"no rule: b=0.000000<0.002, in_deg=1, out_deg=1, in_kzt=14000, out_kzt=10000, out/in=0.71, depth=2, seed=0",below_thresholds,1,1,14000,10000,2,1,0.000447,0.0,0.714286,2,False,False,0,0.0,1
100000008474391100,peripheral,0.0,28,0.050235,"in_deg=1, out_deg=0, in_kzt=20000<500000, in_tx=1, depth=3<4",single_edge_leaf,1,0,20000,0,1,0,0.000409,0.0,0.0,3,False,False,0,0.0,1
100000008477350100,coordinator,0.64008,0,0.830064,"directed betweenness=0.002560>=0.002; in_deg=11, out_deg=39, hub_targets=3",not_peripheral,11,39,610100,3374866,14,44,0.001039,0.00256,5.53166,2,False,False,3,1.0,49
100000008478414100,peripheral,0.0,21,0.048579,"in_deg=1, out_deg=0, in_kzt=10000<500000, in_tx=1, depth=2<4",single_edge_leaf,1,0,10000,0,1,0,0.00029,0.0,0.0,2,False,False,0,0.0,1
100000008486520100,peripheral,0.0,5,0.055224,"no rule: b=0.000020<0.002, in_deg=1, out_deg=1, in_kzt=35720, out_kzt=14000, out/in=0.39, depth=1, seed=0",below_thresholds,1,1,35720,14000,2,1,0.000291,2e-05,0.391937,1,False,False,0,0.0,2
100000008488166100,peripheral,0.0,21,0.046565,"in_deg=1, out_deg=0, in_kzt=5600<500000, in_tx=1, depth=3<4",single_edge_leaf,1,0,5600,0,1,0,0.000288,0.0,0.0,3,False,False,0,0.0,1
100000008489604100,peripheral,0.0,21,0.04792,"in_deg=1, out_deg=0, in_kzt=11000<500000, in_tx=1, depth=3<4",single_edge_leaf,1,0,11000,0,1,0,0.000289,0.0,0.0,3,False,False,0,0.0,1
100000008489922100,distributor,1.0,4,0.740817,"out_deg=36>=10, out_kzt=3789900>=500000; out_tx=41, seed=0",not_peripheral,3,36,262010,3789900,5,41,0.000588,0.000887,14.464715,3,False,False,4,0.889279,38
100000008490127100,peripheral,0.0,10,0.065196,"no rule: b=0.000117<0.002, in_deg=1, out_deg=6, in_kzt=431755, out_kzt=923000, out/in=2.14, depth=3, seed=0",below_thresholds,1,6,431755,923000,2,9,0.000301,0.000117,2.137786,3,False,False,0,0.0,7
100000008491390100,peripheral,0.0,0,0.050289,"in_deg=1, out_deg=0, in_kzt=36000<500000, in_tx=1, depth=3<4",single_edge_leaf,1,0,36000,0,1,0,0.000289,0.0,0.0,3,False,False,0,0.0,1
100000008493007100,transit,1.0,21,0.390777,"out/in=1.00 in [0.8,1.2]; in_kzt=26150, out_kzt=26150, matched_2d=1.00",not_peripheral,1,1,26150,26150,1,1,0.000291,1e-06,1.0,3,False,False,0,1.0,2
100000008497298100,terminal,0.6,4,0.486591,"in_kzt=600000>=500000; in_deg=1, out_deg=0, depth=2<4; observed endpoint",not_peripheral,1,0,600000,0,1,0,0.000344,0.0,0.0,2,False,False,0,0.0,1
100000008501413100,transit,0.95,54,0.371714,"out/in=1.02 in [0.8,1.2]; in_kzt=5000, out_kzt=5100, matched_2d=1.00",not_peripheral,1,1,5000,5100,1,1,0.000368,2.2e-05,1.02,3,False,False,0,1.0,2
100000008502995100,peripheral,0.0,0,0.05367,"in_deg=1, out_deg=0, in_kzt=25000<500000, in_tx=2, depth=3<4",single_edge_leaf,1,0,25000,0,2,0,0.00073,0.0,0.0,3,False,False,0,0.0,1
100000008503177100,peripheral,0.0,8,0.050217,"in_deg=1, out_deg=0, in_kzt=33951<500000, in_tx=1, depth=3<4",single_edge_leaf,1,0,33951,0,1,0,0.000294,0.0,0.0,3,False,False,0,-1.0,1
100000008507703100,peripheral,0.0,21,0.049845,"in_deg=1, out_deg=0, in_kzt=28500<500000, in_tx=1, depth=3<4",single_edge_leaf,1,0,28500,0,1,0,0.000291,0.0,0.0,3,False,False,0,0.0,1
100000008512552100,peripheral,0.0,27,0.069237,"no rule: b=0.000438<0.002, in_deg=4, out_deg=6, in_kzt=394360, out_kzt=1302275, out/in=3.30, depth=2, seed=0",below_thresholds,4,6,394360,1302275,9,11,0.000428,0.000438,3.302249,2,False,False,1,1.0,9
100000008512827100,distributor,0.5,23,0.676482,"out_deg=10>=10, out_kzt=1944500>=500000; out_tx=10, seed=0",not_peripheral,3,10,107949,1944500,3,10,0.000337,0.00014,18.013136,2,False,False,0,0.844985,13
100000008513251100,peripheral,0.0,88,0.03,"in_deg=0, out_deg=0, in_kzt=0, out_kzt=0; seed=1; no observed edge",isolate,0,0,0,0,0,0,0.0,0.0,-1.0,0,True,False,0,-1.0,0
100000008514970100,peripheral,0.0,34,0.05766,"no rule: b=0.000001<0.002, in_deg=1, out_deg=1, in_kzt=379966, out_kzt=31000, out/in=0.08, depth=3, seed=0",below_thresholds,1,1,379966,31000,1,1,0.000314,1e-06,0.081586,3,False,False,0,0.081586,2
100000008516839100,peripheral,0.0,50,0.040005,"no rule: b=0.000000<0.002, in_deg=3, out_deg=0, in_kzt=155000, out_kzt=0, out/in=0.00, depth=0, seed=1",below_thresholds,3,0,155000,0,4,0,0.001074,0.0,0.0,0,True,False,0,0.0,0
100000008517061100,peripheral,0.0,40,0.058818,"depth=4 cutoff; in_deg=1, in_kzt=1844000, out_deg=0; onward transfers unobserved",censored_depth4,1,0,1844000,0,4,0,0.000415,0.0,0.0,4,False,True,0,0.0,1
100000008517538100,distributor,0.85,4,0.683468,"out_deg=17>=10, out_kzt=1439000>=500000; out_tx=18, seed=0",not_peripheral,3,17,155500,1439000,6,18,0.000308,0.00025,9.254019,3,False,False,2,0.993569,20
100000008522127100,peripheral,0.0,59,0.06055,"no rule: b=0.000000<0.002, in_deg=0, out_deg=1, in_kzt=0, out_kzt=145000, out/in=NA, depth=0, seed=1",below_thresholds,0,1,0,145000,0,3,0.000287,0.0,-1.0,0,True,False,0,-1.0,1
100000008524903100,peripheral,0.0,0,0.048455,"depth=4 cutoff; in_deg=1, in_kzt=15000, out_deg=0; onward transfers unobserved",censored_depth4,1,0,15000,0,1,0,0.000333,0.0,0.0,4,False,True,0,0.0,1
100000008525136100,peripheral,0.0,0,0.047927,"depth=4 cutoff; in_deg=1, in_kzt=14100, out_deg=0; onward transfers unobserved",censored_depth4,1,0,14100,0,1,0,0.00029,0.0,0.0,4,False,True,0,0.0,1
100000008531133100,peripheral,0.0,5,0.06187,"no rule: b=0.000024<0.002, in_deg=1, out_deg=3, in_kzt=25000, out_kzt=158272, out/in=6.33, depth=2, seed=0",below_thresholds,1,3,25000,158272,1,3,0.000535,2.4e-05,6.330867,2,False,False,0,1.0,4
100000008531186100,peripheral,0.0,2,0.054302,"in_deg=1, out_deg=0, in_kzt=125000<500000, in_tx=1, depth=2<4",single_edge_leaf,1,0,125000,0,1,0,0.000364,0.0,0.0,2,False,False,0,0.0,1
100000008532050100,peripheral,0.0,10,0.055471,"in_deg=1, out_deg=0, in_kzt=455156<500000, in_tx=1, depth=3<4",single_edge_leaf,1,0,455156,0,1,0,0.000302,0.0,0.0,3,False,False,0,0.0,1
100000008536546100,peripheral,0.0,46,0.056867,"no rule: b=0.000000<0.002, in_deg=2, out_deg=0, in_kzt=250000, out_kzt=0, out/in=0.00, depth=3, seed=0",below_thresholds,2,0,250000,0,2,0,0.000319,0.0,0.0,3,False,False,0,0.0,2
100000008537380100,peripheral,0.0,21,0.04728,"in_deg=1, out_deg=0, in_kzt=8000<500000, in_tx=1, depth=3<4",single_edge_leaf,1,0,8000,0,1,0,0.000288,0.0,0.0,3,False,False,0,0.0,1
100000008545727100,peripheral,0.0,17,0.066999,"no rule: b=0.000137<0.002, in_deg=1, out_deg=6, in_kzt=30000, out_kzt=1866500, out/in=62.22, depth=2, seed=0",below_thresholds,1,6,30000,1866500,1,7,0.00034,0.000137,62.216667,2,False,False,0,1.0,6
100000008546855100,peripheral,0.0,43,0.070666,"no rule: b=0.000060<0.002, in_deg=6, out_deg=2, in_kzt=71790, out_kzt=10000, out/in=0.14, depth=2, seed=0",below_thresholds,6,2,71790,10000,8,2,0.001432,6e-05,0.139295,2,False,False,0,0.139295,6
100000008547295100,peripheral,0.0,1,0.051116,"in_deg=1, out_deg=0, in_kzt=15000<500000, in_tx=1, depth=3<4",single_edge_leaf,1,0,15000,0,1,0,0.000565,0.0,0.0,3,False,False,0,-1.0,1
100000008547844100,distributor,0.95,42,0.703991,"out_deg=19>=10, out_kzt=2042199>=500000; out_tx=21, seed=0",not_peripheral,3,19,177600,2042199,3,21,0.000346,0.001818,11.498868,2,False,False,4,1.0,21
100000008547948100,distributor,1.0,4,0.734756,"out_deg=26>=10, out_kzt=5185600>=500000; out_tx=31, seed=0",not_peripheral,6,26,212665,5185600,7,31,0.00043,0.001152,24.38389,2,False,False,4,1.0,30
100000008548853100,peripheral,0.0,21,0.048405,"in_deg=1, out_deg=0, in_kzt=14000<500000, in_tx=1, depth=3<4",single_edge_leaf,1,0,14000,0,1,0,0.000289,0.0,0.0,3,False,False,0,0.0,1
100000008551752100,peripheral,0.0,65,0.055129,"depth=4 cutoff; in_deg=1, in_kzt=406000, out_deg=0; onward transfers unobserved",censored_depth4,1,0,406000,0,2,0,0.000343,0.0,0.0,4,False,True,0,0.0,1
100000008554390100,peripheral,0.0,47,0.047955,"depth=4 cutoff; in_deg=1, in_kzt=14000, out_deg=0; onward transfers unobserved",censored_depth4,1,0,14000,0,1,0,0.000294,0.0,0.0,4,False,True,0,0.0,1
100000008555233100,peripheral,0.0,46,0.055996,"in_deg=1, out_deg=0, in_kzt=440600<500000, in_tx=1, depth=3<4",single_edge_leaf,1,0,440600,0,1,0,0.000365,0.0,0.0,3,False,False,0,-1.0,1
100000008555918100,peripheral,0.0,2,0.05989,"no rule: b=0.000048<0.002, in_deg=1, out_deg=2, in_kzt=139211, out_kzt=43300, out/in=0.31, depth=1, seed=0",below_thresholds,1,2,139211,43300,1,2,0.000315,4.8e-05,0.311039,1,False,False,0,0.0,3
100000008556318100,peripheral,0.0,2,0.060988,"no rule: b=0.000000<0.002, in_deg=2, out_deg=0, in_kzt=180132, out_kzt=0, out/in=0.00, depth=1, seed=0",below_thresholds,2,0,180132,0,2,0,0.000563,0.0,0.0,1,False,False,0,0.0,2
100000008557672100,peripheral,0.0,21,0.05188,"in_deg=1, out_deg=0, in_kzt=49125<500000, in_tx=1, depth=2<4",single_edge_leaf,1,0,49125,0,1,0,0.000304,0.0,0.0,2,False,False,0,0.0,1
100000008560263100,peripheral,0.0,10,0.052067,"depth=4 cutoff; in_deg=1, in_kzt=100000, out_deg=0; onward transfers unobserved",censored_depth4,1,0,100000,0,1,0,0.000315,0.0,0.0,4,False,True,0,0.0,1
100000008560717100,consolidator,1.0,10,0.67584,"in_deg=7>=2*out_deg(1); in_kzt=529000>=100000, out_kzt=25000, out/in=0.05",not_peripheral,7,1,529000,25000,9,1,0.000332,2e-05,0.047259,1,False,False,0,0.0,8
100000008561016100,transit,0.930556,4,0.420426,"out/in=1.03 in [0.8,1.2]; in_kzt=180000, out_kzt=185000, matched_2d=1.00",not_peripheral,1,1,180000,185000,2,4,0.000296,2.3e-05,1.027778,3,False,False,0,1.0,2
100000008566737100,peripheral,0.0,0,0.059502,"no rule: b=0.000000<0.002, in_deg=2, out_deg=0, in_kzt=230000, out_kzt=0, out/in=0.00, depth=1, seed=0",below_thresholds,2,0,230000,0,2,0,0.000351,0.0,0.0,1,False,False,0,0.0,2
100000008568512100,peripheral,0.0,10,0.053749,"in_deg=1, out_deg=0, in_kzt=199640<500000, in_tx=1, depth=3<4",single_edge_leaf,1,0,199640,0,1,0,0.000293,0.0,0.0,3,False,False,0,0.0,1
100000008571243100,peripheral,0.0,17,0.053086,"in_deg=1, out_deg=0, in_kzt=134000<500000, in_tx=1, depth=3<4",single_edge_leaf,1,0,134000,0,1,0,0.000308,0.0,0.0,3,False,False,0,0.0,1
100000008571433100,peripheral,0.0,58,0.080134,"no rule: b=0.000001<0.002, in_deg=2, out_deg=2, in_kzt=350000, out_kzt=1434000, out/in=4.10, depth=0, seed=1",below_thresholds,2,2,350000,1434000,2,3,0.001637,1e-06,4.097143,0,True,False,0,1.0,2
100000008571443100,peripheral,0.0,12,0.054989,"no rule: b=0.000000<0.002, in_deg=2, out_deg=0, in_kzt=65000, out_kzt=0, out/in=0.00, depth=2, seed=0",below_thresholds,2,0,65000,0,2,0,0.000316,0.0,0.0,2,False,False,0,0.0,2
100000008575624100,peripheral,0.0,71,0.063748,"no rule: b=0.000000<0.002, in_deg=0, out_deg=3, in_kzt=0, out_kzt=89500, out/in=NA, depth=0, seed=1",below_thresholds,0,3,0,89500,0,5,0.000287,0.0,-1.0,0,True,False,0,-1.0,3
100000008576243100,peripheral,0.0,0,0.067142,"no rule: b=0.000000<0.002, in_deg=2, out_deg=0, in_kzt=82920, out_kzt=0, out/in=0.00, depth=3, seed=0",below_thresholds,2,0,82920,0,4,0,0.001658,0.0,0.0,3,False,False,0,0.0,2
100000008576528100,peripheral,0.0,10,0.049777,"in_deg=1, out_deg=0, in_kzt=28000<500000, in_tx=1, depth=3<4",single_edge_leaf,1,0,28000,0,1,0,0.000288,0.0,0.0,3,False,False,0,0.0,1
100000008579978100,peripheral,0.0,10,0.054231,"no rule: b=0.000020<0.002, in_deg=1, out_deg=1, in_kzt=34000, out_kzt=77000, out/in=2.26, depth=3, seed=0",below_thresholds,1,1,34000,77000,1,6,0.000288,2e-05,2.264706,3,False,False,0,0.794118,2
100000008582730100,transit,1.0,43,0.390074,"out/in=1.00 in [0.8,1.2]; in_kzt=5000, out_kzt=5000, matched_2d=1.00",not_peripheral,1,1,5000,5000,1,1,0.000897,0.0,1.0,3,False,False,0,1.0,1
100000008583360100,peripheral,0.0,17,0.056195,"no rule: b=0.000020<0.002, in_deg=1, out_deg=1, in_kzt=112843, out_kzt=170000, out/in=1.51, depth=3, seed=0",below_thresholds,1,1,112843,170000,1,1,0.000329,2e-05,1.506518,3,False,False,0,0.0,2
100000008583971100,peripheral,0.0,0,0.053311,"depth=4 cutoff; in_deg=2, in_kzt=51000, out_deg=0; onward transfers unobserved",censored_depth4,2,0,51000,0,2,0,0.000331,0.0,0.0,4,False,True,0,0.0,2
100000008586731100,peripheral,0.0,7,0.050596,"in_deg=1, out_deg=0, in_kzt=12000<500000, in_tx=1, depth=1<4",single_edge_leaf,1,0,12000,0,1,0,0.000289,0.0,0.0,1,False,False,0,0.0,1
100000008587459100,peripheral,0.0,0,0.062628,"no rule: b=0.000018<0.002, in_deg=2, out_deg=2, in_kzt=181507, out_kzt=686500, out/in=3.78, depth=2, seed=0",below_thresholds,2,2,181507,686500,2,4,0.000302,1.8e-05,3.782223,2,False,False,1,0.0,4
100000008588665100,peripheral,0.0,0,0.049668,"depth=4 cutoff; in_deg=1, in_kzt=25000, out_deg=0; onward transfers unobserved",censored_depth4,1,0,25000,0,1,0,0.000354,0.0,0.0,4,False,True,0,0.0,1
100000008595687100,peripheral,0.0,5,0.054044,"no rule: b=0.000306<0.002, in_deg=1, out_deg=1, in_kzt=64395, out_kzt=10400, out/in=0.16, depth=3, seed=0",below_thresholds,1,1,64395,10400,1,1,0.000306,0.000306,0.161503,3,False,False,1,0.161503,2
100000008596924100,peripheral,0.0,1,0.053529,"in_deg=1, out_deg=0, in_kzt=100000<500000, in_tx=1, depth=3<4",single_edge_leaf,1,0,100000,0,1,0,0.000418,0.0,0.0,3,False,False,0,-1.0,1
100000008598972100,peripheral,0.0,34,0.052752,"in_deg=1, out_deg=0, in_kzt=120000<500000, in_tx=1, depth=3<4",single_edge_leaf,1,0,120000,0,1,0,0.000295,0.0,0.0,3,False,False,0,0.0,1
100000008599354100,peripheral,0.0,0,0.056314,"no rule: b=0.000004<0.002, in_deg=1, out_deg=1, in_kzt=177000, out_kzt=38200, out/in=0.22, depth=3, seed=0",below_thresholds,1,1,177000,38200,1,2,0.000333,4e-06,0.215819,3,False,False,0,0.0,2
100000008601794100,peripheral,0.0,39,0.081458,"no rule: b=0.000000<0.002, in_deg=2, out_deg=1, in_kzt=494400, out_kzt=871400, out/in=1.76, depth=0, seed=1",below_thresholds,2,1,494400,871400,8,13,0.002387,0.0,1.76254,0,True,False,0,0.096536,1
100000008603331100,peripheral,0.0,42,0.066011,"no rule: b=0.000199<0.002, in_deg=2, out_deg=6, in_kzt=39500, out_kzt=741774, out/in=18.78, depth=2, seed=0",below_thresholds,2,6,39500,741774,3,6,0.000346,0.000199,18.779089,2,False,False,0,1.0,7
100000008603629100,coordinator,1.0,8,0.844812,"directed betweenness=0.005859>=0.002; in_deg=19, out_deg=61, hub_targets=5",not_peripheral,19,61,1817300,4986156,45,74,0.001197,0.005859,2.743717,2,False,False,5,1.0,73
100000008612257100,peripheral,0.0,27,0.047633,"in_deg=1, out_deg=0, in_kzt=9500<500000, in_tx=1, depth=3<4",single_edge_leaf,1,0,9500,0,1,0,0.000289,0.0,0.0,3,False,False,0,0.0,1
100000008619159100,peripheral,0.0,70,0.055459,"depth=4 cutoff; in_deg=1, in_kzt=446400, out_deg=0; onward transfers unobserved",censored_depth4,1,0,446400,0,2,0,0.000358,0.0,0.0,4,False,True,0,0.0,1
100000008619857100,peripheral,0.0,0,0.054014,"no rule: b=0.000002<0.002, in_deg=1, out_deg=2, in_kzt=29000, out_kzt=13000, out/in=0.45, depth=3, seed=0",below_thresholds,1,2,29000,13000,1,2,0.000288,2e-06,0.448276,3,False,False,0,0.275862,3
100000008620570100,peripheral,0.0,8,0.059139,"no rule: b=0.000034<0.002, in_deg=2, out_deg=2, in_kzt=145000, out_kzt=31800, out/in=0.22, depth=3, seed=0",below_thresholds,2,2,145000,31800,2,2,0.00035,3.4e-05,0.21931,3,False,False,0,0.068966,4
100000008624978100,peripheral,0.0,34,0.053805,"in_deg=1, out_deg=0, in_kzt=109000<500000, in_tx=1, depth=2<4",single_edge_leaf,1,0,109000,0,1,0,0.00034,0.0,0.0,2,False,False,0,0.0,1
100000008625905100,peripheral,0.0,45,0.062587,"no rule: b=0.000040<0.002, in_deg=1, out_deg=2, in_kzt=197800, out_kzt=635000, out/in=3.21, depth=3, seed=0",below_thresholds,1,2,197800,635000,1,2,0.000548,4e-05,3.210313,3,False,False,0,-1.0,3
100000008628231100,peripheral,0.0,74,0.062729,"no rule: b=0.000048<0.002, in_deg=1, out_deg=2, in_kzt=50000, out_kzt=627870, out/in=12.56, depth=1, seed=0",below_thresholds,1,2,50000,627870,1,19,0.000297,4.8e-05,12.5574,1,False,False,0,0.44,3
100000008628818100,peripheral,0.0,17,0.050435,"depth=4 cutoff; in_deg=1, in_kzt=46310, out_deg=0; onward transfers unobserved",censored_depth4,1,0,46310,0,1,0,0.000304,0.0,0.0,4,False,True,0,0.0,1
100000008629504100,peripheral,0.0,0,0.048751,"depth=4 cutoff; in_deg=1, in_kzt=20000, out_deg=0; onward transfers unobserved",censored_depth4,1,0,20000,0,1,0,0.000303,0.0,0.0,4,False,True,0,0.0,1
100000008629581100,peripheral,0.0,2,0.052197,"in_deg=1, out_deg=0, in_kzt=54184<500000, in_tx=1, depth=2<4",single_edge_leaf,1,0,54184,0,1,0,0.000317,0.0,0.0,2,False,False,0,0.0,1
100000008631800100,peripheral,0.0,47,0.047778,"depth=4 cutoff; in_deg=1, in_kzt=12850, out_deg=0; onward transfers unobserved",censored_depth4,1,0,12850,0,1,0,0.000294,0.0,0.0,4,False,True,0,0.0,1
100000008632060100,peripheral,0.0,0,0.065001,"no rule: b=0.000546<0.002, in_deg=1, out_deg=9, in_kzt=6000, out_kzt=339200, out/in=56.53, depth=3, seed=0",below_thresholds,1,9,6000,339200,1,12,0.000289,0.000546,56.533333,3,False,False,5,0.0,10
100000008633099100,peripheral,0.0,1,0.051536,"no rule: b=0.000020<0.002, in_deg=1, out_deg=1, in_kzt=19468, out_kzt=13500, out/in=0.69, depth=3, seed=0",below_thresholds,1,1,19468,13500,1,1,0.000293,2e-05,0.693446,3,False,False,0,0.0,2
100000008634520100,peripheral,0.0,42,0.052219,"in_deg=1, out_deg=0, in_kzt=90000<500000, in_tx=1, depth=3<4",single_edge_leaf,1,0,90000,0,1,0,0.0003,0.0,0.0,3,False,False,0,0.0,1
100000008636603100,coordinator,0.883523,7,0.628898,"directed betweenness=0.003534>=0.002; in_deg=2, out_deg=6, hub_targets=2",not_peripheral,2,6,35460,159375,2,7,0.00034,0.003534,4.494501,2,False,False,2,1.0,7
100000008637537100,peripheral,0.0,42,0.075349,"no rule: b=0.000079<0.002, in_deg=3, out_deg=3, in_kzt=619890, out_kzt=2351495, out/in=3.79, depth=0, seed=1",below_thresholds,3,3,619890,2351495,22,30,0.000832,7.9e-05,3.793407,0,True,False,0,0.881584,3
100000008638859100,peripheral,0.0,43,0.052032,"depth=4 cutoff; in_deg=1, in_kzt=34000, out_deg=0; onward transfers unobserved",censored_depth4,1,0,34000,0,1,0,0.000542,0.0,0.0,4,False,True,0,0.0,1
100000008647905100,peripheral,0.0,43,0.060173,"no rule: b=0.000039<0.002, in_deg=1, out_deg=2, in_kzt=50000, out_kzt=344222, out/in=6.88, depth=2, seed=0",below_thresholds,1,2,50000,344222,1,2,0.00033,3.9e-05,6.88444,2,False,False,0,1.0,3
100000008648783100,peripheral,0.0,47,0.045935,"depth=4 cutoff; in_deg=1, in_kzt=5200, out_deg=0; onward transfers unobserved",censored_depth4,1,0,5200,0,1,0,0.00029,0.0,0.0,4,False,True,0,0.0,1
100000008649416100,peripheral,0.0,27,0.048152,"depth=4 cutoff; in_deg=1, in_kzt=5000, out_deg=0; onward transfers unobserved",censored_depth4,1,0,5000,0,1,0,0.000536,0.0,0.0,4,False,True,0,0.0,1
100000008650785100,peripheral,0.0,5,0.065666,"no rule: b=0.000023<0.002, in_deg=2, out_deg=2, in_kzt=92000, out_kzt=120120, out/in=1.31, depth=0, seed=1",below_thresholds,2,2,92000,120120,2,2,0.000615,2.3e-05,1.305652,0,True,False,0,0.61413,2
100000008652094100,peripheral,0.0,0,0.050232,"in_deg=1, out_deg=0, in_kzt=35000<500000, in_tx=1, depth=3<4",single_edge_leaf,1,0,35000,0,1,0,0.000289,0.0,0.0,3,False,False,0,0.0,1
100000008653041100,peripheral,0.0,21,0.049809,"in_deg=1, out_deg=0, in_kzt=28000<500000, in_tx=1, depth=3<4",single_edge_leaf,1,0,28000,0,1,0,0.000291,0.0,0.0,3,False,False,0,0.0,1
100000008654653100,peripheral,0.0,5,0.058579,"no rule: b=0.000000<0.002, in_deg=0, out_deg=1, in_kzt=0, out_kzt=54000, out/in=NA, depth=0, seed=1",below_thresholds,0,1,0,54000,0,1,0.000287,0.0,-1.0,0,True,False,0,-1.0,1
100000008655035100,peripheral,0.0,1,0.05312,"in_deg=1, out_deg=0, in_kzt=30000<500000, in_tx=1, depth=2<4",single_edge_leaf,1,0,30000,0,1,0,0.000543,0.0,0.0,2,False,False,0,0.0,1
100000008655779100,peripheral,0.0,15,0.056005,"no rule: b=0.000060<0.002, in_deg=1, out_deg=2, in_kzt=47000, out_kzt=24704, out/in=0.53, depth=3, seed=0",below_thresholds,1,2,47000,24704,1,2,0.000399,6e-05,0.525617,3,False,False,0,0.0,3
100000008656043100,peripheral,0.0,21,0.050552,"in_deg=1, out_deg=0, in_kzt=26200<500000, in_tx=1, depth=2<4",single_edge_leaf,1,0,26200,0,1,0,0.000296,0.0,0.0,2,False,False,0,0.0,1
100000008659445100,peripheral,0.0,9,0.086966,"no rule: b=0.000001<0.002, in_deg=3, out_deg=4, in_kzt=138490, out_kzt=875150, out/in=6.32, depth=0, seed=1",below_thresholds,3,4,138490,875150,7,18,0.002458,1e-06,6.319229,0,True,False,0,0.746624,4
100000008659950100,peripheral,0.0,42,0.054435,"in_deg=1, out_deg=0, in_kzt=246000<500000, in_tx=1, depth=3<4",single_edge_leaf,1,0,246000,0,1,0,0.000322,0.0,0.0,3,False,False,0,0.0,1
100000008661550100,peripheral,0.0,21,0.049392,"in_deg=1, out_deg=0, in_kzt=22800<500000, in_tx=1, depth=3<4",single_edge_leaf,1,0,22800,0,1,0,0.00029,0.0,0.0,3,False,False,0,0.0,1
100000008661585100,peripheral,0.0,21,0.053216,"in_deg=1, out_deg=0, in_kzt=43141<500000, in_tx=1, depth=1<4",single_edge_leaf,1,0,43141,0,1,0,0.000296,0.0,0.0,1,False,False,0,0.0,1
100000008662216100,peripheral,0.0,21,0.049674,"in_deg=1, out_deg=0, in_kzt=26200<500000, in_tx=1, depth=3<4",single_edge_leaf,1,0,26200,0,1,0,0.000291,0.0,0.0,3,False,False,0,0.0,1
100000008662805100,peripheral,0.0,21,0.048737,"in_deg=1, out_deg=0, in_kzt=16500<500000, in_tx=1, depth=3<4",single_edge_leaf,1,0,16500,0,1,0,0.000289,0.0,0.0,3,False,False,0,0.0,1
100000008663007100,peripheral,0.0,21,0.050912,"in_deg=1, out_deg=0, in_kzt=14000<500000, in_tx=1, depth=1<4",single_edge_leaf,1,0,14000,0,1,0,0.00029,0.0,0.0,1,False,False,0,0.0,1
100000008663723100,peripheral,0.0,21,0.048624,"in_deg=1, out_deg=0, in_kzt=15600<500000, in_tx=1, depth=3<4",single_edge_leaf,1,0,15600,0,1,0,0.000289,0.0,0.0,3,False,False,0,0.0,1
100000008664469100,peripheral,0.0,2,0.052089,"in_deg=1, out_deg=0, in_kzt=25000<500000, in_tx=1, depth=1<4",single_edge_leaf,1,0,25000,0,1,0,0.000292,0.0,0.0,1,False,False,0,0.0,1
100000008664774100,peripheral,0.0,21,0.048712,"in_deg=1, out_deg=0, in_kzt=16300<500000, in_tx=1, depth=3<4",single_edge_leaf,1,0,16300,0,1,0,0.000289,0.0,0.0,3,False,False,0,0.0,1
100000008665380100,peripheral,0.0,0,0.05828,"no rule: b=0.000020<0.002, in_deg=2, out_deg=1, in_kzt=69100, out_kzt=18200, out/in=0.26, depth=1, seed=0",below_thresholds,2,1,69100,18200,2,1,0.000292,2e-05,0.263386,1,False,False,0,0.263386,3
100000008666075100,peripheral,0.0,21,0.052188,"in_deg=1, out_deg=0, in_kzt=26217<500000, in_tx=1, depth=1<4",single_edge_leaf,1,0,26217,0,1,0,0.000292,0.0,0.0,1,False,False,0,0.0,1
100000008667058100,peripheral,0.0,21,0.051369,"in_deg=1, out_deg=0, in_kzt=17534<500000, in_tx=1, depth=1<4",single_edge_leaf,1,0,17534,0,1,0,0.000291,0.0,0.0,1,False,False,0,0.0,1
100000008667795100,peripheral,0.0,21,0.050205,"in_deg=1, out_deg=0, in_kzt=34000<500000, in_tx=1, depth=3<4",single_edge_leaf,1,0,34000,0,1,0,0.000292,0.0,0.0,3,False,False,0,0.0,1
100000008667799100,peripheral,0.0,21,0.050205,"in_deg=1, out_deg=0, in_kzt=34000<500000, in_tx=1, depth=3<4",single_edge_leaf,1,0,34000,0,1,0,0.000292,0.0,0.0,3,False,False,0,0.0,1
100000008668099100,peripheral,0.0,21,0.048637,"in_deg=1, out_deg=0, in_kzt=15700<500000, in_tx=1, depth=3<4",single_edge_leaf,1,0,15700,0,1,0,0.000289,0.0,0.0,3,False,False,0,0.0,1
100000008669037100,peripheral,0.0,89,0.03,"in_deg=0, out_deg=0, in_kzt=0, out_kzt=0; seed=1; no observed edge",isolate,0,0,0,0,0,0,0.0,0.0,-1.0,0,True,False,0,-1.0,0
100000008669310100,peripheral,0.0,0,0.051306,"in_deg=1, out_deg=0, in_kzt=59567<500000, in_tx=2, depth=3<4",single_edge_leaf,1,0,59567,0,2,0,0.00029,0.0,0.0,3,False,False,0,0.0,1
100000008670667100,peripheral,0.0,21,0.051123,"in_deg=1, out_deg=0, in_kzt=15534<500000, in_tx=1, depth=1<4",single_edge_leaf,1,0,15534,0,1,0,0.00029,0.0,0.0,1,False,False,0,0.0,1
100000008671026100,peripheral,0.0,21,0.051968,"in_deg=1, out_deg=0, in_kzt=23534<500000, in_tx=1, depth=1<4",single_edge_leaf,1,0,23534,0,1,0,0.000292,0.0,0.0,1,False,False,0,0.0,1
100000008671081100,peripheral,0.0,21,0.05039,"in_deg=1, out_deg=0, in_kzt=37200<500000, in_tx=1, depth=3<4",single_edge_leaf,1,0,37200,0,1,0,0.000293,0.0,0.0,3,False,False,0,0.0,1
100000008671129100,peripheral,0.0,21,0.049674,"in_deg=1, out_deg=0, in_kzt=26200<500000, in_tx=1, depth=3<4",single_edge_leaf,1,0,26200,0,1,0,0.000291,0.0,0.0,3,False,False,0,0.0,1
100000008671929100,peripheral,0.0,2,0.054375,"in_deg=1, out_deg=0, in_kzt=75000<500000, in_tx=2, depth=1<4",single_edge_leaf,1,0,75000,0,2,0,0.000302,0.0,0.0,1,False,False,0,0.0,1
100000008672162100,peripheral,0.0,21,0.051125,"in_deg=1, out_deg=0, in_kzt=15550<500000, in_tx=1, depth=1<4",single_edge_leaf,1,0,15550,0,1,0,0.00029,0.0,0.0,1,False,False,0,0.0,1
100000008672200100,peripheral,0.0,21,0.049909,"in_deg=1, out_deg=0, in_kzt=8511<500000, in_tx=1, depth=1<4",single_edge_leaf,1,0,8511,0,1,0,0.000289,0.0,0.0,1,False,False,0,0.0,1
100000008672480100,peripheral,0.0,21,0.049112,"in_deg=1, out_deg=0, in_kzt=13000<500000, in_tx=1, depth=2<4",single_edge_leaf,1,0,13000,0,1,0,0.000291,0.0,0.0,2,False,False,0,0.0,1
100000008672493100,peripheral,0.0,21,0.048405,"in_deg=1, out_deg=0, in_kzt=14000<500000, in_tx=1, depth=3<4",single_edge_leaf,1,0,14000,0,1,0,0.000289,0.0,0.0,3,False,False,0,0.0,1
100000008672603100,peripheral,0.0,2,0.050155,"in_deg=1, out_deg=0, in_kzt=21200<500000, in_tx=1, depth=2<4",single_edge_leaf,1,0,21200,0,1,0,0.000299,0.0,0.0,2,False,False,0,0.0,1
100000008672762100,peripheral,0.0,21,0.049112,"in_deg=1, out_deg=0, in_kzt=13000<500000, in_tx=1, depth=2<4",single_edge_leaf,1,0,13000,0,1,0,0.000291,0.0,0.0,2,False,False,0,0.0,1
100000008673001100,peripheral,0.0,50,0.034387,"in_deg=1, out_deg=0, in_kzt=80000<500000, in_tx=1, depth=0<4",single_edge_leaf,1,0,80000,0,1,0,0.000471,0.0,0.0,0,True,False,0,0.0,0
100000008675322100,peripheral,0.0,19,0.054567,"depth=4 cutoff; in_deg=1, in_kzt=340000, out_deg=0; onward transfers unobserved",censored_depth4,1,0,340000,0,4,0,0.000321,0.0,0.0,4,False,True,0,0.0,1
100000008676812100,peripheral,0.0,43,0.055732,"in_deg=1, out_deg=0, in_kzt=230800<500000, in_tx=1, depth=3<4",single_edge_leaf,1,0,230800,0,1,0,0.000475,0.0,0.0,3,False,False,0,0.0,1
100000008677215100,peripheral,0.0,28,0.04768,"in_deg=1, out_deg=0, in_kzt=9000<500000, in_tx=1, depth=3<4",single_edge_leaf,1,0,9000,0,1,0,0.000306,0.0,0.0,3,False,False,0,0.0,1
100000008677368100,peripheral,0.0,1,0.050136,"depth=4 cutoff; in_deg=1, in_kzt=13500, out_deg=0; onward transfers unobserved",censored_depth4,1,0,13500,0,1,0,0.000536,0.0,0.0,4,False,True,0,0.0,1
100000008677518100,peripheral,0.0,21,0.050944,"in_deg=1, out_deg=0, in_kzt=48700<500000, in_tx=1, depth=3<4",single_edge_leaf,1,0,48700,0,1,0,0.000294,0.0,0.0,3,False,False,0,0.0,1
100000008679986100,peripheral,0.0,21,0.051532,"in_deg=1, out_deg=0, in_kzt=19000<500000, in_tx=1, depth=1<4",single_edge_leaf,1,0,19000,0,1,0,0.000291,0.0,0.0,1,False,False,0,0.0,1
100000008680061100,peripheral,0.0,0,0.050279,"depth=4 cutoff; in_deg=1, in_kzt=41300, out_deg=0; onward transfers unobserved",censored_depth4,1,0,41300,0,2,0,0.000312,0.0,0.0,4,False,True,0,0.0,1
100000008680451100,peripheral,0.0,21,0.051968,"in_deg=1, out_deg=0, in_kzt=23534<500000, in_tx=1, depth=1<4",single_edge_leaf,1,0,23534,0,1,0,0.000292,0.0,0.0,1,False,False,0,0.0,1
100000008680731100,distributor,1.0,7,0.769547,"out_deg=27>=10, out_kzt=1464354>=500000; out_tx=28, seed=1",not_peripheral,0,27,0,1464354,0,28,0.000287,0.0,-1.0,0,True,False,0,-1.0,27
100000008680912100,peripheral,0.0,37,0.053077,"no rule: b=0.000000<0.002, in_deg=1, out_deg=1, in_kzt=45112, out_kzt=5991, out/in=0.13, depth=3, seed=0",below_thresholds,1,1,45112,5991,2,1,0.00054,0.0,0.132799,3,False,False,0,0.132799,1
100000008682426100,peripheral,0.0,40,0.04915,"in_deg=1, out_deg=0, in_kzt=20000<500000, in_tx=1, depth=3<4",single_edge_leaf,1,0,20000,0,1,0,0.000293,0.0,0.0,3,False,False,0,0.0,1
100000008683818100,peripheral,0.0,21,0.049707,"in_deg=1, out_deg=0, in_kzt=17400<500000, in_tx=1, depth=2<4",single_edge_leaf,1,0,17400,0,1,0,0.000293,0.0,0.0,2,False,False,0,0.0,1
100000008684452100,peripheral,0.0,21,0.051072,"in_deg=1, out_deg=0, in_kzt=51800<500000, in_tx=1, depth=3<4",single_edge_leaf,1,0,51800,0,1,0,0.000295,0.0,0.0,3,False,False,0,0.0,1
100000008684767100,peripheral,0.0,21,0.050023,"in_deg=1, out_deg=0, in_kzt=31100<500000, in_tx=1, depth=3<4",single_edge_leaf,1,0,31100,0,1,0,0.000292,0.0,0.0,3,False,False,0,0.0,1
100000008684951100,peripheral,0.0,21,0.048821,"in_deg=1, out_deg=0, in_kzt=17200<500000, in_tx=1, depth=3<4",single_edge_leaf,1,0,17200,0,1,0,0.00029,0.0,0.0,3,False,False,0,0.0,1
100000008686214100,peripheral,0.0,8,0.049656,"in_deg=1, out_deg=0, in_kzt=25000<500000, in_tx=1, depth=3<4",single_edge_leaf,1,0,25000,0,1,0,0.000299,0.0,0.0,3,False,False,0,0.0,1
100000008686234100,peripheral,0.0,0,0.053039,"in_deg=1, out_deg=0, in_kzt=39778<500000, in_tx=1, depth=1<4",single_edge_leaf,1,0,39778,0,1,0,0.000294,0.0,0.0,1,False,False,0,0.0,1
100000008686247100,peripheral,0.0,20,0.04955,"no rule: b=0.000000<0.002, in_deg=1, out_deg=1, in_kzt=22000, out_kzt=5000, out/in=0.23, depth=3, seed=0",below_thresholds,1,1,22000,5000,2,1,0.000315,0.0,0.227273,3,False,False,0,0.0,1
100000008686313100,coordinator,0.504708,0,0.726329,"directed betweenness=0.002019>=0.002; in_deg=6, out_deg=7, hub_targets=4",not_peripheral,6,7,1912716,333800,16,13,0.00047,0.002019,0.174516,1,False,False,4,0.141001,10
100000008686494100,peripheral,0.0,21,0.048637,"in_deg=1, out_deg=0, in_kzt=15700<500000, in_tx=1, depth=3<4",single_edge_leaf,1,0,15700,0,1,0,0.000289,0.0,0.0,3,False,False,0,0.0,1
100000008687492100,peripheral,0.0,21,0.049404,"in_deg=1, out_deg=0, in_kzt=15000<500000, in_tx=1, depth=2<4",single_edge_leaf,1,0,15000,0,1,0,0.000292,0.0,0.0,2,False,False,0,0.0,1
100000008687617100,peripheral,0.0,21,0.050704,"in_deg=1, out_deg=0, in_kzt=43350<500000, in_tx=2, depth=3<4",single_edge_leaf,1,0,43350,0,2,0,0.000294,0.0,0.0,3,False,False,0,0.0,1
100000008687671100,peripheral,0.0,21,0.052925,"in_deg=1, out_deg=0, in_kzt=37500<500000, in_tx=1, depth=1<4",single_edge_leaf,1,0,37500,0,1,0,0.000295,0.0,0.0,1,False,False,0,0.0,1
100000008687733100,peripheral,0.0,21,0.048497,"in_deg=1, out_deg=0, in_kzt=14650<500000, in_tx=1, depth=3<4",single_edge_leaf,1,0,14650,0,1,0,0.000289,0.0,0.0,3,False,False,0,0.0,1
100000008687990100,peripheral,0.0,21,0.048867,"in_deg=1, out_deg=0, in_kzt=17600<500000, in_tx=1, depth=3<4",single_edge_leaf,1,0,17600,0,1,0,0.00029,0.0,0.0,3,False,False,0,0.0,1
100000008688109100,peripheral,0.0,21,0.048225,"in_deg=1, out_deg=0, in_kzt=12800<500000, in_tx=1, depth=3<4",single_edge_leaf,1,0,12800,0,1,0,0.000289,0.0,0.0,3,False,False,0,0.0,1
100000008688155100,peripheral,0.0,21,0.049462,"in_deg=1, out_deg=0, in_kzt=23600<500000, in_tx=1, depth=3<4",single_edge_leaf,1,0,23600,0,1,0,0.000291,0.0,0.0,3,False,False,0,0.0,1
100000008688476100,peripheral,0.0,21,0.05037,"in_deg=1, out_deg=0, in_kzt=24000<500000, in_tx=1, depth=2<4",single_edge_leaf,1,0,24000,0,1,0,0.000295,0.0,0.0,2,False,False,0,0.0,1
100000008688881100,peripheral,0.0,21,0.051654,"in_deg=1, out_deg=0, in_kzt=44211<500000, in_tx=1, depth=2<4",single_edge_leaf,1,0,44211,0,1,0,0.000302,0.0,0.0,2,False,False,0,0.0,1
100000008690762100,peripheral,0.0,21,0.049716,"in_deg=1, out_deg=0, in_kzt=26750<500000, in_tx=1, depth=3<4",single_edge_leaf,1,0,26750,0,1,0,0.000291,0.0,0.0,3,False,False,0,0.0,1
100000008690932100,peripheral,0.0,21,0.051921,"in_deg=1, out_deg=0, in_kzt=23000<500000, in_tx=1, depth=1<4",single_edge_leaf,1,0,23000,0,1,0,0.000292,0.0,0.0,1,False,False,0,0.0,1
100000008691027100,peripheral,0.0,21,0.051369,"in_deg=1, out_deg=0, in_kzt=17534<500000, in_tx=1, depth=1<4",single_edge_leaf,1,0,17534,0,1,0,0.000291,0.0,0.0,1,False,False,0,0.0,1
100000008691168100,peripheral,0.0,21,0.05037,"in_deg=1, out_deg=0, in_kzt=24000<500000, in_tx=1, depth=2<4",single_edge_leaf,1,0,24000,0,1,0,0.000295,0.0,0.0,2,False,False,0,0.0,1
100000008691330100,peripheral,0.0,21,0.051778,"in_deg=1, out_deg=0, in_kzt=21440<500000, in_tx=1, depth=1<4",single_edge_leaf,1,0,21440,0,1,0,0.000291,0.0,0.0,1,False,False,0,0.0,1
100000008691495100,peripheral,0.0,21,0.052249,"in_deg=1, out_deg=0, in_kzt=27000<500000, in_tx=1, depth=1<4",single_edge_leaf,1,0,27000,0,1,0,0.000293,0.0,0.0,1,False,False,0,0.0,1
100000008692291100,transit,0.9375,42,0.457307,"out/in=0.97 in [0.8,1.2]; in_kzt=160000, out_kzt=156000, matched_2d=0.14",not_peripheral,3,3,160000,156000,3,3,0.000309,6.5e-05,0.975,3,False,False,0,0.14,6
100000008693069100,peripheral,0.0,21,0.051636,"in_deg=1, out_deg=0, in_kzt=20000<500000, in_tx=1, depth=1<4",single_edge_leaf,1,0,20000,0,1,0,0.000291,0.0,0.0,1,False,False,0,0.0,1
100000008695133100,peripheral,0.0,21,0.050357,"in_deg=1, out_deg=0, in_kzt=36610<500000, in_tx=1, depth=3<4",single_edge_leaf,1,0,36610,0,1,0,0.000293,0.0,0.0,3,False,False,0,0.0,1
100000008695157100,peripheral,0.0,8,0.056681,"depth=4 cutoff; in_deg=1, in_kzt=425546, out_deg=0; onward transfers unobserved",censored_depth4,1,0,425546,0,3,0,0.0005,0.0,0.0,4,False,True,0,0.0,1
100000008695495100,peripheral,0.0,21,0.051735,"in_deg=1, out_deg=0, in_kzt=21000<500000, in_tx=1, depth=1<4",single_edge_leaf,1,0,21000,0,1,0,0.000291,0.0,0.0,1,False,False,0,0.0,1
100000008695566100,peripheral,0.0,21,0.050187,"in_deg=1, out_deg=0, in_kzt=33700<500000, in_tx=1, depth=3<4",single_edge_leaf,1,0,33700,0,1,0,0.000292,0.0,0.0,3,False,False,0,0.0,1
100000008695689100,peripheral,0.0,21,0.049674,"in_deg=1, out_deg=0, in_kzt=26200<500000, in_tx=1, depth=3<4",single_edge_leaf,1,0,26200,0,1,0,0.000291,0.0,0.0,3,False,False,0,0.0,1
100000008696692100,peripheral,0.0,21,0.049888,"in_deg=1, out_deg=0, in_kzt=19000<500000, in_tx=1, depth=2<4",single_edge_leaf,1,0,19000,0,1,0,0.000293,0.0,0.0,2,False,False,0,0.0,1
100000008696919100,peripheral,0.0,21,0.052594,"in_deg=1, out_deg=0, in_kzt=31945<500000, in_tx=1, depth=1<4",single_edge_leaf,1,0,31945,0,1,0,0.000294,0.0,0.0,1,False,False,0,0.0,1
100000008697670100,peripheral,0.0,21,0.049607,"in_deg=1, out_deg=0, in_kzt=25350<500000, in_tx=1, depth=3<4",single_edge_leaf,1,0,25350,0,1,0,0.000291,0.0,0.0,3,False,False,0,0.0,1
100000008699083100,peripheral,0.0,23,0.053738,"depth=4 cutoff; in_deg=1, in_kzt=238500, out_deg=0; onward transfers unobserved",censored_depth4,1,0,238500,0,1,0,0.000308,0.0,0.0,4,False,True,0,-1.0,1
100000008701222100,peripheral,0.0,90,0.03,"in_deg=0, out_deg=0, in_kzt=0, out_kzt=0; seed=1; no observed edge",isolate,0,0,0,0,0,0,0.0,0.0,-1.0,0,True,False,0,-1.0,0
100000008701256100,peripheral,0.0,37,0.052233,"in_deg=1, out_deg=0, in_kzt=58250<500000, in_tx=1, depth=2<4",single_edge_leaf,1,0,58250,0,1,0,0.000305,0.0,0.0,2,False,False,0,0.0,1
100000008701944100,peripheral,0.0,3,0.054686,"in_deg=1, out_deg=0, in_kzt=52124<500000, in_tx=1, depth=1<4",single_edge_leaf,1,0,52124,0,1,0,0.000413,0.0,0.0,1,False,False,0,0.0,1
100000008703533100,peripheral,0.0,42,0.051328,"depth=4 cutoff; in_deg=1, in_kzt=75000, out_deg=0; onward transfers unobserved",censored_depth4,1,0,75000,0,1,0,0.000297,0.0,0.0,4,False,True,0,0.0,1
100000008706846100,peripheral,0.0,21,0.048434,"in_deg=1, out_deg=0, in_kzt=14200<500000, in_tx=1, depth=3<4",single_edge_leaf,1,0,14200,0,1,0,0.000289,0.0,0.0,3,False,False,0,0.0,1
100000008706947100,peripheral,0.0,21,0.048821,"in_deg=1, out_deg=0, in_kzt=17200<500000, in_tx=1, depth=3<4",single_edge_leaf,1,0,17200,0,1,0,0.00029,0.0,0.0,3,False,False,0,0.0,1
100000008707810100,peripheral,0.0,21,0.049674,"in_deg=1, out_deg=0, in_kzt=26200<500000, in_tx=1, depth=3<4",single_edge_leaf,1,0,26200,0,1,0,0.000291,0.0,0.0,3,False,False,0,0.0,1
100000008708025100,peripheral,0.0,15,0.047935,"in_deg=1, out_deg=0, in_kzt=10000<500000, in_tx=1, depth=3<4",single_edge_leaf,1,0,10000,0,1,0,0.000311,0.0,0.0,3,False,False,0,0.0,1
100000008708061100,peripheral,0.0,21,0.047437,"in_deg=1, out_deg=0, in_kzt=8650<500000, in_tx=1, depth=3<4",single_edge_leaf,1,0,8650,0,1,0,0.000288,0.0,0.0,3,False,False,0,0.0,1
100000008708207100,peripheral,0.0,4,0.058504,"no rule: b=0.000000<0.002, in_deg=2, out_deg=0, in_kzt=465000, out_kzt=0, out/in=0.00, depth=3, seed=0",below_thresholds,2,0,465000,0,2,0,0.000361,0.0,0.0,3,False,False,0,-1.0,2
100000008708368100,peripheral,0.0,21,0.05198,"in_deg=1, out_deg=0, in_kzt=23677<500000, in_tx=1, depth=1<4",single_edge_leaf,1,0,23677,0,1,0,0.000292,0.0,0.0,1,False,False,0,0.0,1
100000008708595100,peripheral,0.0,21,0.048821,"in_deg=1, out_deg=0, in_kzt=17200<500000, in_tx=1, depth=3<4",single_edge_leaf,1,0,17200,0,1,0,0.00029,0.0,0.0,3,False,False,0,0.0,1
100000008708743100,peripheral,0.0,21,0.048617,"in_deg=1, out_deg=0, in_kzt=15550<500000, in_tx=1, depth=3<4",single_edge_leaf,1,0,15550,0,1,0,0.000289,0.0,0.0,3,False,False,0,0.0,1
100000008710791100,distributor,1.0,4,0.724301,"out_deg=23>=10, out_kzt=5521511>=500000; out_tx=25, seed=0",not_peripheral,3,23,181510,5521511,3,25,0.000336,0.00032,30.419872,2,False,False,0,0.933888,26
100000008710843100,distributor,0.65,46,0.680726,"out_deg=13>=10, out_kzt=1985500>=500000; out_tx=14, seed=0",not_peripheral,2,13,33944,1985500,3,14,0.000294,0.001257,58.493401,2,False,False,2,0.441904,15
100000008710913100,peripheral,0.0,4,0.047909,"depth=4 cutoff; in_deg=1, in_kzt=14000, out_deg=0; onward transfers unobserved",censored_depth4,1,0,14000,0,1,0,0.000289,0.0,0.0,4,False,True,0,0.0,1
100000008712036100,peripheral,0.0,21,0.049225,"in_deg=1, out_deg=0, in_kzt=21000<500000, in_tx=1, depth=3<4",single_edge_leaf,1,0,21000,0,1,0,0.00029,0.0,0.0,3,False,False,0,0.0,1
100000008712184100,peripheral,0.0,21,0.048913,"in_deg=1, out_deg=0, in_kzt=18000<500000, in_tx=1, depth=3<4",single_edge_leaf,1,0,18000,0,1,0,0.00029,0.0,0.0,3,False,False,0,0.0,1
100000008712827100,peripheral,0.0,21,0.051872,"in_deg=1, out_deg=0, in_kzt=76000<500000, in_tx=1, depth=3<4",single_edge_leaf,1,0,76000,0,1,0,0.000299,0.0,0.0,3,False,False,0,0.0,1
100000008712991100,peripheral,0.0,21,0.051579,"in_deg=1, out_deg=0, in_kzt=66100<500000, in_tx=1, depth=3<4",single_edge_leaf,1,0,66100,0,1,0,0.000297,0.0,0.0,3,False,False,0,0.0,1
100000008713270100,peripheral,0.0,1,0.059976,"no rule: b=0.000001<0.002, in_deg=1, out_deg=3, in_kzt=30000, out_kzt=190000, out/in=6.33, depth=2, seed=0",below_thresholds,1,3,30000,190000,1,3,0.000293,1e-06,6.333333,2,False,False,0,1.0,4
100000008713685100,peripheral,0.0,21,0.050986,"in_deg=1, out_deg=0, in_kzt=49700<500000, in_tx=1, depth=3<4",single_edge_leaf,1,0,49700,0,1,0,0.000295,0.0,0.0,3,False,False,0,0.0,1
100000008714412100,peripheral,0.0,17,0.0536,"in_deg=1, out_deg=0, in_kzt=169000<500000, in_tx=1, depth=3<4",single_edge_leaf,1,0,169000,0,1,0,0.000313,0.0,0.0,3,False,False,0,0.0,1
100000008715513100,peripheral,0.0,47,0.049728,"depth=4 cutoff; in_deg=1, in_kzt=32500, out_deg=0; onward transfers unobserved",censored_depth4,1,0,32500,0,1,0,0.000304,0.0,0.0,4,False,True,0,-1.0,1
100000008715887100,peripheral,0.0,21,0.048913,"in_deg=1, out_deg=0, in_kzt=18000<500000, in_tx=1, depth=3<4",single_edge_leaf,1,0,18000,0,1,0,0.00029,0.0,0.0,3,False,False,0,0.0,1
100000008716072100,peripheral,0.0,21,0.048112,"in_deg=1, out_deg=0, in_kzt=12100<500000, in_tx=1, depth=3<4",single_edge_leaf,1,0,12100,0,1,0,0.000289,0.0,0.0,3,False,False,0,0.0,1
100000008716222100,peripheral,0.0,21,0.051422,"in_deg=1, out_deg=0, in_kzt=18000<500000, in_tx=1, depth=1<4",single_edge_leaf,1,0,18000,0,1,0,0.000291,0.0,0.0,1,False,False,0,0.0,1
100000008716439100,peripheral,0.0,21,0.050645,"in_deg=1, out_deg=0, in_kzt=12267<500000, in_tx=1, depth=1<4",single_edge_leaf,1,0,12267,0,1,0,0.000289,0.0,0.0,1,False,False,0,0.0,1
100000008716773100,peripheral,0.0,21,0.051142,"in_deg=1, out_deg=0, in_kzt=15677<500000, in_tx=1, depth=1<4",single_edge_leaf,1,0,15677,0,1,0,0.00029,0.0,0.0,1,False,False,0,0.0,1
100000008717340100,peripheral,0.0,21,0.053135,"in_deg=1, out_deg=0, in_kzt=41500<500000, in_tx=1, depth=1<4",single_edge_leaf,1,0,41500,0,1,0,0.000296,0.0,0.0,1,False,False,0,0.0,1
100000008717341100,peripheral,0.0,21,0.051001,"in_deg=1, out_deg=0, in_kzt=14627<500000, in_tx=1, depth=1<4",single_edge_leaf,1,0,14627,0,1,0,0.00029,0.0,0.0,1,False,False,0,0.0,1
100000008717375100,peripheral,0.0,2,0.050858,"in_deg=1, out_deg=0, in_kzt=29506<500000, in_tx=1, depth=2<4",single_edge_leaf,1,0,29506,0,1,0,0.000303,0.0,0.0,2,False,False,0,0.0,1
100000008717802100,peripheral,0.0,21,0.04967,"in_deg=1, out_deg=0, in_kzt=26150<500000, in_tx=1, depth=3<4",single_edge_leaf,1,0,26150,0,1,0,0.000291,0.0,0.0,3,False,False,0,0.0,1
100000008718089100,peripheral,0.0,21,0.051123,"in_deg=1, out_deg=0, in_kzt=15534<500000, in_tx=1, depth=1<4",single_edge_leaf,1,0,15534,0,1,0,0.00029,0.0,0.0,1,False,False,0,0.0,1
100000008718811100,peripheral,0.0,21,0.051796,"in_deg=1, out_deg=0, in_kzt=73300<500000, in_tx=1, depth=3<4",single_edge_leaf,1,0,73300,0,1,0,0.000298,0.0,0.0,3,False,False,0,0.0,1
100000008720668100,peripheral,0.0,21,0.048675,"in_deg=1, out_deg=0, in_kzt=16000<500000, in_tx=1, depth=3<4",single_edge_leaf,1,0,16000,0,1,0,0.000289,0.0,0.0,3,False,False,0,0.0,1
100000008720798100,peripheral,0.0,21,0.051123,"in_deg=1, out_deg=0, in_kzt=15534<500000, in_tx=1, depth=1<4",single_edge_leaf,1,0,15534,0,1,0,0.00029,0.0,0.0,1,False,False,0,0.0,1
100000008720856100,peripheral,0.0,10,0.053508,"no rule: b=0.000020<0.002, in_deg=1, out_deg=1, in_kzt=18105, out_kzt=46000, out/in=2.54, depth=3, seed=0",below_thresholds,1,1,18105,46000,1,2,0.000321,2e-05,2.540735,3,False,False,0,-1.0,2
100000008721637100,peripheral,0.0,1,0.056992,"no rule: b=0.000075<0.002, in_deg=1, out_deg=2, in_kzt=24041, out_kzt=127000, out/in=5.28, depth=3, seed=0",below_thresholds,1,2,24041,127000,1,2,0.000292,7.5e-05,5.282642,3,False,False,0,0.499147,3
100000008722328100,peripheral,0.0,21,0.05198,"in_deg=1, out_deg=0, in_kzt=23677<500000, in_tx=1, depth=1<4",single_edge_leaf,1,0,23677,0,1,0,0.000292,0.0,0.0,1,False,False,0,0.0,1
100000008722417100,peripheral,0.0,10,0.061849,"no rule: b=0.000059<0.002, in_deg=1, out_deg=3, in_kzt=331900, out_kzt=720000, out/in=2.17, depth=3, seed=0",below_thresholds,1,3,331900,720000,1,6,0.000298,5.9e-05,2.169328,3,False,False,0,0.783368,4
100000008722541100,peripheral,0.0,10,0.054781,"depth=4 cutoff; in_deg=1, in_kzt=280000, out_deg=0; onward transfers unobserved",censored_depth4,1,0,280000,0,4,0,0.000385,0.0,0.0,4,False,True,0,0.0,1
100000008723830100,transit,0.973982,5,0.468938,"out/in=0.99 in [0.8,1.2]; in_kzt=459785, out_kzt=455000, matched_2d=0.99",not_peripheral,2,1,459785,455000,2,1,0.000342,2e-05,0.989593,1,False,False,0,0.987418,3
100000008724279100,peripheral,0.0,5,0.050547,"in_deg=1, out_deg=0, in_kzt=11750<500000, in_tx=1, depth=1<4",single_edge_leaf,1,0,11750,0,1,0,0.000288,0.0,0.0,1,False,False,0,0.0,1
100000008724461100,peripheral,0.0,4,0.055314,"no rule: b=0.000023<0.002, in_deg=1, out_deg=1, in_kzt=100111, out_kzt=130000, out/in=1.30, depth=3, seed=0",below_thresholds,1,1,100111,130000,1,1,0.000292,2.3e-05,1.298559,3,False,False,0,1.0,2
100000008727982100,peripheral,0.0,49,0.051542,"depth=4 cutoff; in_deg=1, in_kzt=30000, out_deg=0; onward transfers unobserved",censored_depth4,1,0,30000,0,2,0,0.000516,0.0,0.0,4,False,True,0,-1.0,1
100000008728457100,peripheral,0.0,11,0.053279,"in_deg=1, out_deg=0, in_kzt=45000<500000, in_tx=1, depth=1<4",single_edge_leaf,1,0,45000,0,1,0,0.000294,0.0,0.0,1,False,False,0,0.0,1
100000008729597100,peripheral,0.0,8,0.052097,"in_deg=1, out_deg=0, in_kzt=83090<500000, in_tx=1, depth=3<4",single_edge_leaf,1,0,83090,0,1,0,0.000304,0.0,0.0,3,False,False,0,0.0,1
100000008729801100,peripheral,0.0,21,0.051369,"in_deg=1, out_deg=0, in_kzt=17534<500000, in_tx=1, depth=1<4",single_edge_leaf,1,0,17534,0,1,0,0.000291,0.0,0.0,1,False,False,0,0.0,1
100000008730021100,peripheral,0.0,3,0.055957,"in_deg=1, out_deg=0, in_kzt=75555<500000, in_tx=3, depth=1<4",single_edge_leaf,1,0,75555,0,3,0,0.00047,0.0,0.0,1,False,False,0,0.0,1
100000008730238100,peripheral,0.0,42,0.05465,"depth=4 cutoff; in_deg=1, in_kzt=113000, out_deg=0; onward transfers unobserved",censored_depth4,1,0,113000,0,1,0,0.000566,0.0,0.0,4,False,True,0,0.0,1
100000008730371100,terminal,0.52,0,0.538809,"in_kzt=520000>=500000; in_deg=2, out_deg=0, depth=3<4; observed endpoint",not_peripheral,2,0,520000,0,3,0,0.000862,0.0,0.0,3,False,False,0,0.0,2
100000008730846100,consolidator,0.583333,11,0.682919,"in_deg=7>=2*out_deg(3); in_kzt=155042>=100000, out_kzt=363370, out/in=2.34",not_peripheral,7,3,155042,363370,11,4,0.000538,0.000143,2.343688,2,False,False,0,1.0,10
100000008731444100,peripheral,0.0,0,0.06935,"no rule: b=0.000126<0.002, in_deg=3, out_deg=9, in_kzt=439000, out_kzt=879768, out/in=2.00, depth=2, seed=0",below_thresholds,3,9,439000,879768,5,9,0.000355,0.000126,2.004027,2,False,False,0,0.81686,12
100000008732098100,peripheral,0.0,21,0.051142,"in_deg=1, out_deg=0, in_kzt=15677<500000, in_tx=1, depth=1<4",single_edge_leaf,1,0,15677,0,1,0,0.00029,0.0,0.0,1,False,False,0,0.0,1
100000008732488100,peripheral,0.0,8,0.055631,"no rule: b=0.000020<0.002, in_deg=1, out_deg=1, in_kzt=137000, out_kzt=10000, out/in=0.07, depth=3, seed=0",below_thresholds,1,1,137000,10000,1,1,0.000315,2e-05,0.072993,3,False,False,0,0.072993,2
100000008733049100,peripheral,0.0,3,0.048577,"in_deg=1, out_deg=0, in_kzt=10000<500000, in_tx=1, depth=2<4",single_edge_leaf,1,0,10000,0,1,0,0.00029,0.0,0.0,2,False,False,0,0.0,1
100000008733194100,peripheral,0.0,12,0.067468,"no rule: b=0.000204<0.002, in_deg=4, out_deg=8, in_kzt=251424, out_kzt=159695, out/in=0.64, depth=2, seed=0",below_thresholds,4,8,251424,159695,4,8,0.000473,0.000204,0.635162,2,False,False,0,0.451906,11
100000008734279100,peripheral,0.0,8,0.04966,"depth=4 cutoff; in_deg=1, in_kzt=31650, out_deg=0; onward transfers unobserved",censored_depth4,1,0,31650,0,1,0,0.000303,0.0,0.0,4,False,True,0,0.0,1
100000008734364100,peripheral,0.0,21,0.050552,"in_deg=1, out_deg=0, in_kzt=26200<500000, in_tx=1, depth=2<4",single_edge_leaf,1,0,26200,0,1,0,0.000296,0.0,0.0,2,False,False,0,0.0,1
100000008735384100,peripheral,0.0,21,0.053018,"in_deg=1, out_deg=0, in_kzt=39220<500000, in_tx=1, depth=1<4",single_edge_leaf,1,0,39220,0,1,0,0.000295,0.0,0.0,1,False,False,0,0.0,1
100000008735802100,peripheral,0.0,0,0.053571,"depth=4 cutoff; in_deg=1, in_kzt=85000, out_deg=0; onward transfers unobserved",censored_depth4,1,0,85000,0,2,0,0.000511,0.0,0.0,4,False,True,0,0.0,1
100000008735832100,peripheral,0.0,21,0.048867,"in_deg=1, out_deg=0, in_kzt=17600<500000, in_tx=1, depth=3<4",single_edge_leaf,1,0,17600,0,1,0,0.00029,0.0,0.0,3,False,False,0,0.0,1
100000008736173100,peripheral,0.0,21,0.052536,"in_deg=1, out_deg=0, in_kzt=31060<500000, in_tx=1, depth=1<4",single_edge_leaf,1,0,31060,0,1,0,0.000293,0.0,0.0,1,False,False,0,0.0,1
100000008736394100,peripheral,0.0,21,0.049536,"in_deg=1, out_deg=0, in_kzt=16000<500000, in_tx=1, depth=2<4",single_edge_leaf,1,0,16000,0,1,0,0.000292,0.0,0.0,2,False,False,0,0.0,1
100000008736760100,peripheral,0.0,21,0.053714,"in_deg=1, out_deg=0, in_kzt=54757<500000, in_tx=1, depth=1<4",single_edge_leaf,1,0,54757,0,1,0,0.000298,0.0,0.0,1,False,False,0,0.0,1
100000008736940100,peripheral,0.0,9,0.079304,"no rule: b=0.000001<0.002, in_deg=3, out_deg=3, in_kzt=451090, out_kzt=182100, out/in=0.40, depth=1, seed=0",below_thresholds,3,3,451090,182100,13,6,0.002448,1e-06,0.403689,1,False,False,0,0.401573,3
100000008737422100,peripheral,0.0,21,0.054436,"in_deg=1, out_deg=0, in_kzt=76903<500000, in_tx=1, depth=1<4",single_edge_leaf,1,0,76903,0,1,0,0.000303,0.0,0.0,1,False,False,0,0.0,1
100000008737514100,peripheral,0.0,3,0.053071,"in_deg=1, out_deg=0, in_kzt=85000<500000, in_tx=1, depth=2<4",single_edge_leaf,1,0,85000,0,1,0,0.000314,0.0,0.0,2,False,False,0,0.0,1
100000008737958100,peripheral,0.0,21,0.056121,"no rule: b=0.000000<0.002, in_deg=2, out_deg=0, in_kzt=53373, out_kzt=0, out/in=0.00, depth=1, seed=0",below_thresholds,2,0,53373,0,2,0,0.000301,0.0,0.0,1,False,False,0,0.0,2
100000008738325100,peripheral,0.0,50,0.060852,"no rule: b=0.000000<0.002, in_deg=1, out_deg=1, in_kzt=36550, out_kzt=54000, out/in=1.48, depth=0, seed=1",below_thresholds,1,1,36550,54000,1,1,0.000531,0.0,1.477428,0,True,False,0,0.0,1
100000008738526100,peripheral,0.0,46,0.055431,"no rule: b=0.000022<0.002, in_deg=1, out_deg=1, in_kzt=15000, out_kzt=140000, out/in=9.33, depth=3, seed=0",below_thresholds,1,1,15000,140000,1,1,0.000289,2.2e-05,9.333333,3,False,False,0,0.0,2
100000008738658100,peripheral,0.0,21,0.049944,"in_deg=1, out_deg=0, in_kzt=29920<500000, in_tx=1, depth=3<4",single_edge_leaf,1,0,29920,0,1,0,0.000292,0.0,0.0,3,False,False,0,0.0,1
100000008739887100,peripheral,0.0,8,0.060493,"no rule: b=0.000039<0.002, in_deg=2, out_deg=2, in_kzt=214000, out_kzt=307000, out/in=1.43, depth=3, seed=0",below_thresholds,2,2,214000,307000,3,2,0.000335,3.9e-05,1.434579,3,False,False,0,0.341121,4
100000008740295100,peripheral,0.0,4,0.05437,"depth=4 cutoff; in_deg=1, in_kzt=300000, out_deg=0; onward transfers unobserved",censored_depth4,1,0,300000,0,1,0,0.000326,0.0,0.0,4,False,True,0,0.0,1
100000008740793100,peripheral,0.0,21,0.049225,"in_deg=1, out_deg=0, in_kzt=21000<500000, in_tx=1, depth=3<4",single_edge_leaf,1,0,21000,0,1,0,0.00029,0.0,0.0,3,False,False,0,0.0,1
100000008741372100,peripheral,0.0,21,0.052839,"in_deg=1, out_deg=0, in_kzt=35975<500000, in_tx=1, depth=1<4",single_edge_leaf,1,0,35975,0,1,0,0.000294,0.0,0.0,1,False,False,0,0.0,1
100000008742053100,distributor,0.6,23,0.671051,"out_deg=12>=10, out_kzt=2789000>=500000; out_tx=12, seed=0",not_peripheral,1,12,10000,2789000,1,12,0.000288,0.000123,278.9,3,False,False,0,0.0,13
100000008742266100,peripheral,0.0,21,0.050094,"in_deg=1, out_deg=0, in_kzt=21000<500000, in_tx=1, depth=2<4",single_edge_leaf,1,0,21000,0,1,0,0.000294,0.0,0.0,2,False,False,0,0.0,1
100000008743913100,distributor,0.65,46,0.686335,"out_deg=13>=10, out_kzt=1850600>=500000; out_tx=13, seed=0",not_peripheral,3,13,149300,1850600,3,13,0.000334,0.000311,12.395177,2,False,False,0,0.939719,16
100000008744364100,peripheral,0.0,21,0.04947,"in_deg=1, out_deg=0, in_kzt=23700<500000, in_tx=1, depth=3<4",single_edge_leaf,1,0,23700,0,1,0,0.000291,0.0,0.0,3,False,False,0,0.0,1
100000008744799100,peripheral,0.0,21,0.048193,"in_deg=1, out_deg=0, in_kzt=12600<500000, in_tx=1, depth=3<4",single_edge_leaf,1,0,12600,0,1,0,0.000289,0.0,0.0,3,False,False,0,0.0,1
100000008744849100,peripheral,0.0,21,0.053278,"in_deg=1, out_deg=0, in_kzt=44445<500000, in_tx=1, depth=1<4",single_edge_leaf,1,0,44445,0,1,0,0.000296,0.0,0.0,1,False,False,0,0.0,1
100000008745474100,peripheral,0.0,21,0.053087,"in_deg=1, out_deg=0, in_kzt=40559<500000, in_tx=1, depth=1<4",single_edge_leaf,1,0,40559,0,1,0,0.000295,0.0,0.0,1,False,False,0,0.0,1
100000008745489100,peripheral,0.0,21,0.053744,"in_deg=1, out_deg=0, in_kzt=55539<500000, in_tx=1, depth=1<4",single_edge_leaf,1,0,55539,0,1,0,0.000299,0.0,0.0,1,False,False,0,0.0,1
100000008745643100,peripheral,0.0,21,0.051668,"in_deg=1, out_deg=0, in_kzt=20313<500000, in_tx=1, depth=1<4",single_edge_leaf,1,0,20313,0,1,0,0.000291,0.0,0.0,1,False,False,0,0.0,1
100000008745676100,peripheral,0.0,21,0.051977,"depth=4 cutoff; in_deg=1, in_kzt=34547, out_deg=0; onward transfers unobserved",censored_depth4,1,0,34547,0,1,0,0.000533,0.0,0.0,4,False,True,0,0.0,1
100000008745725100,peripheral,0.0,21,0.053397,"in_deg=1, out_deg=0, in_kzt=47060<500000, in_tx=1, depth=1<4",single_edge_leaf,1,0,47060,0,1,0,0.000297,0.0,0.0,1,False,False,0,0.0,1
100000008745863100,peripheral,0.0,21,0.0494,"in_deg=1, out_deg=0, in_kzt=22900<500000, in_tx=1, depth=3<4",single_edge_leaf,1,0,22900,0,1,0,0.00029,0.0,0.0,3,False,False,0,0.0,1
100000008745884100,peripheral,0.0,21,0.049126,"in_deg=1, out_deg=0, in_kzt=20000<500000, in_tx=1, depth=3<4",single_edge_leaf,1,0,20000,0,1,0,0.00029,0.0,0.0,3,False,False,0,0.0,1
100000008746025100,peripheral,0.0,21,0.05183,"in_deg=1, out_deg=0, in_kzt=22000<500000, in_tx=1, depth=1<4",single_edge_leaf,1,0,22000,0,1,0,0.000291,0.0,0.0,1,False,False,0,0.0,1
100000008746449100,distributor,0.5,4,0.64305,"out_deg=10>=10, out_kzt=1009000>=500000; out_tx=10, seed=0",not_peripheral,1,10,10000,1009000,1,10,0.000288,0.000169,100.9,3,False,False,0,0.0,11
100000008746673100,peripheral,0.0,21,0.053648,"in_deg=1, out_deg=0, in_kzt=53048<500000, in_tx=1, depth=1<4",single_edge_leaf,1,0,53048,0,1,0,0.000298,0.0,0.0,1,False,False,0,0.0,1
100000008747113100,peripheral,0.0,10,0.058809,"no rule: b=0.000000<0.002, in_deg=2, out_deg=0, in_kzt=197801, out_kzt=0, out/in=0.00, depth=1, seed=0",below_thresholds,2,0,197801,0,2,0,0.000309,0.0,0.0,1,False,False,0,0.0,2
100000008748408100,distributor,1.0,1,0.715594,"out_deg=21>=10, out_kzt=1499960>=500000; out_tx=22, seed=0",not_peripheral,1,21,360000,1499960,2,22,0.000336,7e-06,4.166556,1,False,False,0,1.0,22
100000008748795100,peripheral,0.0,0,0.050829,"in_deg=1, out_deg=0, in_kzt=47057<500000, in_tx=1, depth=3<4",single_edge_leaf,1,0,47057,0,1,0,0.00029,0.0,0.0,3,False,False,0,0.0,1
100000008748914100,distributor,0.65,2,0.747189,"out_deg=13>=10, out_kzt=4471847>=500000; out_tx=21, seed=0",not_peripheral,2,13,180000,4471847,9,21,0.000794,0.000652,24.843594,1,False,False,6,1.0,14
100000008749063100,peripheral,0.0,21,0.051532,"in_deg=1, out_deg=0, in_kzt=19000<500000, in_tx=1, depth=1<4",single_edge_leaf,1,0,19000,0,1,0,0.000291,0.0,0.0,1,False,False,0,0.0,1
100000008749405100,peripheral,0.0,21,0.050387,"in_deg=1, out_deg=0, in_kzt=37150<500000, in_tx=1, depth=3<4",single_edge_leaf,1,0,37150,0,1,0,0.000293,0.0,0.0,3,False,False,0,0.0,1
100000008749406100,peripheral,0.0,21,0.051323,"in_deg=1, out_deg=0, in_kzt=17144<500000, in_tx=1, depth=1<4",single_edge_leaf,1,0,17144,0,1,0,0.00029,0.0,0.0,1,False,False,0,0.0,1
100000008749618100,peripheral,0.0,21,0.053407,"in_deg=1, out_deg=0, in_kzt=47280<500000, in_tx=1, depth=1<4",single_edge_leaf,1,0,47280,0,1,0,0.000297,0.0,0.0,1,False,False,0,0.0,1
100000008749900100,peripheral,0.0,21,0.048815,"in_deg=1, out_deg=0, in_kzt=17150<500000, in_tx=1, depth=3<4",single_edge_leaf,1,0,17150,0,1,0,0.00029,0.0,0.0,3,False,False,0,0.0,1
100000008749989100,peripheral,0.0,21,0.049536,"in_deg=1, out_deg=0, in_kzt=16000<500000, in_tx=1, depth=2<4",single_edge_leaf,1,0,16000,0,1,0,0.000292,0.0,0.0,2,False,False,0,0.0,1
100000008750464100,peripheral,0.0,21,0.047402,"in_deg=1, out_deg=0, in_kzt=8500<500000, in_tx=1, depth=3<4",single_edge_leaf,1,0,8500,0,1,0,0.000288,0.0,0.0,3,False,False,0,0.0,1
100000008751349100,peripheral,0.0,14,0.048042,"in_deg=1, out_deg=0, in_kzt=11630<500000, in_tx=1, depth=3<4",single_edge_leaf,1,0,11630,0,1,0,0.00029,0.0,0.0,3,False,False,0,0.0,1
100000008751380100,peripheral,0.0,4,0.057473,"no rule: b=0.000000<0.002, in_deg=2, out_deg=0, in_kzt=345780, out_kzt=0, out/in=0.00, depth=3, seed=0",below_thresholds,2,0,345780,0,2,0,0.000314,0.0,0.0,3,False,False,0,0.0,2
100000008751429100,consolidator,0.5,9,0.731954,"in_deg=3>=2*out_deg(1); in_kzt=386200>=100000, out_kzt=72600, out/in=0.19",not_peripheral,3,1,386200,72600,6,2,0.001525,0.0,0.187985,1,False,False,0,0.187985,3
100000008752616100,peripheral,0.0,4,0.068124,"no rule: b=0.000141<0.002, in_deg=2, out_deg=7, in_kzt=64510, out_kzt=1265000, out/in=19.61, depth=2, seed=0",below_thresholds,2,7,64510,1265000,2,7,0.000314,0.000141,19.609363,2,False,False,0,0.844985,9
100000008753061100,peripheral,0.0,21,0.049838,"in_deg=1, out_deg=0, in_kzt=28400<500000, in_tx=2, depth=3<4",single_edge_leaf,1,0,28400,0,2,0,0.000291,0.0,0.0,3,False,False,0,0.0,1
100000008753193100,peripheral,0.0,21,0.052796,"in_deg=1, out_deg=0, in_kzt=35225<500000, in_tx=1, depth=1<4",single_edge_leaf,1,0,35225,0,1,0,0.000294,0.0,0.0,1,False,False,0,0.0,1
100000008753897100,peripheral,0.0,21,0.0495,"in_deg=1, out_deg=0, in_kzt=24050<500000, in_tx=1, depth=3<4",single_edge_leaf,1,0,24050,0,1,0,0.000291,0.0,0.0,3,False,False,0,0.0,1
100000008754608100,peripheral,0.0,21,0.048145,"in_deg=1, out_deg=0, in_kzt=12300<500000, in_tx=1, depth=3<4",single_edge_leaf,1,0,12300,0,1,0,0.000289,0.0,0.0,3,False,False,0,-1.0,1
100000008754747100,peripheral,0.0,21,0.050804,"in_deg=1, out_deg=0, in_kzt=45500<500000, in_tx=1, depth=3<4",single_edge_leaf,1,0,45500,0,1,0,0.000294,0.0,0.0,3,False,False,0,0.0,1
100000008754997100,peripheral,0.0,21,0.048913,"in_deg=1, out_deg=0, in_kzt=18000<500000, in_tx=1, depth=3<4",single_edge_leaf,1,0,18000,0,1,0,0.00029,0.0,0.0,3,False,False,0,0.0,1
100000008755168100,peripheral,0.0,21,0.048867,"in_deg=1, out_deg=0, in_kzt=17600<500000, in_tx=1, depth=3<4",single_edge_leaf,1,0,17600,0,1,0,0.00029,0.0,0.0,3,False,False,0,0.0,1
100000008755361100,peripheral,0.0,21,0.051001,"in_deg=1, out_deg=0, in_kzt=14627<500000, in_tx=1, depth=1<4",single_edge_leaf,1,0,14627,0,1,0,0.00029,0.0,0.0,1,False,False,0,0.0,1
100000008755580100,peripheral,0.0,21,0.048675,"in_deg=1, out_deg=0, in_kzt=16000<500000, in_tx=1, depth=3<4",single_edge_leaf,1,0,16000,0,1,0,0.000289,0.0,0.0,3,False,False,0,0.0,1
100000008755754100,peripheral,0.0,23,0.047098,"in_deg=1, out_deg=0, in_kzt=7000<500000, in_tx=1, depth=3<4",single_edge_leaf,1,0,7000,0,1,0,0.000297,0.0,0.0,3,False,False,0,0.0,1
100000008757301100,peripheral,0.0,0,0.053027,"depth=4 cutoff; in_deg=1, in_kzt=58398, out_deg=0; onward transfers unobserved",censored_depth4,1,0,58398,0,3,0,0.000533,0.0,0.0,4,False,True,0,0.0,1
100000008757369100,peripheral,0.0,0,0.05369,"no rule: b=0.000020<0.002, in_deg=1, out_deg=1, in_kzt=25961, out_kzt=58398, out/in=2.25, depth=3, seed=0",below_thresholds,1,1,25961,58398,1,3,0.000289,2e-05,2.249451,3,False,False,0,1.0,2
100000008758106100,peripheral,0.0,4,0.047226,"depth=4 cutoff; in_deg=1, in_kzt=10000, out_deg=0; onward transfers unobserved",censored_depth4,1,0,10000,0,1,0,0.000288,0.0,0.0,4,False,True,0,0.0,1
100000008758168100,peripheral,0.0,46,0.067218,"no rule: b=0.000057<0.002, in_deg=2, out_deg=5, in_kzt=75410, out_kzt=1533600, out/in=20.34, depth=2, seed=0",below_thresholds,2,5,75410,1533600,2,5,0.00032,5.7e-05,20.336825,2,False,False,0,0.0,7
100000008758607100,peripheral,0.0,4,0.045837,"depth=4 cutoff; in_deg=1, in_kzt=5000, out_deg=0; onward transfers unobserved",censored_depth4,1,0,5000,0,1,0,0.000288,0.0,0.0,4,False,True,0,0.0,1
100000008759795100,peripheral,0.0,47,0.048358,"depth=4 cutoff; in_deg=1, in_kzt=17000, out_deg=0; onward transfers unobserved",censored_depth4,1,0,17000,0,1,0,0.000296,0.0,0.0,4,False,True,0,0.0,1
100000008759857100,peripheral,0.0,46,0.061059,"no rule: b=0.000007<0.002, in_deg=1, out_deg=2, in_kzt=5000, out_kzt=994000, out/in=198.80, depth=3, seed=0",below_thresholds,1,2,5000,994000,1,3,0.000288,7e-06,198.8,3,False,False,0,0.0,3
100000008760098100,peripheral,0.0,46,0.057468,"no rule: b=0.000007<0.002, in_deg=1, out_deg=1, in_kzt=7000, out_kzt=390000, out/in=55.71, depth=3, seed=0",below_thresholds,1,1,7000,390000,1,1,0.000288,7e-06,55.714286,3,False,False,0,0.0,2
100000008761132100,peripheral,0.0,4,0.047226,"depth=4 cutoff; in_deg=1, in_kzt=10000, out_deg=0; onward transfers unobserved",censored_depth4,1,0,10000,0,1,0,0.000288,0.0,0.0,4,False,True,0,0.0,1
100000008761219100,peripheral,0.0,60,0.060514,"no rule: b=0.000042<0.002, in_deg=2, out_deg=2, in_kzt=50000, out_kzt=375000, out/in=7.50, depth=3, seed=0",below_thresholds,2,2,50000,375000,2,2,0.000294,4.2e-05,7.5,3,False,False,0,0.7,4
100000008761220100,peripheral,0.0,4,0.047226,"depth=4 cutoff; in_deg=1, in_kzt=10000, out_deg=0; onward transfers unobserved",censored_depth4,1,0,10000,0,1,0,0.000288,0.0,0.0,4,False,True,0,0.0,1
100000008762005100,peripheral,0.0,4,0.045842,"depth=4 cutoff; in_deg=1, in_kzt=5000, out_deg=0; onward transfers unobserved",censored_depth4,1,0,5000,0,1,0,0.000288,0.0,0.0,4,False,True,0,0.0,1
100000008762728100,peripheral,0.0,5,0.049909,"in_deg=1, out_deg=0, in_kzt=17026<500000, in_tx=1, depth=2<4",single_edge_leaf,1,0,17026,0,1,0,0.000319,0.0,0.0,2,False,False,0,0.0,1
100000008762832100,peripheral,0.0,2,0.054162,"no rule: b=0.000000<0.002, in_deg=1, out_deg=1, in_kzt=150000, out_kzt=85000, out/in=0.57, depth=2, seed=0",below_thresholds,1,1,150000,85000,1,4,0.00031,0.0,0.566667,2,False,False,1,-1.0,1
100000008762843100,peripheral,0.0,4,0.046518,"depth=4 cutoff; in_deg=1, in_kzt=7000, out_deg=0; onward transfers unobserved",censored_depth4,1,0,7000,0,1,0,0.000289,0.0,0.0,4,False,True,0,0.0,1
100000008762885100,peripheral,0.0,4,0.046518,"depth=4 cutoff; in_deg=1, in_kzt=7000, out_deg=0; onward transfers unobserved",censored_depth4,1,0,7000,0,1,0,0.000289,0.0,0.0,4,False,True,0,0.0,1
100000008763688100,peripheral,0.0,21,0.049225,"in_deg=1, out_deg=0, in_kzt=21000<500000, in_tx=1, depth=3<4",single_edge_leaf,1,0,21000,0,1,0,0.00029,0.0,0.0,3,False,False,0,0.0,1
100000008764436100,peripheral,0.0,21,0.049127,"in_deg=1, out_deg=0, in_kzt=13100<500000, in_tx=1, depth=2<4",single_edge_leaf,1,0,13100,0,1,0,0.000291,0.0,0.0,2,False,False,0,0.0,1
100000008764654100,peripheral,0.0,21,0.04967,"in_deg=1, out_deg=0, in_kzt=26150<500000, in_tx=1, depth=3<4",single_edge_leaf,1,0,26150,0,1,0,0.000291,0.0,0.0,3,False,False,0,0.0,1
100000008765494100,peripheral,0.0,21,0.05037,"in_deg=1, out_deg=0, in_kzt=24000<500000, in_tx=1, depth=2<4",single_edge_leaf,1,0,24000,0,1,0,0.000295,0.0,0.0,2,False,False,0,0.0,1
100000008765627100,peripheral,0.0,1,0.052229,"in_deg=1, out_deg=0, in_kzt=60000<500000, in_tx=1, depth=2<4",single_edge_leaf,1,0,60000,0,1,0,0.000298,0.0,0.0,2,False,False,0,0.0,1
100000008766031100,peripheral,0.0,4,0.045839,"depth=4 cutoff; in_deg=1, in_kzt=5000, out_deg=0; onward transfers unobserved",censored_depth4,1,0,5000,0,1,0,0.000288,0.0,0.0,4,False,True,0,0.0,1
100000008766764100,peripheral,0.0,4,0.045837,"depth=4 cutoff; in_deg=1, in_kzt=5000, out_deg=0; onward transfers unobserved",censored_depth4,1,0,5000,0,1,0,0.000288,0.0,0.0,4,False,True,0,0.0,1
100000008767027100,peripheral,0.0,46,0.046338,"in_deg=1, out_deg=0, in_kzt=5000<500000, in_tx=1, depth=3<4",single_edge_leaf,1,0,5000,0,1,0,0.000288,0.0,0.0,3,False,False,0,0.0,1
100000008767065100,peripheral,0.0,46,0.047728,"in_deg=1, out_deg=0, in_kzt=10000<500000, in_tx=1, depth=3<4",single_edge_leaf,1,0,10000,0,1,0,0.000288,0.0,0.0,3,False,False,0,0.0,1
100000008767925100,peripheral,0.0,21,0.051323,"in_deg=1, out_deg=0, in_kzt=17144<500000, in_tx=1, depth=1<4",single_edge_leaf,1,0,17144,0,1,0,0.00029,0.0,0.0,1,False,False,0,0.0,1
100000008767950100,peripheral,0.0,21,0.048838,"in_deg=1, out_deg=0, in_kzt=17350<500000, in_tx=1, depth=3<4",single_edge_leaf,1,0,17350,0,1,0,0.00029,0.0,0.0,3,False,False,0,0.0,1
100000008768896100,peripheral,0.0,21,0.053397,"in_deg=1, out_deg=0, in_kzt=47060<500000, in_tx=1, depth=1<4",single_edge_leaf,1,0,47060,0,1,0,0.000297,0.0,0.0,1,False,False,0,0.0,1
100000008769097100,peripheral,0.0,21,0.050023,"in_deg=1, out_deg=0, in_kzt=31100<500000, in_tx=1, depth=3<4",single_edge_leaf,1,0,31100,0,1,0,0.000292,0.0,0.0,3,False,False,0,0.0,1
100000008769636100,peripheral,0.0,21,0.051931,"in_deg=1, out_deg=0, in_kzt=23118<500000, in_tx=1, depth=1<4",single_edge_leaf,1,0,23118,0,1,0,0.000292,0.0,0.0,1,False,False,0,0.0,1
100000008770483100,peripheral,0.0,60,0.045861,"depth=4 cutoff; in_deg=1, in_kzt=5000, out_deg=0; onward transfers unobserved",censored_depth4,1,0,5000,0,1,0,0.00029,0.0,0.0,4,False,True,0,0.0,1
100000008771627100,peripheral,0.0,21,0.049599,"in_deg=1, out_deg=0, in_kzt=16500<500000, in_tx=1, depth=2<4",single_edge_leaf,1,0,16500,0,1,0,0.000292,0.0,0.0,2,False,False,0,0.0,1
100000008771814100,peripheral,0.0,21,0.050344,"in_deg=1, out_deg=0, in_kzt=23700<500000, in_tx=1, depth=2<4",single_edge_leaf,1,0,23700,0,1,0,0.000295,0.0,0.0,2,False,False,0,0.0,1
100000008771819100,peripheral,0.0,21,0.053001,"in_deg=1, out_deg=0, in_kzt=38900<500000, in_tx=1, depth=1<4",single_edge_leaf,1,0,38900,0,1,0,0.000295,0.0,0.0,1,False,False,0,0.0,1
100000008772058100,peripheral,0.0,21,0.051918,"in_deg=1, out_deg=0, in_kzt=50000<500000, in_tx=1, depth=2<4",single_edge_leaf,1,0,50000,0,1,0,0.000304,0.0,0.0,2,False,False,0,0.0,1
100000008772246100,peripheral,0.0,21,0.050758,"in_deg=1, out_deg=0, in_kzt=44500<500000, in_tx=1, depth=3<4",single_edge_leaf,1,0,44500,0,1,0,0.000294,0.0,0.0,3,False,False,0,0.0,1
100000008773876100,peripheral,0.0,21,0.052181,"in_deg=1, out_deg=0, in_kzt=26120<500000, in_tx=1, depth=1<4",single_edge_leaf,1,0,26120,0,1,0,0.000292,0.0,0.0,1,False,False,0,0.0,1
100000008774237100,peripheral,0.0,33,0.054424,"no rule: b=0.000000<0.002, in_deg=1, out_deg=1, in_kzt=50000, out_kzt=10000, out/in=0.20, depth=2, seed=0",below_thresholds,1,1,50000,10000,1,1,0.000312,0.0,0.2,2,False,False,0,0.2,2
100000008775471100,terminal,0.58,46,0.480232,"in_kzt=580000>=500000; in_deg=1, out_deg=0, depth=3<4; observed endpoint",not_peripheral,1,0,580000,0,2,0,0.00036,0.0,0.0,3,False,False,0,-1.0,1
100000008775747100,peripheral,0.0,4,0.045837,"depth=4 cutoff; in_deg=1, in_kzt=5000, out_deg=0; onward transfers unobserved",censored_depth4,1,0,5000,0,1,0,0.000288,0.0,0.0,4,False,True,0,-1.0,1
100000008776298100,peripheral,0.0,21,0.053199,"in_deg=1, out_deg=0, in_kzt=42800<500000, in_tx=1, depth=1<4",single_edge_leaf,1,0,42800,0,1,0,0.000296,0.0,0.0,1,False,False,0,-1.0,1
100000008776310100,peripheral,0.0,21,0.049043,"in_deg=1, out_deg=0, in_kzt=19200<500000, in_tx=1, depth=3<4",single_edge_leaf,1,0,19200,0,1,0,0.00029,0.0,0.0,3,False,False,0,-1.0,1
100000008776420100,peripheral,0.0,21,0.051684,"in_deg=1, out_deg=0, in_kzt=69500<500000, in_tx=1, depth=3<4",single_edge_leaf,1,0,69500,0,1,0,0.000298,0.0,0.0,3,False,False,0,-1.0,1
100000008776576100,peripheral,0.0,21,0.05102,"in_deg=1, out_deg=0, in_kzt=14765<500000, in_tx=1, depth=1<4",single_edge_leaf,1,0,14765,0,1,0,0.00029,0.0,0.0,1,False,False,0,-1.0,1
100000008776720100,peripheral,0.0,21,0.04967,"in_deg=1, out_deg=0, in_kzt=26150<500000, in_tx=1, depth=3<4",single_edge_leaf,1,0,26150,0,1,0,0.000291,0.0,0.0,3,False,False,0,-1.0,1
100000008777088100,peripheral,0.0,21,0.051422,"in_deg=1, out_deg=0, in_kzt=18000<500000, in_tx=1, depth=1<4",single_edge_leaf,1,0,18000,0,1,0,0.000291,0.0,0.0,1,False,False,0,-1.0,1
100000008778010100,peripheral,0.0,21,0.053569,"depth=4 cutoff; in_deg=1, in_kzt=76950, out_deg=0; onward transfers unobserved",censored_depth4,1,0,76950,0,2,0,0.000532,0.0,0.0,4,False,True,0,-1.0,1
100000008778753100,peripheral,0.0,13,0.047294,"depth=4 cutoff; in_deg=1, in_kzt=10000, out_deg=0; onward transfers unobserved",censored_depth4,1,0,10000,0,1,0,0.000295,0.0,0.0,4,False,True,0,-1.0,1
100000008779584100,peripheral,0.0,21,0.052559,"in_deg=1, out_deg=0, in_kzt=31400<500000, in_tx=1, depth=1<4",single_edge_leaf,1,0,31400,0,1,0,0.000293,0.0,0.0,1,False,False,0,-1.0,1
100000008782056100,peripheral,0.0,21,0.052401,"in_deg=1, out_deg=0, in_kzt=29082<500000, in_tx=1, depth=1<4",single_edge_leaf,1,0,29082,0,1,0,0.000293,0.0,0.0,1,False,False,0,-1.0,1
100000008782421100,peripheral,0.0,21,0.05351,"in_deg=1, out_deg=0, in_kzt=49680<500000, in_tx=1, depth=1<4",single_edge_leaf,1,0,49680,0,1,0,0.000297,0.0,0.0,1,False,False,0,-1.0,1
100000008782800100,peripheral,0.0,21,0.053227,"in_deg=1, out_deg=0, in_kzt=43381<500000, in_tx=1, depth=1<4",single_edge_leaf,1,0,43381,0,1,0,0.000296,0.0,0.0,1,False,False,0,-1.0,1
